Time,dt_sound_level_dB
2022-08-01 00:00:00,56.0
2022-08-01 00:01:00,56.0
2022-08-01 00:02:00,56.0
2022-08-01 00:03:00,56.0
2022-08-01 00:04:00,56.0
2022-08-01 00:05:00,57.0
2022-08-01 00:06:00,56.0
2022-08-01 00:07:00,56.0
2022-08-01 00:08:00,56.0
2022-08-01 00:09:00,58.0
2022-08-01 00:10:00,55.0
2022-08-01 00:11:00,57.0
2022-08-01 00:12:00,56.0
2022-08-01 00:13:00,56.0
2022-08-01 00:14:00,54.0
2022-08-01 00:15:00,56.0
2022-08-01 00:16:00,57.0
2022-08-01 00:17:00,54.0
2022-08-01 00:18:00,56.0
2022-08-01 00:19:00,56.0
2022-08-01 00:20:00,53.0
2022-08-01 00:21:00,48.0
2022-08-01 00:22:00,49.0
2022-08-01 00:23:00,55.0
2022-08-01 00:24:00,54.0
2022-08-01 00:25:00,54.0
2022-08-01 00:26:00,53.0
2022-08-01 00:27:00,51.0
2022-08-01 00:28:00,50.0
2022-08-01 00:29:00,53.0
2022-08-01 00:30:00,51.0
2022-08-01 00:31:00,54.0
2022-08-01 00:32:00,50.0
2022-08-01 00:33:00,52.0
2022-08-01 00:34:00,50.0
2022-08-01 00:35:00,50.0
2022-08-01 00:36:00,50.0
2022-08-01 00:37:00,52.0
2022-08-01 00:38:00,55.0
2022-08-01 00:39:00,52.0
2022-08-01 00:40:00,54.0
2022-08-01 00:41:00,53.0
2022-08-01 00:42:00,54.0
2022-08-01 00:43:00,51.0
2022-08-01 00:44:00,52.0
2022-08-01 00:45:00,51.0
2022-08-01 00:46:00,51.0
2022-08-01 00:47:00,57.0
2022-08-01 00:48:00,53.0
2022-08-01 00:49:00,56.0
2022-08-01 00:50:00,53.0
2022-08-01 00:51:00,53.0
2022-08-01 00:52:00,53.0
2022-08-01 00:53:00,53.0
2022-08-01 00:54:00,52.0
2022-08-01 00:55:00,54.0
2022-08-01 00:56:00,52.0
2022-08-01 00:57:00,49.0
2022-08-01 00:58:00,52.0
2022-08-01 00:59:00,55.0
2022-08-01 01:00:00,52.0
2022-08-01 01:01:00,55.0
2022-08-01 01:02:00,52.0
2022-08-01 01:03:00,52.0
2022-08-01 01:04:00,54.0
2022-08-01 01:05:00,54.0
2022-08-01 01:06:00,53.0
2022-08-01 01:07:00,55.0
2022-08-01 01:08:00,50.0
2022-08-01 01:09:00,51.0
2022-08-01 01:10:00,53.0
2022-08-01 01:11:00,52.0
2022-08-01 01:12:00,56.0
2022-08-01 01:13:00,52.0
2022-08-01 01:14:00,54.0
2022-08-01 01:15:00,54.0
2022-08-01 01:16:00,54.0
2022-08-01 01:17:00,54.0
2022-08-01 01:18:00,54.0
2022-08-01 01:19:00,56.0
2022-08-01 01:20:00,53.0
2022-08-01 01:21:00,54.0
2022-08-01 01:22:00,54.0
2022-08-01 01:23:00,56.0
2022-08-01 01:24:00,56.0
2022-08-01 01:25:00,54.0
2022-08-01 01:26:00,54.0
2022-08-01 01:27:00,54.0
2022-08-01 01:28:00,58.0
2022-08-01 01:29:00,56.0
2022-08-01 01:30:00,54.0
2022-08-01 01:31:00,54.0
2022-08-01 01:32:00,56.0
2022-08-01 01:33:00,56.0
2022-08-01 01:34:00,55.0
2022-08-01 01:35:00,54.0
2022-08-01 01:36:00,52.0
2022-08-01 01:37:00,52.0
2022-08-01 01:38:00,54.0
2022-08-01 01:39:00,52.0
2022-08-01 01:40:00,52.0
2022-08-01 01:41:00,54.0
2022-08-01 01:42:00,52.0
2022-08-01 01:43:00,50.0
2022-08-01 01:44:00,50.0
2022-08-01 01:45:00,53.0
2022-08-01 01:46:00,50.0
2022-08-01 01:47:00,52.0
2022-08-01 01:48:00,52.0
2022-08-01 01:49:00,50.0
2022-08-01 01:50:00,48.0
2022-08-01 01:51:00,51.0
2022-08-01 01:52:00,52.0
2022-08-01 01:53:00,52.0
2022-08-01 01:54:00,52.0
2022-08-01 01:55:00,55.0
2022-08-01 01:56:00,51.0
2022-08-01 01:57:00,50.0
2022-08-01 01:58:00,51.0
2022-08-01 01:59:00,50.0
2022-08-01 02:00:00,54.0
2022-08-01 02:01:00,53.0
2022-08-01 02:02:00,53.0
2022-08-01 02:03:00,54.0
2022-08-01 02:04:00,54.0
2022-08-01 02:05:00,54.0
2022-08-01 02:06:00,52.0
2022-08-01 02:07:00,52.0
2022-08-01 02:08:00,52.0
2022-08-01 02:09:00,52.0
2022-08-01 02:10:00,56.0
2022-08-01 02:11:00,51.0
2022-08-01 02:12:00,54.0
2022-08-01 02:13:00,52.0
2022-08-01 02:14:00,52.0
2022-08-01 02:15:00,49.0
2022-08-01 02:16:00,48.0
2022-08-01 02:17:00,49.0
2022-08-01 02:18:00,49.0
2022-08-01 02:19:00,50.0
2022-08-01 02:20:00,52.0
2022-08-01 02:21:00,52.0
2022-08-01 02:22:00,52.0
2022-08-01 02:23:00,52.0
2022-08-01 02:24:00,51.0
2022-08-01 02:25:00,54.0
2022-08-01 02:26:00,54.0
2022-08-01 02:27:00,52.0
2022-08-01 02:28:00,52.0
2022-08-01 02:29:00,52.0
2022-08-01 02:30:00,52.0
2022-08-01 02:31:00,52.0
2022-08-01 02:32:00,52.0
2022-08-01 02:33:00,52.0
2022-08-01 02:34:00,50.0
2022-08-01 02:35:00,52.0
2022-08-01 02:36:00,50.0
2022-08-01 02:37:00,50.0
2022-08-01 02:38:00,51.0
2022-08-01 02:39:00,54.0
2022-08-01 02:40:00,54.0
2022-08-01 02:41:00,54.0
2022-08-01 02:42:00,54.0
2022-08-01 02:43:00,54.0
2022-08-01 02:44:00,54.0
2022-08-01 02:45:00,52.0
2022-08-01 02:46:00,52.0
2022-08-01 02:47:00,53.0
2022-08-01 02:48:00,52.0
2022-08-01 02:49:00,52.0
2022-08-01 02:50:00,51.0
2022-08-01 02:51:00,50.0
2022-08-01 02:52:00,50.0
2022-08-01 02:53:00,52.0
2022-08-01 02:54:00,50.0
2022-08-01 02:55:00,50.0
2022-08-01 02:56:00,50.0
2022-08-01 02:57:00,50.0
2022-08-01 02:58:00,52.0
2022-08-01 02:59:00,48.0
2022-08-01 03:00:00,48.0
2022-08-01 03:01:00,47.0
2022-08-01 03:02:00,51.0
2022-08-01 03:03:00,47.0
2022-08-01 03:04:00,50.0
2022-08-01 03:05:00,51.0
2022-08-01 03:06:00,48.0
2022-08-01 03:07:00,51.0
2022-08-01 03:08:00,50.0
2022-08-01 03:09:00,47.0
2022-08-01 03:10:00,50.0
2022-08-01 03:11:00,48.0
2022-08-01 03:12:00,52.0
2022-08-01 03:13:00,49.0
2022-08-01 03:14:00,50.0
2022-08-01 03:15:00,52.0
2022-08-01 03:16:00,50.0
2022-08-01 03:17:00,50.0
2022-08-01 03:18:00,51.0
2022-08-01 03:19:00,50.0
2022-08-01 03:20:00,50.0
2022-08-01 03:21:00,50.0
2022-08-01 03:22:00,52.0
2022-08-01 03:23:00,52.0
2022-08-01 03:24:00,54.0
2022-08-01 03:25:00,50.0
2022-08-01 03:26:00,54.0
2022-08-01 03:27:00,54.0
2022-08-01 03:28:00,49.0
2022-08-01 03:29:00,52.0
2022-08-01 03:30:00,52.0
2022-08-01 03:31:00,51.0
2022-08-01 03:32:00,51.0
2022-08-01 03:33:00,48.0
2022-08-01 03:34:00,48.0
2022-08-01 03:35:00,49.0
2022-08-01 03:36:00,50.0
2022-08-01 03:37:00,50.0
2022-08-01 03:38:00,48.0
2022-08-01 03:39:00,48.0
2022-08-01 03:40:00,53.0
2022-08-01 03:41:00,54.0
2022-08-01 03:42:00,54.0
2022-08-01 03:43:00,54.0
2022-08-01 03:44:00,56.0
2022-08-01 03:45:00,54.0
2022-08-01 03:46:00,52.0
2022-08-01 03:47:00,52.0
2022-08-01 03:48:00,55.0
2022-08-01 03:49:00,56.0
2022-08-01 03:50:00,52.0
2022-08-01 03:51:00,50.0
2022-08-01 03:52:00,52.0
2022-08-01 03:53:00,52.0
2022-08-01 03:54:00,51.0
2022-08-01 03:55:00,52.0
2022-08-01 03:56:00,50.0
2022-08-01 03:57:00,52.0
2022-08-01 03:58:00,53.0
2022-08-01 03:59:00,56.0
2022-08-01 04:00:00,54.0
2022-08-01 04:01:00,50.0
2022-08-01 04:02:00,52.0
2022-08-01 04:03:00,53.0
2022-08-01 04:04:00,52.0
2022-08-01 04:05:00,52.0
2022-08-01 04:06:00,52.0
2022-08-01 04:07:00,55.0
2022-08-01 04:08:00,52.0
2022-08-01 04:09:00,52.0
2022-08-01 04:10:00,54.0
2022-08-01 04:11:00,51.0
2022-08-01 04:12:00,56.0
2022-08-01 04:13:00,54.0
2022-08-01 04:14:00,55.0
2022-08-01 04:15:00,54.0
2022-08-01 04:16:00,52.0
2022-08-01 04:17:00,53.0
2022-08-01 04:18:00,54.0
2022-08-01 04:19:00,54.0
2022-08-01 04:20:00,54.0
2022-08-01 04:21:00,52.0
2022-08-01 04:22:00,54.0
2022-08-01 04:23:00,54.0
2022-08-01 04:24:00,55.0
2022-08-01 04:25:00,54.0
2022-08-01 04:26:00,52.0
2022-08-01 04:27:00,52.0
2022-08-01 04:28:00,50.0
2022-08-01 04:29:00,51.0
2022-08-01 04:30:00,56.0
2022-08-01 04:31:00,56.0
2022-08-01 04:32:00,58.0
2022-08-01 04:33:00,58.0
2022-08-01 04:34:00,57.0
2022-08-01 04:35:00,56.0
2022-08-01 04:36:00,57.0
2022-08-01 04:37:00,56.0
2022-08-01 04:38:00,53.0
2022-08-01 04:39:00,57.0
2022-08-01 04:40:00,55.0
2022-08-01 04:41:00,56.0
2022-08-01 04:42:00,57.0
2022-08-01 04:43:00,56.0
2022-08-01 04:44:00,53.0
2022-08-01 04:45:00,54.0
2022-08-01 04:46:00,54.0
2022-08-01 04:47:00,52.0
2022-08-01 04:48:00,52.0
2022-08-01 04:49:00,53.0
2022-08-01 04:50:00,54.0
2022-08-01 04:51:00,56.0
2022-08-01 04:52:00,57.0
2022-08-01 04:53:00,54.0
2022-08-01 04:54:00,54.0
2022-08-01 04:55:00,54.0
2022-08-01 04:56:00,58.0
2022-08-01 04:57:00,56.0
2022-08-01 04:58:00,56.0
2022-08-01 04:59:00,57.0
2022-08-01 05:00:00,52.0
2022-08-01 05:01:00,54.0
2022-08-01 05:02:00,58.0
2022-08-01 05:03:00,55.0
2022-08-01 05:04:00,57.0
2022-08-01 05:05:00,58.0
2022-08-01 05:06:00,56.0
2022-08-01 05:07:00,54.0
2022-08-01 05:08:00,56.0
2022-08-01 05:09:00,52.0
2022-08-01 05:10:00,54.0
2022-08-01 05:11:00,54.0
2022-08-01 05:12:00,52.0
2022-08-01 05:13:00,54.0
2022-08-01 05:14:00,54.0
2022-08-01 05:15:00,54.0
2022-08-01 05:16:00,55.0
2022-08-01 05:17:00,58.0
2022-08-01 05:18:00,56.0
2022-08-01 05:19:00,56.0
2022-08-01 05:20:00,56.0
2022-08-01 05:21:00,54.0
2022-08-01 05:22:00,57.0
2022-08-01 05:23:00,54.0
2022-08-01 05:24:00,54.0
2022-08-01 05:25:00,56.0
2022-08-01 05:26:00,54.0
2022-08-01 05:27:00,52.0
2022-08-01 05:28:00,54.0
2022-08-01 05:29:00,55.0
2022-08-01 05:30:00,54.0
2022-08-01 05:31:00,53.0
2022-08-01 05:32:00,52.0
2022-08-01 05:33:00,50.0
2022-08-01 05:34:00,53.0
2022-08-01 05:35:00,53.0
2022-08-01 05:36:00,50.0
2022-08-01 05:37:00,51.0
2022-08-01 05:38:00,59.0
2022-08-01 05:39:00,50.0
2022-08-01 05:40:00,56.0
2022-08-01 05:41:00,57.0
2022-08-01 05:42:00,54.0
2022-08-01 05:43:00,52.0
2022-08-01 05:44:00,52.0
2022-08-01 05:45:00,54.0
2022-08-01 05:46:00,56.0
2022-08-01 05:47:00,56.0
2022-08-01 05:48:00,56.0
2022-08-01 05:49:00,54.0
2022-08-01 05:50:00,57.0
2022-08-01 05:51:00,58.0
2022-08-01 05:52:00,58.0
2022-08-01 05:53:00,56.0
2022-08-01 05:54:00,59.0
2022-08-01 05:55:00,58.0
2022-08-01 05:56:00,54.0
2022-08-01 05:57:00,56.0
2022-08-01 05:58:00,57.0
2022-08-01 05:59:00,57.0
2022-08-01 06:00:00,55.0
2022-08-01 06:01:00,55.0
2022-08-01 06:02:00,57.0
2022-08-01 06:03:00,55.0
2022-08-01 06:04:00,54.0
2022-08-01 06:05:00,56.0
2022-08-01 06:06:00,54.0
2022-08-01 06:07:00,55.0
2022-08-01 06:08:00,54.0
2022-08-01 06:09:00,56.0
2022-08-01 06:10:00,56.0
2022-08-01 06:11:00,58.0
2022-08-01 06:12:00,56.0
2022-08-01 06:13:00,56.0
2022-08-01 06:14:00,58.0
2022-08-01 06:15:00,55.0
2022-08-01 06:16:00,56.0
2022-08-01 06:17:00,57.0
2022-08-01 06:18:00,56.0
2022-08-01 06:19:00,58.0
2022-08-01 06:20:00,58.0
2022-08-01 06:21:00,59.0
2022-08-01 06:22:00,56.0
2022-08-01 06:23:00,58.0
2022-08-01 06:24:00,60.0
2022-08-01 06:25:00,56.0
2022-08-01 06:26:00,54.0
2022-08-01 06:27:00,57.0
2022-08-01 06:28:00,56.0
2022-08-01 06:29:00,56.0
2022-08-01 06:30:00,56.0
2022-08-01 06:31:00,54.0
2022-08-01 06:32:00,58.0
2022-08-01 06:33:00,56.0
2022-08-01 06:34:00,57.0
2022-08-01 06:35:00,57.0
2022-08-01 06:36:00,56.0
2022-08-01 06:37:00,54.0
2022-08-01 06:38:00,56.0
2022-08-01 06:39:00,58.0
2022-08-01 06:40:00,56.0
2022-08-01 06:41:00,59.0
2022-08-01 06:42:00,54.0
2022-08-01 06:43:00,58.0
2022-08-01 06:44:00,57.0
2022-08-01 06:45:00,55.0
2022-08-01 06:46:00,57.0
2022-08-01 06:47:00,56.0
2022-08-01 06:48:00,57.0
2022-08-01 06:49:00,56.0
2022-08-01 06:50:00,54.0
2022-08-01 06:51:00,56.0
2022-08-01 06:52:00,58.0
2022-08-01 06:53:00,56.0
2022-08-01 06:54:00,58.0
2022-08-01 06:55:00,58.0
2022-08-01 06:56:00,58.0
2022-08-01 06:57:00,58.0
2022-08-01 06:58:00,57.0
2022-08-01 06:59:00,57.0
2022-08-01 07:00:00,57.0
2022-08-01 07:01:00,53.0
2022-08-01 07:02:00,54.0
2022-08-01 07:03:00,57.0
2022-08-01 07:04:00,58.0
2022-08-01 07:05:00,54.0
2022-08-01 07:06:00,54.0
2022-08-01 07:07:00,58.0
2022-08-01 07:08:00,54.0
2022-08-01 07:09:00,57.0
2022-08-01 07:10:00,58.0
2022-08-01 07:11:00,60.0
2022-08-01 07:12:00,62.0
2022-08-01 07:13:00,58.0
2022-08-01 07:14:00,60.0
2022-08-01 07:15:00,63.0
2022-08-01 07:16:00,57.0
2022-08-01 07:17:00,58.0
2022-08-01 07:18:00,62.0
2022-08-01 07:19:00,58.0
2022-08-01 07:20:00,56.0
2022-08-01 07:21:00,58.0
2022-08-01 07:22:00,58.0
2022-08-01 07:23:00,58.0
2022-08-01 07:24:00,60.0
2022-08-01 07:25:00,60.0
2022-08-01 07:26:00,60.0
2022-08-01 07:27:00,60.0
2022-08-01 07:28:00,59.0
2022-08-01 07:29:00,61.0
2022-08-01 07:30:00,60.0
2022-08-01 07:31:00,58.0
2022-08-01 07:32:00,60.0
2022-08-01 07:33:00,62.0
2022-08-01 07:34:00,60.0
2022-08-01 07:35:00,60.0
2022-08-01 07:36:00,61.0
2022-08-01 07:37:00,60.0
2022-08-01 07:38:00,62.0
2022-08-01 07:39:00,62.0
2022-08-01 07:40:00,60.0
2022-08-01 07:41:00,61.0
2022-08-01 07:42:00,60.0
2022-08-01 07:43:00,58.0
2022-08-01 07:44:00,62.0
2022-08-01 07:45:00,60.0
2022-08-01 07:46:00,59.0
2022-08-01 07:47:00,60.0
2022-08-01 07:48:00,60.0
2022-08-01 07:49:00,58.0
2022-08-01 07:50:00,59.0
2022-08-01 07:51:00,60.0
2022-08-01 07:52:00,60.0
2022-08-01 07:53:00,58.0
2022-08-01 07:54:00,61.0
2022-08-01 07:55:00,59.0
2022-08-01 07:56:00,59.0
2022-08-01 07:57:00,60.0
2022-08-01 07:58:00,58.0
2022-08-01 07:59:00,60.0
2022-08-01 08:00:00,58.0
2022-08-01 08:01:00,60.0
2022-08-01 08:02:00,58.0
2022-08-01 08:03:00,60.0
2022-08-01 08:04:00,62.0
2022-08-01 08:05:00,60.0
2022-08-01 08:06:00,60.0
2022-08-01 08:07:00,62.0
2022-08-01 08:08:00,62.0
2022-08-01 08:09:00,60.0
2022-08-01 08:10:00,61.0
2022-08-01 08:11:00,61.0
2022-08-01 08:12:00,61.0
2022-08-01 08:13:00,61.0
2022-08-01 08:14:00,63.0
2022-08-01 08:15:00,60.0
2022-08-01 08:16:00,61.0
2022-08-01 08:17:00,62.0
2022-08-01 08:18:00,60.0
2022-08-01 08:19:00,60.0
2022-08-01 08:20:00,61.0
2022-08-01 08:21:00,60.0
2022-08-01 08:22:00,60.0
2022-08-01 08:23:00,60.0
2022-08-01 08:24:00,58.0
2022-08-01 08:25:00,60.0
2022-08-01 08:26:00,60.0
2022-08-01 08:27:00,58.0
2022-08-01 08:28:00,57.0
2022-08-01 08:29:00,60.0
2022-08-01 08:30:00,59.0
2022-08-01 08:31:00,59.0
2022-08-01 08:32:00,59.0
2022-08-01 08:33:00,60.0
2022-08-01 08:34:00,56.0
2022-08-01 08:35:00,59.0
2022-08-01 08:36:00,60.0
2022-08-01 08:37:00,60.0
2022-08-01 08:38:00,62.0
2022-08-01 08:39:00,62.0
2022-08-01 08:40:00,58.0
2022-08-01 08:41:00,61.0
2022-08-01 08:42:00,62.0
2022-08-01 08:43:00,60.0
2022-08-01 08:44:00,62.0
2022-08-01 08:45:00,60.0
2022-08-01 08:46:00,62.0
2022-08-01 08:47:00,62.0
2022-08-01 08:48:00,62.0
2022-08-01 08:49:00,61.0
2022-08-01 08:50:00,57.0
2022-08-01 08:51:00,61.0
2022-08-01 08:52:00,58.0
2022-08-01 08:53:00,62.0
2022-08-01 08:54:00,60.0
2022-08-01 08:55:00,60.0
2022-08-01 08:56:00,56.0
2022-08-01 08:57:00,60.0
2022-08-01 08:58:00,57.0
2022-08-01 08:59:00,57.0
2022-08-01 09:00:00,58.0
2022-08-01 09:01:00,62.0
2022-08-01 09:02:00,57.0
2022-08-01 09:03:00,61.0
2022-08-01 09:04:00,59.0
2022-08-01 09:05:00,61.0
2022-08-01 09:06:00,59.0
2022-08-01 09:07:00,61.0
2022-08-01 09:08:00,61.0
2022-08-01 09:09:00,59.0
2022-08-01 09:10:00,62.0
2022-08-01 09:11:00,60.0
2022-08-01 09:12:00,63.0
2022-08-01 09:13:00,62.0
2022-08-01 09:14:00,61.0
2022-08-01 09:15:00,61.0
2022-08-01 09:16:00,59.0
2022-08-01 09:17:00,62.0
2022-08-01 09:18:00,62.0
2022-08-01 09:19:00,61.0
2022-08-01 09:20:00,58.0
2022-08-01 09:21:00,58.0
2022-08-01 09:22:00,60.0
2022-08-01 09:23:00,62.0
2022-08-01 09:24:00,61.0
2022-08-01 09:25:00,58.0
2022-08-01 09:26:00,59.0
2022-08-01 09:27:00,61.0
2022-08-01 09:28:00,58.0
2022-08-01 09:29:00,61.0
2022-08-01 09:30:00,58.0
2022-08-01 09:31:00,59.0
2022-08-01 09:32:00,61.0
2022-08-01 09:33:00,62.0
2022-08-01 09:34:00,60.0
2022-08-01 09:35:00,61.0
2022-08-01 09:36:00,62.0
2022-08-01 09:37:00,59.0
2022-08-01 09:38:00,60.0
2022-08-01 09:39:00,62.0
2022-08-01 09:40:00,62.0
2022-08-01 09:41:00,60.0
2022-08-01 09:42:00,63.0
2022-08-01 09:43:00,56.0
2022-08-01 09:44:00,58.0
2022-08-01 09:45:00,63.0
2022-08-01 09:46:00,58.0
2022-08-01 09:47:00,58.0
2022-08-01 09:48:00,60.0
2022-08-01 09:49:00,57.0
2022-08-01 09:50:00,61.0
2022-08-01 09:51:00,62.0
2022-08-01 09:52:00,62.0
2022-08-01 09:53:00,62.0
2022-08-01 09:54:00,60.0
2022-08-01 09:55:00,60.0
2022-08-01 09:56:00,62.0
2022-08-01 09:57:00,63.0
2022-08-01 09:58:00,62.0
2022-08-01 09:59:00,61.0
2022-08-01 10:00:00,62.0
2022-08-01 10:01:00,58.0
2022-08-01 10:02:00,62.0
2022-08-01 10:03:00,62.0
2022-08-01 10:04:00,60.0
2022-08-01 10:05:00,60.0
2022-08-01 10:06:00,62.0
2022-08-01 10:07:00,62.0
2022-08-01 10:08:00,60.0
2022-08-01 10:09:00,62.0
2022-08-01 10:10:00,61.0
2022-08-01 10:11:00,63.0
2022-08-01 10:12:00,61.0
2022-08-01 10:13:00,60.0
2022-08-01 10:14:00,61.0
2022-08-01 10:15:00,60.0
2022-08-01 10:16:00,60.0
2022-08-01 10:17:00,60.0
2022-08-01 10:18:00,62.0
2022-08-01 10:19:00,61.0
2022-08-01 10:20:00,61.0
2022-08-01 10:21:00,62.0
2022-08-01 10:22:00,60.0
2022-08-01 10:23:00,62.0
2022-08-01 10:24:00,62.0
2022-08-01 10:25:00,60.0
2022-08-01 10:26:00,62.0
2022-08-01 10:27:00,65.0
2022-08-01 10:28:00,63.0
2022-08-01 10:29:00,65.0
2022-08-01 10:30:00,63.0
2022-08-01 10:31:00,62.0
2022-08-01 10:32:00,63.0
2022-08-01 10:33:00,62.0
2022-08-01 10:34:00,61.0
2022-08-01 10:35:00,62.0
2022-08-01 10:36:00,62.0
2022-08-01 10:37:00,61.0
2022-08-01 10:38:00,63.0
2022-08-01 10:39:00,62.0
2022-08-01 10:40:00,60.0
2022-08-01 10:41:00,62.0
2022-08-01 10:42:00,65.0
2022-08-01 10:43:00,62.0
2022-08-01 10:44:00,62.0
2022-08-01 10:45:00,62.0
2022-08-01 10:46:00,62.0
2022-08-01 10:47:00,60.0
2022-08-01 10:48:00,61.0
2022-08-01 10:49:00,62.0
2022-08-01 10:50:00,60.0
2022-08-01 10:51:00,62.0
2022-08-01 10:52:00,61.0
2022-08-01 10:53:00,62.0
2022-08-01 10:54:00,62.0
2022-08-01 10:55:00,61.0
2022-08-01 10:56:00,62.0
2022-08-01 10:57:00,63.0
2022-08-01 10:58:00,62.0
2022-08-01 10:59:00,63.0
2022-08-01 11:00:00,63.0
2022-08-01 11:01:00,62.0
2022-08-01 11:02:00,62.0
2022-08-01 11:03:00,64.0
2022-08-01 11:04:00,62.0
2022-08-01 11:05:00,64.0
2022-08-01 11:06:00,65.0
2022-08-01 11:07:00,62.0
2022-08-01 11:08:00,64.0
2022-08-01 11:09:00,62.0
2022-08-01 11:10:00,61.0
2022-08-01 11:11:00,61.0
2022-08-01 11:12:00,64.0
2022-08-01 11:13:00,63.0
2022-08-01 11:14:00,60.0
2022-08-01 11:15:00,62.0
2022-08-01 11:16:00,61.0
2022-08-01 11:17:00,61.0
2022-08-01 11:18:00,62.0
2022-08-01 11:19:00,60.0
2022-08-01 11:20:00,62.0
2022-08-01 11:21:00,62.0
2022-08-01 11:22:00,61.0
2022-08-01 11:23:00,63.0
2022-08-01 11:24:00,61.0
2022-08-01 11:25:00,61.0
2022-08-01 11:26:00,63.0
2022-08-01 11:27:00,62.0
2022-08-01 11:28:00,62.0
2022-08-01 11:29:00,64.0
2022-08-01 11:30:00,64.0
2022-08-01 11:31:00,66.0
2022-08-01 11:32:00,64.0
2022-08-01 11:33:00,66.0
2022-08-01 11:34:00,64.0
2022-08-01 11:35:00,66.0
2022-08-01 11:36:00,68.0
2022-08-01 11:37:00,64.0
2022-08-01 11:38:00,64.0
2022-08-01 11:39:00,65.0
2022-08-01 11:40:00,66.0
2022-08-01 11:41:00,64.0
2022-08-01 11:42:00,65.0
2022-08-01 11:43:00,64.0
2022-08-01 11:44:00,64.0
2022-08-01 11:45:00,64.0
2022-08-01 11:46:00,64.0
2022-08-01 11:47:00,64.0
2022-08-01 11:48:00,64.0
2022-08-01 11:49:00,62.0
2022-08-01 11:50:00,62.0
2022-08-01 11:51:00,62.0
2022-08-01 11:52:00,62.0
2022-08-01 11:53:00,60.0
2022-08-01 11:54:00,60.0
2022-08-01 11:55:00,60.0
2022-08-01 11:56:00,62.0
2022-08-01 11:57:00,64.0
2022-08-01 11:58:00,62.0
2022-08-01 11:59:00,62.0
2022-08-01 12:00:00,64.0
2022-08-01 12:01:00,62.0
2022-08-01 12:02:00,62.0
2022-08-01 12:03:00,62.0
2022-08-01 12:04:00,63.0
2022-08-01 12:05:00,64.0
2022-08-01 12:06:00,66.0
2022-08-01 12:07:00,64.0
2022-08-01 12:08:00,64.0
2022-08-01 12:09:00,64.0
2022-08-01 12:10:00,64.0
2022-08-01 12:11:00,62.0
2022-08-01 12:12:00,66.0
2022-08-01 12:13:00,64.0
2022-08-01 12:14:00,65.0
2022-08-01 12:15:00,63.0
2022-08-01 12:16:00,64.0
2022-08-01 12:17:00,64.0
2022-08-01 12:18:00,64.0
2022-08-01 12:19:00,65.0
2022-08-01 12:20:00,62.0
2022-08-01 12:21:00,59.0
2022-08-01 12:22:00,58.0
2022-08-01 12:23:00,65.0
2022-08-01 12:24:00,62.0
2022-08-01 12:25:00,59.0
2022-08-01 12:26:00,61.0
2022-08-01 12:27:00,60.0
2022-08-01 12:28:00,61.0
2022-08-01 12:29:00,66.0
2022-08-01 12:30:00,61.0
2022-08-01 12:31:00,58.0
2022-08-01 12:32:00,67.0
2022-08-01 12:33:00,63.0
2022-08-01 12:34:00,57.0
2022-08-01 12:35:00,61.0
2022-08-01 12:36:00,65.0
2022-08-01 12:37:00,58.0
2022-08-01 12:38:00,60.0
2022-08-01 12:39:00,69.0
2022-08-01 12:40:00,63.0
2022-08-01 12:41:00,60.0
2022-08-01 12:42:00,65.0
2022-08-01 12:43:00,67.0
2022-08-01 12:44:00,63.0
2022-08-01 12:45:00,69.0
2022-08-01 12:46:00,65.0
2022-08-01 12:47:00,58.0
2022-08-01 12:48:00,63.0
2022-08-01 12:49:00,64.0
2022-08-01 12:50:00,64.0
2022-08-01 12:51:00,64.0
2022-08-01 12:52:00,65.0
2022-08-01 12:53:00,62.0
2022-08-01 12:54:00,62.0
2022-08-01 12:55:00,62.0
2022-08-01 12:56:00,62.0
2022-08-01 12:57:00,64.0
2022-08-01 12:58:00,64.0
2022-08-01 12:59:00,62.0
2022-08-01 13:00:00,65.0
2022-08-01 13:01:00,64.0
2022-08-01 13:02:00,62.0
2022-08-01 13:03:00,67.0
2022-08-01 13:04:00,66.0
2022-08-01 13:05:00,64.0
2022-08-01 13:06:00,62.0
2022-08-01 13:07:00,66.0
2022-08-01 13:08:00,61.0
2022-08-01 13:09:00,60.0
2022-08-01 13:10:00,67.0
2022-08-01 13:11:00,59.0
2022-08-01 13:12:00,58.0
2022-08-01 13:13:00,62.0
2022-08-01 13:14:00,61.0
2022-08-01 13:15:00,67.0
2022-08-01 13:16:00,65.0
2022-08-01 13:17:00,64.0
2022-08-01 13:18:00,60.0
2022-08-01 13:19:00,61.0
2022-08-01 13:20:00,62.0
2022-08-01 13:21:00,63.0
2022-08-01 13:22:00,64.0
2022-08-01 13:23:00,62.0
2022-08-01 13:24:00,63.0
2022-08-01 13:25:00,62.0
2022-08-01 13:26:00,65.0
2022-08-01 13:27:00,62.0
2022-08-01 13:28:00,64.0
2022-08-01 13:29:00,65.0
2022-08-01 13:30:00,65.0
2022-08-01 13:31:00,63.0
2022-08-01 13:32:00,64.0
2022-08-01 13:33:00,66.0
2022-08-01 13:34:00,64.0
2022-08-01 13:35:00,64.0
2022-08-01 13:36:00,65.0
2022-08-01 13:37:00,64.0
2022-08-01 13:38:00,67.0
2022-08-01 13:39:00,66.0
2022-08-01 13:40:00,66.0
2022-08-01 13:41:00,69.0
2022-08-01 13:42:00,65.0
2022-08-01 13:43:00,69.0
2022-08-01 13:44:00,67.0
2022-08-01 13:45:00,68.0
2022-08-01 13:46:00,68.0
2022-08-01 13:47:00,70.0
2022-08-01 13:48:00,70.0
2022-08-01 13:49:00,67.0
2022-08-01 13:50:00,61.0
2022-08-01 13:51:00,68.0
2022-08-01 13:52:00,70.0
2022-08-01 13:53:00,68.0
2022-08-01 13:54:00,64.0
2022-08-01 13:55:00,69.0
2022-08-01 13:56:00,65.0
2022-08-01 13:57:00,64.0
2022-08-01 13:58:00,67.0
2022-08-01 13:59:00,64.0
2022-08-01 14:00:00,66.0
2022-08-01 14:01:00,64.0
2022-08-01 14:02:00,64.0
2022-08-01 14:03:00,61.0
2022-08-01 14:04:00,60.0
2022-08-01 14:05:00,60.0
2022-08-01 14:06:00,65.0
2022-08-01 14:07:00,63.0
2022-08-01 14:08:00,62.0
2022-08-01 14:09:00,61.0
2022-08-01 14:10:00,64.0
2022-08-01 14:11:00,61.0
2022-08-01 14:12:00,65.0
2022-08-01 14:13:00,64.0
2022-08-01 14:14:00,62.0
2022-08-01 14:15:00,62.0
2022-08-01 14:16:00,62.0
2022-08-01 14:17:00,62.0
2022-08-01 14:18:00,64.0
2022-08-01 14:19:00,64.0
2022-08-01 14:20:00,65.0
2022-08-01 14:21:00,67.0
2022-08-01 14:22:00,66.0
2022-08-01 14:23:00,63.0
2022-08-01 14:24:00,64.0
2022-08-01 14:25:00,63.0
2022-08-01 14:26:00,62.0
2022-08-01 14:27:00,64.0
2022-08-01 14:28:00,65.0
2022-08-01 14:29:00,62.0
2022-08-01 14:30:00,68.0
2022-08-01 14:31:00,70.0
2022-08-01 14:32:00,67.0
2022-08-01 14:33:00,65.0
2022-08-01 14:34:00,58.0
2022-08-01 14:35:00,65.0
2022-08-01 14:36:00,69.0
2022-08-01 14:37:00,61.0
2022-08-01 14:38:00,59.0
2022-08-01 14:39:00,66.0
2022-08-01 14:40:00,68.0
2022-08-01 14:41:00,63.0
2022-08-01 14:42:00,62.0
2022-08-01 14:43:00,62.0
2022-08-01 14:44:00,62.0
2022-08-01 14:45:00,63.0
2022-08-01 14:46:00,62.0
2022-08-01 14:47:00,64.0
2022-08-01 14:48:00,64.0
2022-08-01 14:49:00,63.0
2022-08-01 14:50:00,62.0
2022-08-01 14:51:00,71.0
2022-08-01 14:52:00,70.0
2022-08-01 14:53:00,64.0
2022-08-01 14:54:00,67.0
2022-08-01 14:55:00,65.0
2022-08-01 14:56:00,73.0
2022-08-01 14:57:00,72.0
2022-08-01 14:58:00,67.0
2022-08-01 14:59:00,70.0
2022-08-01 15:00:00,63.0
2022-08-01 15:01:00,64.0
2022-08-01 15:02:00,58.0
2022-08-01 15:03:00,63.0
2022-08-01 15:04:00,70.0
2022-08-01 15:05:00,67.0
2022-08-01 15:06:00,67.0
2022-08-01 15:07:00,71.0
2022-08-01 15:08:00,60.0
2022-08-01 15:09:00,66.0
2022-08-01 15:10:00,68.0
2022-08-01 15:11:00,63.0
2022-08-01 15:12:00,69.0
2022-08-01 15:13:00,64.0
2022-08-01 15:14:00,66.0
2022-08-01 15:15:00,68.0
2022-08-01 15:16:00,68.0
2022-08-01 15:17:00,60.0
2022-08-01 15:18:00,64.0
2022-08-01 15:19:00,64.0
2022-08-01 15:20:00,62.0
2022-08-01 15:21:00,64.0
2022-08-01 15:22:00,64.0
2022-08-01 15:23:00,62.0
2022-08-01 15:24:00,68.0
2022-08-01 15:25:00,64.0
2022-08-01 15:26:00,64.0
2022-08-01 15:27:00,67.0
2022-08-01 15:28:00,63.0
2022-08-01 15:29:00,64.0
2022-08-01 15:30:00,66.0
2022-08-01 15:31:00,64.0
2022-08-01 15:32:00,64.0
2022-08-01 15:33:00,66.0
2022-08-01 15:34:00,64.0
2022-08-01 15:35:00,65.0
2022-08-01 15:36:00,64.0
2022-08-01 15:37:00,65.0
2022-08-01 15:38:00,64.0
2022-08-01 15:39:00,66.0
2022-08-01 15:40:00,68.0
2022-08-01 15:41:00,67.0
2022-08-01 15:42:00,64.0
2022-08-01 15:43:00,62.0
2022-08-01 15:44:00,62.0
2022-08-01 15:45:00,62.0
2022-08-01 15:46:00,63.0
2022-08-01 15:47:00,62.0
2022-08-01 15:48:00,64.0
2022-08-01 15:49:00,64.0
2022-08-01 15:50:00,64.0
2022-08-01 15:51:00,64.0
2022-08-01 15:52:00,64.0
2022-08-01 15:53:00,63.0
2022-08-01 15:54:00,64.0
2022-08-01 15:55:00,64.0
2022-08-01 15:56:00,64.0
2022-08-01 15:57:00,63.0
2022-08-01 15:58:00,63.0
2022-08-01 15:59:00,64.0
2022-08-01 16:00:00,63.0
2022-08-01 16:01:00,66.0
2022-08-01 16:02:00,64.0
2022-08-01 16:03:00,62.0
2022-08-01 16:04:00,62.0
2022-08-01 16:05:00,62.0
2022-08-01 16:06:00,62.0
2022-08-01 16:07:00,62.0
2022-08-01 16:08:00,62.0
2022-08-01 16:09:00,63.0
2022-08-01 16:10:00,63.0
2022-08-01 16:11:00,63.0
2022-08-01 16:12:00,62.0
2022-08-01 16:13:00,62.0
2022-08-01 16:14:00,64.0
2022-08-01 16:15:00,62.0
2022-08-01 16:16:00,66.0
2022-08-01 16:17:00,62.0
2022-08-01 16:18:00,63.0
2022-08-01 16:19:00,64.0
2022-08-01 16:20:00,68.0
2022-08-01 16:21:00,66.0
2022-08-01 16:22:00,64.0
2022-08-01 16:23:00,62.0
2022-08-01 16:24:00,63.0
2022-08-01 16:25:00,64.0
2022-08-01 16:26:00,62.0
2022-08-01 16:27:00,62.0
2022-08-01 16:28:00,64.0
2022-08-01 16:29:00,64.0
2022-08-01 16:30:00,66.0
2022-08-01 16:31:00,65.0
2022-08-01 16:32:00,64.0
2022-08-01 16:33:00,64.0
2022-08-01 16:34:00,62.0
2022-08-01 16:35:00,63.0
2022-08-01 16:36:00,64.0
2022-08-01 16:37:00,67.0
2022-08-01 16:38:00,63.0
2022-08-01 16:39:00,66.0
2022-08-01 16:40:00,66.0
2022-08-01 16:41:00,66.0
2022-08-01 16:42:00,67.0
2022-08-01 16:43:00,65.0
2022-08-01 16:44:00,68.0
2022-08-01 16:45:00,64.0
2022-08-01 16:46:00,62.0
2022-08-01 16:47:00,63.0
2022-08-01 16:48:00,63.0
2022-08-01 16:49:00,60.0
2022-08-01 16:50:00,64.0
2022-08-01 16:51:00,64.0
2022-08-01 16:52:00,62.0
2022-08-01 16:53:00,64.0
2022-08-01 16:54:00,62.0
2022-08-01 16:55:00,64.0
2022-08-01 16:56:00,64.0
2022-08-01 16:57:00,64.0
2022-08-01 16:58:00,63.0
2022-08-01 16:59:00,66.0
2022-08-01 17:00:00,65.0
2022-08-01 17:01:00,64.0
2022-08-01 17:02:00,66.0
2022-08-01 17:03:00,68.0
2022-08-01 17:04:00,61.0
2022-08-01 17:05:00,62.0
2022-08-01 17:06:00,61.0
2022-08-01 17:07:00,63.0
2022-08-01 17:08:00,64.0
2022-08-01 17:09:00,60.0
2022-08-01 17:10:00,66.0
2022-08-01 17:11:00,66.0
2022-08-01 17:12:00,66.0
2022-08-01 17:13:00,66.0
2022-08-01 17:14:00,64.0
2022-08-01 17:15:00,64.0
2022-08-01 17:16:00,64.0
2022-08-01 17:17:00,65.0
2022-08-01 17:18:00,64.0
2022-08-01 17:19:00,62.0
2022-08-01 17:20:00,64.0
2022-08-01 17:21:00,65.0
2022-08-01 17:22:00,69.0
2022-08-01 17:23:00,69.0
2022-08-01 17:24:00,64.0
2022-08-01 17:25:00,58.0
2022-08-01 17:26:00,61.0
2022-08-01 17:27:00,62.0
2022-08-01 17:28:00,64.0
2022-08-01 17:29:00,66.0
2022-08-01 17:30:00,65.0
2022-08-01 17:31:00,61.0
2022-08-01 17:32:00,62.0
2022-08-01 17:33:00,62.0
2022-08-01 17:34:00,63.0
2022-08-01 17:35:00,65.0
2022-08-01 17:36:00,64.0
2022-08-01 17:37:00,63.0
2022-08-01 17:38:00,63.0
2022-08-01 17:39:00,63.0
2022-08-01 17:40:00,62.0
2022-08-01 17:41:00,60.0
2022-08-01 17:42:00,62.0
2022-08-01 17:43:00,62.0
2022-08-01 17:44:00,63.0
2022-08-01 17:45:00,64.0
2022-08-01 17:46:00,63.0
2022-08-01 17:47:00,65.0
2022-08-01 17:48:00,63.0
2022-08-01 17:49:00,64.0
2022-08-01 17:50:00,64.0
2022-08-01 17:51:00,63.0
2022-08-01 17:52:00,61.0
2022-08-01 17:53:00,60.0
2022-08-01 17:54:00,62.0
2022-08-01 17:55:00,64.0
2022-08-01 17:56:00,67.0
2022-08-01 17:57:00,60.0
2022-08-01 17:58:00,66.0
2022-08-01 17:59:00,62.0
2022-08-01 18:00:00,66.0
2022-08-01 18:01:00,68.0
2022-08-01 18:02:00,66.0
2022-08-01 18:03:00,64.0
2022-08-01 18:04:00,63.0
2022-08-01 18:05:00,65.0
2022-08-01 18:06:00,66.0
2022-08-01 18:07:00,62.0
2022-08-01 18:08:00,62.0
2022-08-01 18:09:00,66.0
2022-08-01 18:10:00,61.0
2022-08-01 18:11:00,63.0
2022-08-01 18:12:00,58.0
2022-08-01 18:13:00,62.0
2022-08-01 18:14:00,60.0
2022-08-01 18:15:00,60.0
2022-08-01 18:16:00,63.0
2022-08-01 18:17:00,65.0
2022-08-01 18:18:00,58.0
2022-08-01 18:19:00,59.0
2022-08-01 18:20:00,60.0
2022-08-01 18:21:00,65.0
2022-08-01 18:22:00,62.0
2022-08-01 18:23:00,62.0
2022-08-01 18:24:00,62.0
2022-08-01 18:25:00,64.0
2022-08-01 18:26:00,62.0
2022-08-01 18:27:00,63.0
2022-08-01 18:28:00,63.0
2022-08-01 18:29:00,67.0
2022-08-01 18:30:00,66.0
2022-08-01 18:31:00,63.0
2022-08-01 18:32:00,66.0
2022-08-01 18:33:00,64.0
2022-08-01 18:34:00,64.0
2022-08-01 18:35:00,63.0
2022-08-01 18:36:00,62.0
2022-08-01 18:37:00,60.0
2022-08-01 18:38:00,61.0
2022-08-01 18:39:00,63.0
2022-08-01 18:40:00,62.0
2022-08-01 18:41:00,63.0
2022-08-01 18:42:00,60.0
2022-08-01 18:43:00,62.0
2022-08-01 18:44:00,62.0
2022-08-01 18:45:00,61.0
2022-08-01 18:46:00,64.0
2022-08-01 18:47:00,64.0
2022-08-01 18:48:00,64.0
2022-08-01 18:49:00,61.0
2022-08-01 18:50:00,62.0
2022-08-01 18:51:00,59.0
2022-08-01 18:52:00,58.0
2022-08-01 18:53:00,58.0
2022-08-01 18:54:00,60.0
2022-08-01 18:55:00,62.0
2022-08-01 18:56:00,57.0
2022-08-01 18:57:00,61.0
2022-08-01 18:58:00,59.0
2022-08-01 18:59:00,56.0
2022-08-01 19:00:00,60.0
2022-08-01 19:01:00,63.0
2022-08-01 19:02:00,62.0
2022-08-01 19:03:00,61.0
2022-08-01 19:04:00,62.0
2022-08-01 19:05:00,63.0
2022-08-01 19:06:00,62.0
2022-08-01 19:07:00,62.0
2022-08-01 19:08:00,66.0
2022-08-01 19:09:00,60.0
2022-08-01 19:10:00,58.0
2022-08-01 19:11:00,62.0
2022-08-01 19:12:00,62.0
2022-08-01 19:13:00,60.0
2022-08-01 19:14:00,60.0
2022-08-01 19:15:00,62.0
2022-08-01 19:16:00,60.0
2022-08-01 19:17:00,62.0
2022-08-01 19:18:00,62.0
2022-08-01 19:19:00,60.0
2022-08-01 19:20:00,61.0
2022-08-01 19:21:00,62.0
2022-08-01 19:22:00,62.0
2022-08-01 19:23:00,62.0
2022-08-01 19:24:00,62.0
2022-08-01 19:25:00,61.0
2022-08-01 19:26:00,61.0
2022-08-01 19:27:00,63.0
2022-08-01 19:28:00,62.0
2022-08-01 19:29:00,62.0
2022-08-01 19:30:00,63.0
2022-08-01 19:31:00,62.0
2022-08-01 19:32:00,60.0
2022-08-01 19:33:00,62.0
2022-08-01 19:34:00,61.0
2022-08-01 19:35:00,60.0
2022-08-01 19:36:00,61.0
2022-08-01 19:37:00,60.0
2022-08-01 19:38:00,59.0
2022-08-01 19:39:00,61.0
2022-08-01 19:40:00,60.0
2022-08-01 19:41:00,54.0
2022-08-01 19:42:00,61.0
2022-08-01 19:43:00,58.0
2022-08-01 19:44:00,58.0
2022-08-01 19:45:00,60.0
2022-08-01 19:46:00,65.0
2022-08-01 19:47:00,58.0
2022-08-01 19:48:00,62.0
2022-08-01 19:49:00,57.0
2022-08-01 19:50:00,60.0
2022-08-01 19:51:00,61.0
2022-08-01 19:52:00,64.0
2022-08-01 19:53:00,60.0
2022-08-01 19:54:00,63.0
2022-08-01 19:55:00,57.0
2022-08-01 19:56:00,54.0
2022-08-01 19:57:00,61.0
2022-08-01 19:58:00,57.0
2022-08-01 19:59:00,54.0
2022-08-01 20:00:00,60.0
2022-08-01 20:01:00,58.0
2022-08-01 20:02:00,59.0
2022-08-01 20:03:00,60.0
2022-08-01 20:04:00,59.0
2022-08-01 20:05:00,60.0
2022-08-01 20:06:00,60.0
2022-08-01 20:07:00,58.0
2022-08-01 20:08:00,60.0
2022-08-01 20:09:00,60.0
2022-08-01 20:10:00,55.0
2022-08-01 20:11:00,58.0
2022-08-01 20:12:00,61.0
2022-08-01 20:13:00,58.0
2022-08-01 20:14:00,58.0
2022-08-01 20:15:00,60.0
2022-08-01 20:16:00,56.0
2022-08-01 20:17:00,58.0
2022-08-01 20:18:00,60.0
2022-08-01 20:19:00,58.0
2022-08-01 20:20:00,60.0
2022-08-01 20:21:00,58.0
2022-08-01 20:22:00,60.0
2022-08-01 20:23:00,60.0
2022-08-01 20:24:00,58.0
2022-08-01 20:25:00,61.0
2022-08-01 20:26:00,61.0
2022-08-01 20:27:00,62.0
2022-08-01 20:28:00,60.0
2022-08-01 20:29:00,60.0
2022-08-01 20:30:00,59.0
2022-08-01 20:31:00,56.0
2022-08-01 20:32:00,60.0
2022-08-01 20:33:00,59.0
2022-08-01 20:34:00,60.0
2022-08-01 20:35:00,59.0
2022-08-01 20:36:00,60.0
2022-08-01 20:37:00,58.0
2022-08-01 20:38:00,60.0
2022-08-01 20:39:00,59.0
2022-08-01 20:40:00,56.0
2022-08-01 20:41:00,60.0
2022-08-01 20:42:00,60.0
2022-08-01 20:43:00,56.0
2022-08-01 20:44:00,58.0
2022-08-01 20:45:00,55.0
2022-08-01 20:46:00,57.0
2022-08-01 20:47:00,60.0
2022-08-01 20:48:00,58.0
2022-08-01 20:49:00,56.0
2022-08-01 20:50:00,59.0
2022-08-01 20:51:00,62.0
2022-08-01 20:52:00,62.0
2022-08-01 20:53:00,59.0
2022-08-01 20:54:00,61.0
2022-08-01 20:55:00,56.0
2022-08-01 20:56:00,58.0
2022-08-01 20:57:00,56.0
2022-08-01 20:58:00,57.0
2022-08-01 20:59:00,61.0
2022-08-01 21:00:00,56.0
2022-08-01 21:01:00,56.0
2022-08-01 21:02:00,60.0
2022-08-01 21:03:00,61.0
2022-08-01 21:04:00,55.0
2022-08-01 21:05:00,54.0
2022-08-01 21:06:00,60.0
2022-08-01 21:07:00,56.0
2022-08-01 21:08:00,58.0
2022-08-01 21:09:00,57.0
2022-08-01 21:10:00,58.0
2022-08-01 21:11:00,58.0
2022-08-01 21:12:00,58.0
2022-08-01 21:13:00,56.0
2022-08-01 21:14:00,58.0
2022-08-01 21:15:00,58.0
2022-08-01 21:16:00,58.0
2022-08-01 21:17:00,60.0
2022-08-01 21:18:00,58.0
2022-08-01 21:19:00,57.0
2022-08-01 21:20:00,58.0
2022-08-01 21:21:00,56.0
2022-08-01 21:22:00,58.0
2022-08-01 21:23:00,58.0
2022-08-01 21:24:00,58.0
2022-08-01 21:25:00,58.0
2022-08-01 21:26:00,57.0
2022-08-01 21:27:00,56.0
2022-08-01 21:28:00,60.0
2022-08-01 21:29:00,59.0
2022-08-01 21:30:00,60.0
2022-08-01 21:31:00,59.0
2022-08-01 21:32:00,58.0
2022-08-01 21:33:00,56.0
2022-08-01 21:34:00,59.0
2022-08-01 21:35:00,59.0
2022-08-01 21:36:00,60.0
2022-08-01 21:37:00,58.0
2022-08-01 21:38:00,57.0
2022-08-01 21:39:00,60.0
2022-08-01 21:40:00,58.0
2022-08-01 21:41:00,60.0
2022-08-01 21:42:00,60.0
2022-08-01 21:43:00,60.0
2022-08-01 21:44:00,58.0
2022-08-01 21:45:00,58.0
2022-08-01 21:46:00,58.0
2022-08-01 21:47:00,58.0
2022-08-01 21:48:00,59.0
2022-08-01 21:49:00,58.0
2022-08-01 21:50:00,57.0
2022-08-01 21:51:00,58.0
2022-08-01 21:52:00,58.0
2022-08-01 21:53:00,58.0
2022-08-01 21:54:00,58.0
2022-08-01 21:55:00,59.0
2022-08-01 21:56:00,60.0
2022-08-01 21:57:00,60.0
2022-08-01 21:58:00,58.0
2022-08-01 21:59:00,58.0
2022-08-01 22:00:00,58.0
2022-08-01 22:01:00,58.0
2022-08-01 22:02:00,58.0
2022-08-01 22:03:00,59.0
2022-08-01 22:04:00,59.0
2022-08-01 22:05:00,60.0
2022-08-01 22:06:00,60.0
2022-08-01 22:07:00,60.0
2022-08-01 22:08:00,58.0
2022-08-01 22:09:00,56.0
2022-08-01 22:10:00,58.0
2022-08-01 22:11:00,59.0
2022-08-01 22:12:00,58.0
2022-08-01 22:13:00,58.0
2022-08-01 22:14:00,57.0
2022-08-01 22:15:00,57.0
2022-08-01 22:16:00,59.0
2022-08-01 22:17:00,60.0
2022-08-01 22:18:00,60.0
2022-08-01 22:19:00,59.0
2022-08-01 22:20:00,57.0
2022-08-01 22:21:00,58.0
2022-08-01 22:22:00,58.0
2022-08-01 22:23:00,61.0
2022-08-01 22:24:00,59.0
2022-08-01 22:25:00,62.0
2022-08-01 22:26:00,59.0
2022-08-01 22:27:00,57.0
2022-08-01 22:28:00,60.0
2022-08-01 22:29:00,62.0
2022-08-01 22:30:00,60.0
2022-08-01 22:31:00,59.0
2022-08-01 22:32:00,58.0
2022-08-01 22:33:00,56.0
2022-08-01 22:34:00,58.0
2022-08-01 22:35:00,55.0
2022-08-01 22:36:00,55.0
2022-08-01 22:37:00,55.0
2022-08-01 22:38:00,51.0
2022-08-01 22:39:00,54.0
2022-08-01 22:40:00,53.0
2022-08-01 22:41:00,55.0
2022-08-01 22:42:00,58.0
2022-08-01 22:43:00,56.0
2022-08-01 22:44:00,54.0
2022-08-01 22:45:00,56.0
2022-08-01 22:46:00,54.0
2022-08-01 22:47:00,56.0
2022-08-01 22:48:00,56.0
2022-08-01 22:49:00,52.0
2022-08-01 22:50:00,54.0
2022-08-01 22:51:00,55.0
2022-08-01 22:52:00,54.0
2022-08-01 22:53:00,56.0
2022-08-01 22:54:00,56.0
2022-08-01 22:55:00,58.0
2022-08-01 22:56:00,57.0
2022-08-01 22:57:00,61.0
2022-08-01 22:58:00,61.0
2022-08-01 22:59:00,60.0
2022-08-01 23:00:00,55.0
2022-08-01 23:01:00,55.0
2022-08-01 23:02:00,55.0
2022-08-01 23:03:00,55.0
2022-08-01 23:04:00,55.0
2022-08-01 23:05:00,54.0
2022-08-01 23:06:00,54.0
2022-08-01 23:07:00,55.0
2022-08-01 23:08:00,56.0
2022-08-01 23:09:00,60.0
2022-08-01 23:10:00,57.0
2022-08-01 23:11:00,54.0
2022-08-01 23:12:00,56.0
2022-08-01 23:13:00,56.0
2022-08-01 23:14:00,56.0
2022-08-01 23:15:00,54.0
2022-08-01 23:16:00,56.0
2022-08-01 23:17:00,57.0
2022-08-01 23:18:00,60.0
2022-08-01 23:19:00,55.0
2022-08-01 23:20:00,60.0
2022-08-01 23:21:00,60.0
2022-08-01 23:22:00,58.0
2022-08-01 23:23:00,59.0
2022-08-01 23:24:00,58.0
2022-08-01 23:25:00,58.0
2022-08-01 23:26:00,58.0
2022-08-01 23:27:00,58.0
2022-08-01 23:28:00,59.0
2022-08-01 23:29:00,58.0
2022-08-01 23:30:00,58.0
2022-08-01 23:31:00,58.0
2022-08-01 23:32:00,58.0
2022-08-01 23:33:00,57.0
2022-08-01 23:34:00,57.0
2022-08-01 23:35:00,59.0
2022-08-01 23:36:00,59.0
2022-08-01 23:37:00,58.0
2022-08-01 23:38:00,58.0
2022-08-01 23:39:00,59.0
2022-08-01 23:40:00,56.0
2022-08-01 23:41:00,58.0
2022-08-01 23:42:00,57.0
2022-08-01 23:43:00,58.0
2022-08-01 23:44:00,56.0
2022-08-01 23:45:00,57.0
2022-08-01 23:46:00,58.0
2022-08-01 23:47:00,57.0
2022-08-01 23:48:00,56.0
2022-08-01 23:49:00,56.0
2022-08-01 23:50:00,56.0
2022-08-01 23:51:00,57.0
2022-08-01 23:52:00,58.0
2022-08-01 23:53:00,56.0
2022-08-01 23:54:00,56.0
2022-08-01 23:55:00,57.0
2022-08-01 23:56:00,56.0
2022-08-01 23:57:00,56.0
2022-08-01 23:58:00,57.0
2022-08-01 23:59:00,58.0
2022-08-02 00:00:00,56.0
2022-08-02 00:01:00,58.0
2022-08-02 00:02:00,57.0
2022-08-02 00:03:00,56.0
2022-08-02 00:04:00,56.0
2022-08-02 00:05:00,58.0
2022-08-02 00:06:00,56.0
2022-08-02 00:07:00,57.0
2022-08-02 00:08:00,56.0
2022-08-02 00:09:00,56.0
2022-08-02 00:10:00,55.0
2022-08-02 00:11:00,57.0
2022-08-02 00:12:00,56.0
2022-08-02 00:13:00,56.0
2022-08-02 00:14:00,54.0
2022-08-02 00:15:00,56.0
2022-08-02 00:16:00,57.0
2022-08-02 00:17:00,54.0
2022-08-02 00:18:00,56.0
2022-08-02 00:19:00,56.0
2022-08-02 00:20:00,54.0
2022-08-02 00:21:00,55.0
2022-08-02 00:22:00,57.0
2022-08-02 00:23:00,56.0
2022-08-02 00:24:00,56.0
2022-08-02 00:25:00,54.0
2022-08-02 00:26:00,58.0
2022-08-02 00:27:00,55.0
2022-08-02 00:28:00,56.0
2022-08-02 00:29:00,56.0
2022-08-02 00:30:00,52.0
2022-08-02 00:31:00,54.0
2022-08-02 00:32:00,53.0
2022-08-02 00:33:00,52.0
2022-08-02 00:34:00,50.0
2022-08-02 00:35:00,53.0
2022-08-02 00:36:00,52.0
2022-08-02 00:37:00,53.0
2022-08-02 00:38:00,55.0
2022-08-02 00:39:00,52.0
2022-08-02 00:40:00,54.0
2022-08-02 00:41:00,54.0
2022-08-02 00:42:00,54.0
2022-08-02 00:43:00,52.0
2022-08-02 00:44:00,56.0
2022-08-02 00:45:00,54.0
2022-08-02 00:46:00,54.0
2022-08-02 00:47:00,56.0
2022-08-02 00:48:00,56.0
2022-08-02 00:49:00,56.0
2022-08-02 00:50:00,58.0
2022-08-02 00:51:00,58.0
2022-08-02 00:52:00,58.0
2022-08-02 00:53:00,56.0
2022-08-02 00:54:00,55.0
2022-08-02 00:55:00,56.0
2022-08-02 00:56:00,56.0
2022-08-02 00:57:00,54.0
2022-08-02 00:58:00,54.0
2022-08-02 00:59:00,54.0
2022-08-02 01:00:00,54.0
2022-08-02 01:01:00,56.0
2022-08-02 01:02:00,53.0
2022-08-02 01:03:00,53.0
2022-08-02 01:04:00,56.0
2022-08-02 01:05:00,54.0
2022-08-02 01:06:00,56.0
2022-08-02 01:07:00,56.0
2022-08-02 01:08:00,53.0
2022-08-02 01:09:00,52.0
2022-08-02 01:10:00,53.0
2022-08-02 01:11:00,52.0
2022-08-02 01:12:00,56.0
2022-08-02 01:13:00,52.0
2022-08-02 01:14:00,54.0
2022-08-02 01:15:00,54.0
2022-08-02 01:16:00,52.0
2022-08-02 01:17:00,55.0
2022-08-02 01:18:00,55.0
2022-08-02 01:19:00,55.0
2022-08-02 01:20:00,51.0
2022-08-02 01:21:00,52.0
2022-08-02 01:22:00,53.0
2022-08-02 01:23:00,54.0
2022-08-02 01:24:00,53.0
2022-08-02 01:25:00,53.0
2022-08-02 01:26:00,53.0
2022-08-02 01:27:00,53.0
2022-08-02 01:28:00,58.0
2022-08-02 01:29:00,56.0
2022-08-02 01:30:00,54.0
2022-08-02 01:31:00,54.0
2022-08-02 01:32:00,53.0
2022-08-02 01:33:00,56.0
2022-08-02 01:34:00,56.0
2022-08-02 01:35:00,54.0
2022-08-02 01:36:00,52.0
2022-08-02 01:37:00,52.0
2022-08-02 01:38:00,54.0
2022-08-02 01:39:00,52.0
2022-08-02 01:40:00,52.0
2022-08-02 01:41:00,54.0
2022-08-02 01:42:00,52.0
2022-08-02 01:43:00,50.0
2022-08-02 01:44:00,50.0
2022-08-02 01:45:00,56.0
2022-08-02 01:46:00,52.0
2022-08-02 01:47:00,54.0
2022-08-02 01:48:00,54.0
2022-08-02 01:49:00,49.0
2022-08-02 01:50:00,53.0
2022-08-02 01:51:00,54.0
2022-08-02 01:52:00,52.0
2022-08-02 01:53:00,52.0
2022-08-02 01:54:00,55.0
2022-08-02 01:55:00,54.0
2022-08-02 01:56:00,52.0
2022-08-02 01:57:00,54.0
2022-08-02 01:58:00,54.0
2022-08-02 01:59:00,57.0
2022-08-02 02:00:00,53.0
2022-08-02 02:01:00,49.0
2022-08-02 02:02:00,49.0
2022-08-02 02:03:00,57.0
2022-08-02 02:04:00,54.0
2022-08-02 02:05:00,53.0
2022-08-02 02:06:00,55.0
2022-08-02 02:07:00,52.0
2022-08-02 02:08:00,56.0
2022-08-02 02:09:00,52.0
2022-08-02 02:10:00,53.0
2022-08-02 02:11:00,57.0
2022-08-02 02:12:00,52.0
2022-08-02 02:13:00,56.0
2022-08-02 02:14:00,52.0
2022-08-02 02:15:00,52.0
2022-08-02 02:16:00,53.0
2022-08-02 02:17:00,50.0
2022-08-02 02:18:00,51.0
2022-08-02 02:19:00,53.0
2022-08-02 02:20:00,52.0
2022-08-02 02:21:00,52.0
2022-08-02 02:22:00,52.0
2022-08-02 02:23:00,51.0
2022-08-02 02:24:00,54.0
2022-08-02 02:25:00,56.0
2022-08-02 02:26:00,54.0
2022-08-02 02:27:00,52.0
2022-08-02 02:28:00,52.0
2022-08-02 02:29:00,51.0
2022-08-02 02:30:00,52.0
2022-08-02 02:31:00,51.0
2022-08-02 02:32:00,52.0
2022-08-02 02:33:00,52.0
2022-08-02 02:34:00,51.0
2022-08-02 02:35:00,51.0
2022-08-02 02:36:00,50.0
2022-08-02 02:37:00,51.0
2022-08-02 02:38:00,52.0
2022-08-02 02:39:00,54.0
2022-08-02 02:40:00,59.0
2022-08-02 02:41:00,54.0
2022-08-02 02:42:00,56.0
2022-08-02 02:43:00,61.0
2022-08-02 02:44:00,60.0
2022-08-02 02:45:00,57.0
2022-08-02 02:46:00,54.0
2022-08-02 02:47:00,57.0
2022-08-02 02:48:00,55.0
2022-08-02 02:49:00,52.0
2022-08-02 02:50:00,54.0
2022-08-02 02:51:00,52.0
2022-08-02 02:52:00,52.0
2022-08-02 02:53:00,55.0
2022-08-02 02:54:00,58.0
2022-08-02 02:55:00,52.0
2022-08-02 02:56:00,52.0
2022-08-02 02:57:00,51.0
2022-08-02 02:58:00,55.0
2022-08-02 02:59:00,50.0
2022-08-02 03:00:00,52.0
2022-08-02 03:01:00,54.0
2022-08-02 03:02:00,52.0
2022-08-02 03:03:00,51.0
2022-08-02 03:04:00,51.0
2022-08-02 03:05:00,52.0
2022-08-02 03:06:00,52.0
2022-08-02 03:07:00,54.0
2022-08-02 03:08:00,50.0
2022-08-02 03:09:00,53.0
2022-08-02 03:10:00,49.0
2022-08-02 03:11:00,48.0
2022-08-02 03:12:00,57.0
2022-08-02 03:13:00,52.0
2022-08-02 03:14:00,53.0
2022-08-02 03:15:00,52.0
2022-08-02 03:16:00,57.0
2022-08-02 03:17:00,56.0
2022-08-02 03:18:00,54.0
2022-08-02 03:19:00,53.0
2022-08-02 03:20:00,51.0
2022-08-02 03:21:00,56.0
2022-08-02 03:22:00,51.0
2022-08-02 03:23:00,55.0
2022-08-02 03:24:00,57.0
2022-08-02 03:25:00,50.0
2022-08-02 03:26:00,57.0
2022-08-02 03:27:00,56.0
2022-08-02 03:28:00,54.0
2022-08-02 03:29:00,54.0
2022-08-02 03:30:00,52.0
2022-08-02 03:31:00,54.0
2022-08-02 03:32:00,53.0
2022-08-02 03:33:00,54.0
2022-08-02 03:34:00,53.0
2022-08-02 03:35:00,53.0
2022-08-02 03:36:00,50.0
2022-08-02 03:37:00,52.0
2022-08-02 03:38:00,57.0
2022-08-02 03:39:00,52.0
2022-08-02 03:40:00,56.0
2022-08-02 03:41:00,56.0
2022-08-02 03:42:00,52.0
2022-08-02 03:43:00,56.0
2022-08-02 03:44:00,56.0
2022-08-02 03:45:00,54.0
2022-08-02 03:46:00,52.0
2022-08-02 03:47:00,52.0
2022-08-02 03:48:00,54.0
2022-08-02 03:49:00,54.0
2022-08-02 03:50:00,53.0
2022-08-02 03:51:00,53.0
2022-08-02 03:52:00,52.0
2022-08-02 03:53:00,56.0
2022-08-02 03:54:00,54.0
2022-08-02 03:55:00,55.0
2022-08-02 03:56:00,55.0
2022-08-02 03:57:00,55.0
2022-08-02 03:58:00,58.0
2022-08-02 03:59:00,59.0
2022-08-02 04:00:00,57.0
2022-08-02 04:01:00,61.0
2022-08-02 04:02:00,55.0
2022-08-02 04:03:00,56.0
2022-08-02 04:04:00,52.0
2022-08-02 04:05:00,54.0
2022-08-02 04:06:00,51.0
2022-08-02 04:07:00,52.0
2022-08-02 04:08:00,56.0
2022-08-02 04:09:00,55.0
2022-08-02 04:10:00,58.0
2022-08-02 04:11:00,54.0
2022-08-02 04:12:00,54.0
2022-08-02 04:13:00,53.0
2022-08-02 04:14:00,54.0
2022-08-02 04:15:00,52.0
2022-08-02 04:16:00,55.0
2022-08-02 04:17:00,55.0
2022-08-02 04:18:00,54.0
2022-08-02 04:19:00,54.0
2022-08-02 04:20:00,56.0
2022-08-02 04:21:00,54.0
2022-08-02 04:22:00,58.0
2022-08-02 04:23:00,56.0
2022-08-02 04:24:00,57.0
2022-08-02 04:25:00,59.0
2022-08-02 04:26:00,52.0
2022-08-02 04:27:00,52.0
2022-08-02 04:28:00,52.0
2022-08-02 04:29:00,60.0
2022-08-02 04:30:00,53.0
2022-08-02 04:31:00,56.0
2022-08-02 04:32:00,55.0
2022-08-02 04:33:00,54.0
2022-08-02 04:34:00,54.0
2022-08-02 04:35:00,61.0
2022-08-02 04:36:00,58.0
2022-08-02 04:37:00,58.0
2022-08-02 04:38:00,59.0
2022-08-02 04:39:00,58.0
2022-08-02 04:40:00,51.0
2022-08-02 04:41:00,59.0
2022-08-02 04:42:00,55.0
2022-08-02 04:43:00,65.0
2022-08-02 04:44:00,56.0
2022-08-02 04:45:00,60.0
2022-08-02 04:46:00,53.0
2022-08-02 04:47:00,55.0
2022-08-02 04:48:00,57.0
2022-08-02 04:49:00,54.0
2022-08-02 04:50:00,62.0
2022-08-02 04:51:00,59.0
2022-08-02 04:52:00,57.0
2022-08-02 04:53:00,56.0
2022-08-02 04:54:00,57.0
2022-08-02 04:55:00,54.0
2022-08-02 04:56:00,56.0
2022-08-02 04:57:00,58.0
2022-08-02 04:58:00,65.0
2022-08-02 04:59:00,58.0
2022-08-02 05:00:00,56.0
2022-08-02 05:01:00,53.0
2022-08-02 05:02:00,57.0
2022-08-02 05:03:00,60.0
2022-08-02 05:04:00,59.0
2022-08-02 05:05:00,65.0
2022-08-02 05:06:00,56.0
2022-08-02 05:07:00,57.0
2022-08-02 05:08:00,56.0
2022-08-02 05:09:00,54.0
2022-08-02 05:10:00,54.0
2022-08-02 05:11:00,56.0
2022-08-02 05:12:00,56.0
2022-08-02 05:13:00,54.0
2022-08-02 05:14:00,54.0
2022-08-02 05:15:00,54.0
2022-08-02 05:16:00,55.0
2022-08-02 05:17:00,56.0
2022-08-02 05:18:00,55.0
2022-08-02 05:19:00,58.0
2022-08-02 05:20:00,56.0
2022-08-02 05:21:00,54.0
2022-08-02 05:22:00,57.0
2022-08-02 05:23:00,54.0
2022-08-02 05:24:00,54.0
2022-08-02 05:25:00,56.0
2022-08-02 05:26:00,54.0
2022-08-02 05:27:00,52.0
2022-08-02 05:28:00,54.0
2022-08-02 05:29:00,55.0
2022-08-02 05:30:00,55.0
2022-08-02 05:31:00,53.0
2022-08-02 05:32:00,53.0
2022-08-02 05:33:00,53.0
2022-08-02 05:34:00,54.0
2022-08-02 05:35:00,56.0
2022-08-02 05:36:00,54.0
2022-08-02 05:37:00,55.0
2022-08-02 05:38:00,58.0
2022-08-02 05:39:00,54.0
2022-08-02 05:40:00,56.0
2022-08-02 05:41:00,56.0
2022-08-02 05:42:00,54.0
2022-08-02 05:43:00,53.0
2022-08-02 05:44:00,53.0
2022-08-02 05:45:00,54.0
2022-08-02 05:46:00,55.0
2022-08-02 05:47:00,55.0
2022-08-02 05:48:00,55.0
2022-08-02 05:49:00,54.0
2022-08-02 05:50:00,56.0
2022-08-02 05:51:00,54.0
2022-08-02 05:52:00,56.0
2022-08-02 05:53:00,55.0
2022-08-02 05:54:00,54.0
2022-08-02 05:55:00,56.0
2022-08-02 05:56:00,56.0
2022-08-02 05:57:00,56.0
2022-08-02 05:58:00,56.0
2022-08-02 05:59:00,54.0
2022-08-02 06:00:00,55.0
2022-08-02 06:01:00,55.0
2022-08-02 06:02:00,57.0
2022-08-02 06:03:00,55.0
2022-08-02 06:04:00,54.0
2022-08-02 06:05:00,56.0
2022-08-02 06:06:00,54.0
2022-08-02 06:07:00,55.0
2022-08-02 06:08:00,54.0
2022-08-02 06:09:00,56.0
2022-08-02 06:10:00,56.0
2022-08-02 06:11:00,58.0
2022-08-02 06:12:00,56.0
2022-08-02 06:13:00,56.0
2022-08-02 06:14:00,58.0
2022-08-02 06:15:00,55.0
2022-08-02 06:16:00,56.0
2022-08-02 06:17:00,57.0
2022-08-02 06:18:00,56.0
2022-08-02 06:19:00,58.0
2022-08-02 06:20:00,57.0
2022-08-02 06:21:00,58.0
2022-08-02 06:22:00,56.0
2022-08-02 06:23:00,56.0
2022-08-02 06:24:00,54.0
2022-08-02 06:25:00,53.0
2022-08-02 06:26:00,54.0
2022-08-02 06:27:00,55.0
2022-08-02 06:28:00,52.0
2022-08-02 06:29:00,55.0
2022-08-02 06:30:00,58.0
2022-08-02 06:31:00,56.0
2022-08-02 06:32:00,53.0
2022-08-02 06:33:00,57.0
2022-08-02 06:34:00,60.0
2022-08-02 06:35:00,58.0
2022-08-02 06:36:00,57.0
2022-08-02 06:37:00,58.0
2022-08-02 06:38:00,55.0
2022-08-02 06:39:00,60.0
2022-08-02 06:40:00,58.0
2022-08-02 06:41:00,59.0
2022-08-02 06:42:00,58.0
2022-08-02 06:43:00,56.0
2022-08-02 06:44:00,56.0
2022-08-02 06:45:00,59.0
2022-08-02 06:46:00,55.0
2022-08-02 06:47:00,58.0
2022-08-02 06:48:00,60.0
2022-08-02 06:49:00,56.0
2022-08-02 06:50:00,57.0
2022-08-02 06:51:00,58.0
2022-08-02 06:52:00,58.0
2022-08-02 06:53:00,55.0
2022-08-02 06:54:00,60.0
2022-08-02 06:55:00,59.0
2022-08-02 06:56:00,58.0
2022-08-02 06:57:00,58.0
2022-08-02 06:58:00,58.0
2022-08-02 06:59:00,58.0
2022-08-02 07:00:00,58.0
2022-08-02 07:01:00,58.0
2022-08-02 07:02:00,58.0
2022-08-02 07:03:00,57.0
2022-08-02 07:04:00,57.0
2022-08-02 07:05:00,59.0
2022-08-02 07:06:00,60.0
2022-08-02 07:07:00,56.0
2022-08-02 07:08:00,57.0
2022-08-02 07:09:00,61.0
2022-08-02 07:10:00,54.0
2022-08-02 07:11:00,58.0
2022-08-02 07:12:00,61.0
2022-08-02 07:13:00,59.0
2022-08-02 07:14:00,58.0
2022-08-02 07:15:00,61.0
2022-08-02 07:16:00,56.0
2022-08-02 07:17:00,54.0
2022-08-02 07:18:00,60.0
2022-08-02 07:19:00,56.0
2022-08-02 07:20:00,57.0
2022-08-02 07:21:00,59.0
2022-08-02 07:22:00,59.0
2022-08-02 07:23:00,54.0
2022-08-02 07:24:00,61.0
2022-08-02 07:25:00,64.0
2022-08-02 07:26:00,59.0
2022-08-02 07:27:00,58.0
2022-08-02 07:28:00,57.0
2022-08-02 07:29:00,57.0
2022-08-02 07:30:00,58.0
2022-08-02 07:31:00,57.0
2022-08-02 07:32:00,59.0
2022-08-02 07:33:00,61.0
2022-08-02 07:34:00,59.0
2022-08-02 07:35:00,60.0
2022-08-02 07:36:00,61.0
2022-08-02 07:37:00,60.0
2022-08-02 07:38:00,61.0
2022-08-02 07:39:00,62.0
2022-08-02 07:40:00,58.0
2022-08-02 07:41:00,59.0
2022-08-02 07:42:00,60.0
2022-08-02 07:43:00,58.0
2022-08-02 07:44:00,61.0
2022-08-02 07:45:00,60.0
2022-08-02 07:46:00,58.0
2022-08-02 07:47:00,60.0
2022-08-02 07:48:00,60.0
2022-08-02 07:49:00,60.0
2022-08-02 07:50:00,59.0
2022-08-02 07:51:00,62.0
2022-08-02 07:52:00,60.0
2022-08-02 07:53:00,58.0
2022-08-02 07:54:00,62.0
2022-08-02 07:55:00,57.0
2022-08-02 07:56:00,58.0
2022-08-02 07:57:00,60.0
2022-08-02 07:58:00,57.0
2022-08-02 07:59:00,60.0
2022-08-02 08:00:00,58.0
2022-08-02 08:01:00,61.0
2022-08-02 08:02:00,58.0
2022-08-02 08:03:00,62.0
2022-08-02 08:04:00,64.0
2022-08-02 08:05:00,60.0
2022-08-02 08:06:00,61.0
2022-08-02 08:07:00,57.0
2022-08-02 08:08:00,60.0
2022-08-02 08:09:00,59.0
2022-08-02 08:10:00,61.0
2022-08-02 08:11:00,61.0
2022-08-02 08:12:00,61.0
2022-08-02 08:13:00,58.0
2022-08-02 08:14:00,65.0
2022-08-02 08:15:00,69.0
2022-08-02 08:16:00,61.0
2022-08-02 08:17:00,62.0
2022-08-02 08:18:00,60.0
2022-08-02 08:19:00,60.0
2022-08-02 08:20:00,63.0
2022-08-02 08:21:00,60.0
2022-08-02 08:22:00,59.0
2022-08-02 08:23:00,61.0
2022-08-02 08:24:00,60.0
2022-08-02 08:25:00,59.0
2022-08-02 08:26:00,59.0
2022-08-02 08:27:00,59.0
2022-08-02 08:28:00,59.0
2022-08-02 08:29:00,60.0
2022-08-02 08:30:00,64.0
2022-08-02 08:31:00,60.0
2022-08-02 08:32:00,60.0
2022-08-02 08:33:00,62.0
2022-08-02 08:34:00,59.0
2022-08-02 08:35:00,59.0
2022-08-02 08:36:00,62.0
2022-08-02 08:37:00,62.0
2022-08-02 08:38:00,58.0
2022-08-02 08:39:00,63.0
2022-08-02 08:40:00,62.0
2022-08-02 08:41:00,59.0
2022-08-02 08:42:00,67.0
2022-08-02 08:43:00,61.0
2022-08-02 08:44:00,60.0
2022-08-02 08:45:00,63.0
2022-08-02 08:46:00,62.0
2022-08-02 08:47:00,62.0
2022-08-02 08:48:00,63.0
2022-08-02 08:49:00,62.0
2022-08-02 08:50:00,66.0
2022-08-02 08:51:00,65.0
2022-08-02 08:52:00,65.0
2022-08-02 08:53:00,65.0
2022-08-02 08:54:00,64.0
2022-08-02 08:55:00,60.0
2022-08-02 08:56:00,60.0
2022-08-02 08:57:00,62.0
2022-08-02 08:58:00,60.0
2022-08-02 08:59:00,62.0
2022-08-02 09:00:00,62.0
2022-08-02 09:01:00,64.0
2022-08-02 09:02:00,64.0
2022-08-02 09:03:00,62.0
2022-08-02 09:04:00,63.0
2022-08-02 09:05:00,62.0
2022-08-02 09:06:00,62.0
2022-08-02 09:07:00,64.0
2022-08-02 09:08:00,62.0
2022-08-02 09:09:00,62.0
2022-08-02 09:10:00,64.0
2022-08-02 09:11:00,60.0
2022-08-02 09:12:00,63.0
2022-08-02 09:13:00,65.0
2022-08-02 09:14:00,64.0
2022-08-02 09:15:00,63.0
2022-08-02 09:16:00,59.0
2022-08-02 09:17:00,62.0
2022-08-02 09:18:00,62.0
2022-08-02 09:19:00,61.0
2022-08-02 09:20:00,62.0
2022-08-02 09:21:00,60.0
2022-08-02 09:22:00,60.0
2022-08-02 09:23:00,62.0
2022-08-02 09:24:00,62.0
2022-08-02 09:25:00,61.0
2022-08-02 09:26:00,62.0
2022-08-02 09:27:00,62.0
2022-08-02 09:28:00,60.0
2022-08-02 09:29:00,62.0
2022-08-02 09:30:00,62.0
2022-08-02 09:31:00,62.0
2022-08-02 09:32:00,64.0
2022-08-02 09:33:00,64.0
2022-08-02 09:34:00,64.0
2022-08-02 09:35:00,63.0
2022-08-02 09:36:00,64.0
2022-08-02 09:37:00,62.0
2022-08-02 09:38:00,64.0
2022-08-02 09:39:00,64.0
2022-08-02 09:40:00,65.0
2022-08-02 09:41:00,64.0
2022-08-02 09:42:00,59.0
2022-08-02 09:43:00,62.0
2022-08-02 09:44:00,57.0
2022-08-02 09:45:00,62.0
2022-08-02 09:46:00,63.0
2022-08-02 09:47:00,60.0
2022-08-02 09:48:00,62.0
2022-08-02 09:49:00,60.0
2022-08-02 09:50:00,61.0
2022-08-02 09:51:00,64.0
2022-08-02 09:52:00,60.0
2022-08-02 09:53:00,62.0
2022-08-02 09:54:00,62.0
2022-08-02 09:55:00,60.0
2022-08-02 09:56:00,62.0
2022-08-02 09:57:00,63.0
2022-08-02 09:58:00,62.0
2022-08-02 09:59:00,61.0
2022-08-02 10:00:00,62.0
2022-08-02 10:01:00,58.0
2022-08-02 10:02:00,62.0
2022-08-02 10:03:00,62.0
2022-08-02 10:04:00,60.0
2022-08-02 10:05:00,60.0
2022-08-02 10:06:00,60.0
2022-08-02 10:07:00,61.0
2022-08-02 10:08:00,61.0
2022-08-02 10:09:00,60.0
2022-08-02 10:10:00,57.0
2022-08-02 10:11:00,60.0
2022-08-02 10:12:00,60.0
2022-08-02 10:13:00,55.0
2022-08-02 10:14:00,60.0
2022-08-02 10:15:00,60.0
2022-08-02 10:16:00,60.0
2022-08-02 10:17:00,60.0
2022-08-02 10:18:00,62.0
2022-08-02 10:19:00,61.0
2022-08-02 10:20:00,61.0
2022-08-02 10:21:00,62.0
2022-08-02 10:22:00,60.0
2022-08-02 10:23:00,62.0
2022-08-02 10:24:00,62.0
2022-08-02 10:25:00,60.0
2022-08-02 10:26:00,62.0
2022-08-02 10:27:00,65.0
2022-08-02 10:28:00,63.0
2022-08-02 10:29:00,65.0
2022-08-02 10:30:00,63.0
2022-08-02 10:31:00,62.0
2022-08-02 10:32:00,63.0
2022-08-02 10:33:00,62.0
2022-08-02 10:34:00,61.0
2022-08-02 10:35:00,62.0
2022-08-02 10:36:00,62.0
2022-08-02 10:37:00,61.0
2022-08-02 10:38:00,60.0
2022-08-02 10:39:00,60.0
2022-08-02 10:40:00,59.0
2022-08-02 10:41:00,60.0
2022-08-02 10:42:00,62.0
2022-08-02 10:43:00,62.0
2022-08-02 10:44:00,62.0
2022-08-02 10:45:00,62.0
2022-08-02 10:46:00,60.0
2022-08-02 10:47:00,60.0
2022-08-02 10:48:00,61.0
2022-08-02 10:49:00,62.0
2022-08-02 10:50:00,60.0
2022-08-02 10:51:00,62.0
2022-08-02 10:52:00,61.0
2022-08-02 10:53:00,62.0
2022-08-02 10:54:00,62.0
2022-08-02 10:55:00,61.0
2022-08-02 10:56:00,62.0
2022-08-02 10:57:00,63.0
2022-08-02 10:58:00,62.0
2022-08-02 10:59:00,63.0
2022-08-02 11:00:00,63.0
2022-08-02 11:01:00,62.0
2022-08-02 11:02:00,62.0
2022-08-02 11:03:00,64.0
2022-08-02 11:04:00,62.0
2022-08-02 11:05:00,64.0
2022-08-02 11:06:00,60.0
2022-08-02 11:07:00,57.0
2022-08-02 11:08:00,61.0
2022-08-02 11:09:00,60.0
2022-08-02 11:10:00,58.0
2022-08-02 11:11:00,59.0
2022-08-02 11:12:00,61.0
2022-08-02 11:13:00,56.0
2022-08-02 11:14:00,57.0
2022-08-02 11:15:00,61.0
2022-08-02 11:16:00,58.0
2022-08-02 11:17:00,57.0
2022-08-02 11:18:00,60.0
2022-08-02 11:19:00,56.0
2022-08-02 11:20:00,60.0
2022-08-02 11:21:00,61.0
2022-08-02 11:22:00,57.0
2022-08-02 11:23:00,60.0
2022-08-02 11:24:00,59.0
2022-08-02 11:25:00,59.0
2022-08-02 11:26:00,62.0
2022-08-02 11:27:00,62.0
2022-08-02 11:28:00,62.0
2022-08-02 11:29:00,62.0
2022-08-02 11:30:00,63.0
2022-08-02 11:31:00,65.0
2022-08-02 11:32:00,62.0
2022-08-02 11:33:00,64.0
2022-08-02 11:34:00,64.0
2022-08-02 11:35:00,64.0
2022-08-02 11:36:00,66.0
2022-08-02 11:37:00,62.0
2022-08-02 11:38:00,64.0
2022-08-02 11:39:00,65.0
2022-08-02 11:40:00,66.0
2022-08-02 11:41:00,66.0
2022-08-02 11:42:00,64.0
2022-08-02 11:43:00,62.0
2022-08-02 11:44:00,62.0
2022-08-02 11:45:00,64.0
2022-08-02 11:46:00,64.0
2022-08-02 11:47:00,64.0
2022-08-02 11:48:00,64.0
2022-08-02 11:49:00,62.0
2022-08-02 11:50:00,62.0
2022-08-02 11:51:00,62.0
2022-08-02 11:52:00,62.0
2022-08-02 11:53:00,60.0
2022-08-02 11:54:00,60.0
2022-08-02 11:55:00,58.0
2022-08-02 11:56:00,62.0
2022-08-02 11:57:00,61.0
2022-08-02 11:58:00,64.0
2022-08-02 11:59:00,62.0
2022-08-02 12:00:00,62.0
2022-08-02 12:01:00,62.0
2022-08-02 12:02:00,62.0
2022-08-02 12:03:00,61.0
2022-08-02 12:04:00,62.0
2022-08-02 12:05:00,62.0
2022-08-02 12:06:00,66.0
2022-08-02 12:07:00,64.0
2022-08-02 12:08:00,64.0
2022-08-02 12:09:00,64.0
2022-08-02 12:10:00,64.0
2022-08-02 12:11:00,62.0
2022-08-02 12:12:00,66.0
2022-08-02 12:13:00,64.0
2022-08-02 12:14:00,65.0
2022-08-02 12:15:00,63.0
2022-08-02 12:16:00,64.0
2022-08-02 12:17:00,64.0
2022-08-02 12:18:00,64.0
2022-08-02 12:19:00,65.0
2022-08-02 12:20:00,62.0
2022-08-02 12:21:00,64.0
2022-08-02 12:22:00,63.0
2022-08-02 12:23:00,64.0
2022-08-02 12:24:00,64.0
2022-08-02 12:25:00,63.0
2022-08-02 12:26:00,61.0
2022-08-02 12:27:00,60.0
2022-08-02 12:28:00,64.0
2022-08-02 12:29:00,62.0
2022-08-02 12:30:00,66.0
2022-08-02 12:31:00,62.0
2022-08-02 12:32:00,65.0
2022-08-02 12:33:00,62.0
2022-08-02 12:34:00,62.0
2022-08-02 12:35:00,64.0
2022-08-02 12:36:00,62.0
2022-08-02 12:37:00,63.0
2022-08-02 12:38:00,64.0
2022-08-02 12:39:00,63.0
2022-08-02 12:40:00,62.0
2022-08-02 12:41:00,61.0
2022-08-02 12:42:00,62.0
2022-08-02 12:43:00,66.0
2022-08-02 12:44:00,62.0
2022-08-02 12:45:00,64.0
2022-08-02 12:46:00,64.0
2022-08-02 12:47:00,65.0
2022-08-02 12:48:00,63.0
2022-08-02 12:49:00,64.0
2022-08-02 12:50:00,64.0
2022-08-02 12:51:00,64.0
2022-08-02 12:52:00,65.0
2022-08-02 12:53:00,62.0
2022-08-02 12:54:00,62.0
2022-08-02 12:55:00,62.0
2022-08-02 12:56:00,60.0
2022-08-02 12:57:00,57.0
2022-08-02 12:58:00,58.0
2022-08-02 12:59:00,60.0
2022-08-02 13:00:00,59.0
2022-08-02 13:01:00,60.0
2022-08-02 13:02:00,59.0
2022-08-02 13:03:00,60.0
2022-08-02 13:04:00,56.0
2022-08-02 13:05:00,61.0
2022-08-02 13:06:00,62.0
2022-08-02 13:07:00,64.0
2022-08-02 13:08:00,64.0
2022-08-02 13:09:00,60.0
2022-08-02 13:10:00,61.0
2022-08-02 13:11:00,62.0
2022-08-02 13:12:00,64.0
2022-08-02 13:13:00,65.0
2022-08-02 13:14:00,63.0
2022-08-02 13:15:00,62.0
2022-08-02 13:16:00,65.0
2022-08-02 13:17:00,62.0
2022-08-02 13:18:00,61.0
2022-08-02 13:19:00,62.0
2022-08-02 13:20:00,62.0
2022-08-02 13:21:00,63.0
2022-08-02 13:22:00,64.0
2022-08-02 13:23:00,62.0
2022-08-02 13:24:00,63.0
2022-08-02 13:25:00,62.0
2022-08-02 13:26:00,65.0
2022-08-02 13:27:00,62.0
2022-08-02 13:28:00,64.0
2022-08-02 13:29:00,65.0
2022-08-02 13:30:00,65.0
2022-08-02 13:31:00,63.0
2022-08-02 13:32:00,64.0
2022-08-02 13:33:00,66.0
2022-08-02 13:34:00,64.0
2022-08-02 13:35:00,64.0
2022-08-02 13:36:00,65.0
2022-08-02 13:37:00,64.0
2022-08-02 13:38:00,67.0
2022-08-02 13:39:00,66.0
2022-08-02 13:40:00,66.0
2022-08-02 13:41:00,69.0
2022-08-02 13:42:00,65.0
2022-08-02 13:43:00,69.0
2022-08-02 13:44:00,67.0
2022-08-02 13:45:00,68.0
2022-08-02 13:46:00,68.0
2022-08-02 13:47:00,70.0
2022-08-02 13:48:00,70.0
2022-08-02 13:49:00,67.0
2022-08-02 13:50:00,61.0
2022-08-02 13:51:00,68.0
2022-08-02 13:52:00,70.0
2022-08-02 13:53:00,68.0
2022-08-02 13:54:00,64.0
2022-08-02 13:55:00,69.0
2022-08-02 13:56:00,65.0
2022-08-02 13:57:00,64.0
2022-08-02 13:58:00,67.0
2022-08-02 13:59:00,64.0
2022-08-02 14:00:00,66.0
2022-08-02 14:01:00,64.0
2022-08-02 14:02:00,64.0
2022-08-02 14:03:00,61.0
2022-08-02 14:04:00,60.0
2022-08-02 14:05:00,60.0
2022-08-02 14:06:00,62.0
2022-08-02 14:07:00,62.0
2022-08-02 14:08:00,62.0
2022-08-02 14:09:00,60.0
2022-08-02 14:10:00,64.0
2022-08-02 14:11:00,64.0
2022-08-02 14:12:00,63.0
2022-08-02 14:13:00,64.0
2022-08-02 14:14:00,62.0
2022-08-02 14:15:00,61.0
2022-08-02 14:16:00,61.0
2022-08-02 14:17:00,64.0
2022-08-02 14:18:00,67.0
2022-08-02 14:19:00,64.0
2022-08-02 14:20:00,62.0
2022-08-02 14:21:00,66.0
2022-08-02 14:22:00,64.0
2022-08-02 14:23:00,65.0
2022-08-02 14:24:00,66.0
2022-08-02 14:25:00,64.0
2022-08-02 14:26:00,59.0
2022-08-02 14:27:00,63.0
2022-08-02 14:28:00,61.0
2022-08-02 14:29:00,59.0
2022-08-02 14:30:00,70.0
2022-08-02 14:31:00,60.0
2022-08-02 14:32:00,64.0
2022-08-02 14:33:00,67.0
2022-08-02 14:34:00,70.0
2022-08-02 14:35:00,65.0
2022-08-02 14:36:00,65.0
2022-08-02 14:37:00,64.0
2022-08-02 14:38:00,62.0
2022-08-02 14:39:00,65.0
2022-08-02 14:40:00,62.0
2022-08-02 14:41:00,62.0
2022-08-02 14:42:00,62.0
2022-08-02 14:43:00,62.0
2022-08-02 14:44:00,61.0
2022-08-02 14:45:00,61.0
2022-08-02 14:46:00,60.0
2022-08-02 14:47:00,61.0
2022-08-02 14:48:00,62.0
2022-08-02 14:49:00,60.0
2022-08-02 14:50:00,57.0
2022-08-02 14:51:00,59.0
2022-08-02 14:52:00,62.0
2022-08-02 14:53:00,59.0
2022-08-02 14:54:00,64.0
2022-08-02 14:55:00,58.0
2022-08-02 14:56:00,59.0
2022-08-02 14:57:00,59.0
2022-08-02 14:58:00,61.0
2022-08-02 14:59:00,64.0
2022-08-02 15:00:00,61.0
2022-08-02 15:01:00,59.0
2022-08-02 15:02:00,61.0
2022-08-02 15:03:00,63.0
2022-08-02 15:04:00,60.0
2022-08-02 15:05:00,63.0
2022-08-02 15:06:00,62.0
2022-08-02 15:07:00,59.0
2022-08-02 15:08:00,59.0
2022-08-02 15:09:00,60.0
2022-08-02 15:10:00,56.0
2022-08-02 15:11:00,60.0
2022-08-02 15:12:00,65.0
2022-08-02 15:13:00,62.0
2022-08-02 15:14:00,61.0
2022-08-02 15:15:00,68.0
2022-08-02 15:16:00,63.0
2022-08-02 15:17:00,63.0
2022-08-02 15:18:00,65.0
2022-08-02 15:19:00,64.0
2022-08-02 15:20:00,64.0
2022-08-02 15:21:00,64.0
2022-08-02 15:22:00,64.0
2022-08-02 15:23:00,62.0
2022-08-02 15:24:00,68.0
2022-08-02 15:25:00,64.0
2022-08-02 15:26:00,64.0
2022-08-02 15:27:00,67.0
2022-08-02 15:28:00,63.0
2022-08-02 15:29:00,64.0
2022-08-02 15:30:00,66.0
2022-08-02 15:31:00,64.0
2022-08-02 15:32:00,64.0
2022-08-02 15:33:00,66.0
2022-08-02 15:34:00,64.0
2022-08-02 15:35:00,65.0
2022-08-02 15:36:00,64.0
2022-08-02 15:37:00,65.0
2022-08-02 15:38:00,64.0
2022-08-02 15:39:00,66.0
2022-08-02 15:40:00,68.0
2022-08-02 15:41:00,67.0
2022-08-02 15:42:00,64.0
2022-08-02 15:43:00,62.0
2022-08-02 15:44:00,62.0
2022-08-02 15:45:00,62.0
2022-08-02 15:46:00,63.0
2022-08-02 15:47:00,62.0
2022-08-02 15:48:00,64.0
2022-08-02 15:49:00,64.0
2022-08-02 15:50:00,64.0
2022-08-02 15:51:00,64.0
2022-08-02 15:52:00,64.0
2022-08-02 15:53:00,63.0
2022-08-02 15:54:00,64.0
2022-08-02 15:55:00,64.0
2022-08-02 15:56:00,64.0
2022-08-02 15:57:00,63.0
2022-08-02 15:58:00,63.0
2022-08-02 15:59:00,64.0
2022-08-02 16:00:00,63.0
2022-08-02 16:01:00,66.0
2022-08-02 16:02:00,64.0
2022-08-02 16:03:00,62.0
2022-08-02 16:04:00,62.0
2022-08-02 16:05:00,62.0
2022-08-02 16:06:00,62.0
2022-08-02 16:07:00,62.0
2022-08-02 16:08:00,62.0
2022-08-02 16:09:00,63.0
2022-08-02 16:10:00,63.0
2022-08-02 16:11:00,63.0
2022-08-02 16:12:00,62.0
2022-08-02 16:13:00,62.0
2022-08-02 16:14:00,64.0
2022-08-02 16:15:00,62.0
2022-08-02 16:16:00,75.0
2022-08-02 16:17:00,68.0
2022-08-02 16:18:00,65.0
2022-08-02 16:19:00,62.0
2022-08-02 16:20:00,65.0
2022-08-02 16:21:00,64.0
2022-08-02 16:22:00,62.0
2022-08-02 16:23:00,58.0
2022-08-02 16:24:00,60.0
2022-08-02 16:25:00,60.0
2022-08-02 16:26:00,68.0
2022-08-02 16:27:00,64.0
2022-08-02 16:28:00,66.0
2022-08-02 16:29:00,64.0
2022-08-02 16:30:00,68.0
2022-08-02 16:31:00,64.0
2022-08-02 16:32:00,65.0
2022-08-02 16:33:00,67.0
2022-08-02 16:34:00,64.0
2022-08-02 16:35:00,64.0
2022-08-02 16:36:00,64.0
2022-08-02 16:37:00,66.0
2022-08-02 16:38:00,63.0
2022-08-02 16:39:00,66.0
2022-08-02 16:40:00,64.0
2022-08-02 16:41:00,64.0
2022-08-02 16:42:00,63.0
2022-08-02 16:43:00,65.0
2022-08-02 16:44:00,66.0
2022-08-02 16:45:00,67.0
2022-08-02 16:46:00,66.0
2022-08-02 16:47:00,65.0
2022-08-02 16:48:00,70.0
2022-08-02 16:49:00,64.0
2022-08-02 16:50:00,64.0
2022-08-02 16:51:00,64.0
2022-08-02 16:52:00,62.0
2022-08-02 16:53:00,63.0
2022-08-02 16:54:00,62.0
2022-08-02 16:55:00,64.0
2022-08-02 16:56:00,60.0
2022-08-02 16:57:00,61.0
2022-08-02 16:58:00,60.0
2022-08-02 16:59:00,69.0
2022-08-02 17:00:00,70.0
2022-08-02 17:01:00,68.0
2022-08-02 17:02:00,68.0
2022-08-02 17:03:00,62.0
2022-08-02 17:04:00,71.0
2022-08-02 17:05:00,68.0
2022-08-02 17:06:00,69.0
2022-08-02 17:07:00,65.0
2022-08-02 17:08:00,61.0
2022-08-02 17:09:00,61.0
2022-08-02 17:10:00,58.0
2022-08-02 17:11:00,72.0
2022-08-02 17:12:00,65.0
2022-08-02 17:13:00,62.0
2022-08-02 17:14:00,62.0
2022-08-02 17:15:00,63.0
2022-08-02 17:16:00,64.0
2022-08-02 17:17:00,64.0
2022-08-02 17:18:00,67.0
2022-08-02 17:19:00,68.0
2022-08-02 17:20:00,66.0
2022-08-02 17:21:00,66.0
2022-08-02 17:22:00,66.0
2022-08-02 17:23:00,68.0
2022-08-02 17:24:00,67.0
2022-08-02 17:25:00,64.0
2022-08-02 17:26:00,62.0
2022-08-02 17:27:00,62.0
2022-08-02 17:28:00,62.0
2022-08-02 17:29:00,64.0
2022-08-02 17:30:00,63.0
2022-08-02 17:31:00,61.0
2022-08-02 17:32:00,62.0
2022-08-02 17:33:00,62.0
2022-08-02 17:34:00,63.0
2022-08-02 17:35:00,65.0
2022-08-02 17:36:00,64.0
2022-08-02 17:37:00,63.0
2022-08-02 17:38:00,63.0
2022-08-02 17:39:00,63.0
2022-08-02 17:40:00,62.0
2022-08-02 17:41:00,60.0
2022-08-02 17:42:00,62.0
2022-08-02 17:43:00,62.0
2022-08-02 17:44:00,63.0
2022-08-02 17:45:00,63.0
2022-08-02 17:46:00,68.0
2022-08-02 17:47:00,65.0
2022-08-02 17:48:00,63.0
2022-08-02 17:49:00,64.0
2022-08-02 17:50:00,64.0
2022-08-02 17:51:00,64.0
2022-08-02 17:52:00,63.0
2022-08-02 17:53:00,62.0
2022-08-02 17:54:00,64.0
2022-08-02 17:55:00,64.0
2022-08-02 17:56:00,65.0
2022-08-02 17:57:00,66.0
2022-08-02 17:58:00,68.0
2022-08-02 17:59:00,67.0
2022-08-02 18:00:00,66.0
2022-08-02 18:01:00,68.0
2022-08-02 18:02:00,68.0
2022-08-02 18:03:00,64.0
2022-08-02 18:04:00,63.0
2022-08-02 18:05:00,66.0
2022-08-02 18:06:00,63.0
2022-08-02 18:07:00,60.0
2022-08-02 18:08:00,62.0
2022-08-02 18:09:00,66.0
2022-08-02 18:10:00,64.0
2022-08-02 18:11:00,64.0
2022-08-02 18:12:00,64.0
2022-08-02 18:13:00,68.0
2022-08-02 18:14:00,66.0
2022-08-02 18:15:00,66.0
2022-08-02 18:16:00,66.0
2022-08-02 18:17:00,66.0
2022-08-02 18:18:00,66.0
2022-08-02 18:19:00,64.0
2022-08-02 18:20:00,66.0
2022-08-02 18:21:00,67.0
2022-08-02 18:22:00,68.0
2022-08-02 18:23:00,64.0
2022-08-02 18:24:00,62.0
2022-08-02 18:25:00,66.0
2022-08-02 18:26:00,62.0
2022-08-02 18:27:00,63.0
2022-08-02 18:28:00,63.0
2022-08-02 18:29:00,67.0
2022-08-02 18:30:00,66.0
2022-08-02 18:31:00,63.0
2022-08-02 18:32:00,66.0
2022-08-02 18:33:00,64.0
2022-08-02 18:34:00,64.0
2022-08-02 18:35:00,63.0
2022-08-02 18:36:00,61.0
2022-08-02 18:37:00,62.0
2022-08-02 18:38:00,59.0
2022-08-02 18:39:00,62.0
2022-08-02 18:40:00,61.0
2022-08-02 18:41:00,63.0
2022-08-02 18:42:00,63.0
2022-08-02 18:43:00,64.0
2022-08-02 18:44:00,58.0
2022-08-02 18:45:00,62.0
2022-08-02 18:46:00,63.0
2022-08-02 18:47:00,64.0
2022-08-02 18:48:00,66.0
2022-08-02 18:49:00,62.0
2022-08-02 18:50:00,64.0
2022-08-02 18:51:00,68.0
2022-08-02 18:52:00,60.0
2022-08-02 18:53:00,58.0
2022-08-02 18:54:00,62.0
2022-08-02 18:55:00,63.0
2022-08-02 18:56:00,59.0
2022-08-02 18:57:00,64.0
2022-08-02 18:58:00,62.0
2022-08-02 18:59:00,62.0
2022-08-02 19:00:00,60.0
2022-08-02 19:01:00,66.0
2022-08-02 19:02:00,62.0
2022-08-02 19:03:00,61.0
2022-08-02 19:04:00,62.0
2022-08-02 19:05:00,63.0
2022-08-02 19:06:00,62.0
2022-08-02 19:07:00,58.0
2022-08-02 19:08:00,63.0
2022-08-02 19:09:00,59.0
2022-08-02 19:10:00,60.0
2022-08-02 19:11:00,66.0
2022-08-02 19:12:00,60.0
2022-08-02 19:13:00,60.0
2022-08-02 19:14:00,62.0
2022-08-02 19:15:00,61.0
2022-08-02 19:16:00,62.0
2022-08-02 19:17:00,62.0
2022-08-02 19:18:00,62.0
2022-08-02 19:19:00,60.0
2022-08-02 19:20:00,61.0
2022-08-02 19:21:00,62.0
2022-08-02 19:22:00,62.0
2022-08-02 19:23:00,62.0
2022-08-02 19:24:00,62.0
2022-08-02 19:25:00,61.0
2022-08-02 19:26:00,61.0
2022-08-02 19:27:00,63.0
2022-08-02 19:28:00,62.0
2022-08-02 19:29:00,62.0
2022-08-02 19:30:00,63.0
2022-08-02 19:31:00,62.0
2022-08-02 19:32:00,60.0
2022-08-02 19:33:00,62.0
2022-08-02 19:34:00,61.0
2022-08-02 19:35:00,56.0
2022-08-02 19:36:00,59.0
2022-08-02 19:37:00,59.0
2022-08-02 19:38:00,54.0
2022-08-02 19:39:00,58.0
2022-08-02 19:40:00,60.0
2022-08-02 19:41:00,57.0
2022-08-02 19:42:00,57.0
2022-08-02 19:43:00,58.0
2022-08-02 19:44:00,57.0
2022-08-02 19:45:00,62.0
2022-08-02 19:46:00,62.0
2022-08-02 19:47:00,60.0
2022-08-02 19:48:00,62.0
2022-08-02 19:49:00,62.0
2022-08-02 19:50:00,60.0
2022-08-02 19:51:00,60.0
2022-08-02 19:52:00,58.0
2022-08-02 19:53:00,60.0
2022-08-02 19:54:00,61.0
2022-08-02 19:55:00,60.0
2022-08-02 19:56:00,58.0
2022-08-02 19:57:00,60.0
2022-08-02 19:58:00,60.0
2022-08-02 19:59:00,58.0
2022-08-02 20:00:00,59.0
2022-08-02 20:01:00,58.0
2022-08-02 20:02:00,58.0
2022-08-02 20:03:00,58.0
2022-08-02 20:04:00,60.0
2022-08-02 20:05:00,62.0
2022-08-02 20:06:00,61.0
2022-08-02 20:07:00,58.0
2022-08-02 20:08:00,59.0
2022-08-02 20:09:00,61.0
2022-08-02 20:10:00,55.0
2022-08-02 20:11:00,56.0
2022-08-02 20:12:00,60.0
2022-08-02 20:13:00,56.0
2022-08-02 20:14:00,57.0
2022-08-02 20:15:00,60.0
2022-08-02 20:16:00,58.0
2022-08-02 20:17:00,58.0
2022-08-02 20:18:00,58.0
2022-08-02 20:19:00,60.0
2022-08-02 20:20:00,58.0
2022-08-02 20:21:00,57.0
2022-08-02 20:22:00,58.0
2022-08-02 20:23:00,60.0
2022-08-02 20:24:00,57.0
2022-08-02 20:25:00,60.0
2022-08-02 20:26:00,62.0
2022-08-02 20:27:00,60.0
2022-08-02 20:28:00,59.0
2022-08-02 20:29:00,59.0
2022-08-02 20:30:00,58.0
2022-08-02 20:31:00,56.0
2022-08-02 20:32:00,60.0
2022-08-02 20:33:00,60.0
2022-08-02 20:34:00,58.0
2022-08-02 20:35:00,58.0
2022-08-02 20:36:00,60.0
2022-08-02 20:37:00,58.0
2022-08-02 20:38:00,60.0
2022-08-02 20:39:00,59.0
2022-08-02 20:40:00,56.0
2022-08-02 20:41:00,59.0
2022-08-02 20:42:00,62.0
2022-08-02 20:43:00,56.0
2022-08-02 20:44:00,58.0
2022-08-02 20:45:00,60.0
2022-08-02 20:46:00,60.0
2022-08-02 20:47:00,56.0
2022-08-02 20:48:00,62.0
2022-08-02 20:49:00,58.0
2022-08-02 20:50:00,57.0
2022-08-02 20:51:00,62.0
2022-08-02 20:52:00,59.0
2022-08-02 20:53:00,58.0
2022-08-02 20:54:00,61.0
2022-08-02 20:55:00,62.0
2022-08-02 20:56:00,60.0
2022-08-02 20:57:00,60.0
2022-08-02 20:58:00,58.0
2022-08-02 20:59:00,61.0
2022-08-02 21:00:00,59.0
2022-08-02 21:01:00,60.0
2022-08-02 21:02:00,60.0
2022-08-02 21:03:00,61.0
2022-08-02 21:04:00,58.0
2022-08-02 21:05:00,60.0
2022-08-02 21:06:00,60.0
2022-08-02 21:07:00,58.0
2022-08-02 21:08:00,58.0
2022-08-02 21:09:00,57.0
2022-08-02 21:10:00,58.0
2022-08-02 21:11:00,58.0
2022-08-02 21:12:00,58.0
2022-08-02 21:13:00,56.0
2022-08-02 21:14:00,58.0
2022-08-02 21:15:00,58.0
2022-08-02 21:16:00,61.0
2022-08-02 21:17:00,60.0
2022-08-02 21:18:00,57.0
2022-08-02 21:19:00,54.0
2022-08-02 21:20:00,55.0
2022-08-02 21:21:00,54.0
2022-08-02 21:22:00,60.0
2022-08-02 21:23:00,57.0
2022-08-02 21:24:00,56.0
2022-08-02 21:25:00,52.0
2022-08-02 21:26:00,57.0
2022-08-02 21:27:00,56.0
2022-08-02 21:28:00,60.0
2022-08-02 21:29:00,59.0
2022-08-02 21:30:00,60.0
2022-08-02 21:31:00,59.0
2022-08-02 21:32:00,58.0
2022-08-02 21:33:00,56.0
2022-08-02 21:34:00,59.0
2022-08-02 21:35:00,59.0
2022-08-02 21:36:00,62.0
2022-08-02 21:37:00,60.0
2022-08-02 21:38:00,60.0
2022-08-02 21:39:00,59.0
2022-08-02 21:40:00,55.0
2022-08-02 21:41:00,60.0
2022-08-02 21:42:00,59.0
2022-08-02 21:43:00,60.0
2022-08-02 21:44:00,58.0
2022-08-02 21:45:00,54.0
2022-08-02 21:46:00,58.0
2022-08-02 21:47:00,57.0
2022-08-02 21:48:00,58.0
2022-08-02 21:49:00,58.0
2022-08-02 21:50:00,56.0
2022-08-02 21:51:00,57.0
2022-08-02 21:52:00,56.0
2022-08-02 21:53:00,56.0
2022-08-02 21:54:00,58.0
2022-08-02 21:55:00,57.0
2022-08-02 21:56:00,59.0
2022-08-02 21:57:00,57.0
2022-08-02 21:58:00,53.0
2022-08-02 21:59:00,55.0
2022-08-02 22:00:00,53.0
2022-08-02 22:01:00,55.0
2022-08-02 22:02:00,55.0
2022-08-02 22:03:00,57.0
2022-08-02 22:04:00,57.0
2022-08-02 22:05:00,52.0
2022-08-02 22:06:00,53.0
2022-08-02 22:07:00,54.0
2022-08-02 22:08:00,57.0
2022-08-02 22:09:00,56.0
2022-08-02 22:10:00,56.0
2022-08-02 22:11:00,53.0
2022-08-02 22:12:00,52.0
2022-08-02 22:13:00,54.0
2022-08-02 22:14:00,54.0
2022-08-02 22:15:00,57.0
2022-08-02 22:16:00,59.0
2022-08-02 22:17:00,60.0
2022-08-02 22:18:00,60.0
2022-08-02 22:19:00,59.0
2022-08-02 22:20:00,57.0
2022-08-02 22:21:00,58.0
2022-08-02 22:22:00,58.0
2022-08-02 22:23:00,61.0
2022-08-02 22:24:00,59.0
2022-08-02 22:25:00,62.0
2022-08-02 22:26:00,59.0
2022-08-02 22:27:00,57.0
2022-08-02 22:28:00,60.0
2022-08-02 22:29:00,62.0
2022-08-02 22:30:00,60.0
2022-08-02 22:31:00,59.0
2022-08-02 22:32:00,58.0
2022-08-02 22:33:00,56.0
2022-08-02 22:34:00,58.0
2022-08-02 22:35:00,60.0
2022-08-02 22:36:00,56.0
2022-08-02 22:37:00,56.0
2022-08-02 22:38:00,55.0
2022-08-02 22:39:00,59.0
2022-08-02 22:40:00,55.0
2022-08-02 22:41:00,53.0
2022-08-02 22:42:00,53.0
2022-08-02 22:43:00,56.0
2022-08-02 22:44:00,52.0
2022-08-02 22:45:00,56.0
2022-08-02 22:46:00,55.0
2022-08-02 22:47:00,56.0
2022-08-02 22:48:00,58.0
2022-08-02 22:49:00,56.0
2022-08-02 22:50:00,56.0
2022-08-02 22:51:00,56.0
2022-08-02 22:52:00,56.0
2022-08-02 22:53:00,56.0
2022-08-02 22:54:00,56.0
2022-08-02 22:55:00,58.0
2022-08-02 22:56:00,60.0
2022-08-02 22:57:00,53.0
2022-08-02 22:58:00,54.0
2022-08-02 22:59:00,58.0
2022-08-02 23:00:00,57.0
2022-08-02 23:01:00,55.0
2022-08-02 23:02:00,55.0
2022-08-02 23:03:00,57.0
2022-08-02 23:04:00,58.0
2022-08-02 23:05:00,57.0
2022-08-02 23:06:00,54.0
2022-08-02 23:07:00,57.0
2022-08-02 23:08:00,54.0
2022-08-02 23:09:00,56.0
2022-08-02 23:10:00,56.0
2022-08-02 23:11:00,55.0
2022-08-02 23:12:00,53.0
2022-08-02 23:13:00,52.0
2022-08-02 23:14:00,53.0
2022-08-02 23:15:00,54.0
2022-08-02 23:16:00,58.0
2022-08-02 23:17:00,58.0
2022-08-02 23:18:00,60.0
2022-08-02 23:19:00,58.0
2022-08-02 23:20:00,60.0
2022-08-02 23:21:00,60.0
2022-08-02 23:22:00,58.0
2022-08-02 23:23:00,59.0
2022-08-02 23:24:00,58.0
2022-08-02 23:25:00,58.0
2022-08-02 23:26:00,53.0
2022-08-02 23:27:00,55.0
2022-08-02 23:28:00,53.0
2022-08-02 23:29:00,54.0
2022-08-02 23:30:00,58.0
2022-08-02 23:31:00,52.0
2022-08-02 23:32:00,56.0
2022-08-02 23:33:00,55.0
2022-08-02 23:34:00,54.0
2022-08-02 23:35:00,55.0
2022-08-02 23:36:00,52.0
2022-08-02 23:37:00,57.0
2022-08-02 23:38:00,52.0
2022-08-02 23:39:00,53.0
2022-08-02 23:40:00,54.0
2022-08-02 23:41:00,53.0
2022-08-02 23:42:00,54.0
2022-08-02 23:43:00,57.0
2022-08-02 23:44:00,52.0
2022-08-02 23:45:00,57.0
2022-08-02 23:46:00,58.0
2022-08-02 23:47:00,56.0
2022-08-02 23:48:00,58.0
2022-08-02 23:49:00,54.0
2022-08-02 23:50:00,56.0
2022-08-02 23:51:00,56.0
2022-08-02 23:52:00,56.0
2022-08-02 23:53:00,55.0
2022-08-02 23:54:00,56.0
2022-08-02 23:55:00,54.0
2022-08-02 23:56:00,56.0
2022-08-02 23:57:00,54.0
2022-08-02 23:58:00,56.0
2022-08-02 23:59:00,56.0
2022-08-03 00:00:00,55.0
2022-08-03 00:01:00,54.0
2022-08-03 00:02:00,58.0
2022-08-03 00:03:00,55.0
2022-08-03 00:04:00,56.0
2022-08-03 00:05:00,56.0
2022-08-03 00:06:00,52.0
2022-08-03 00:07:00,53.0
2022-08-03 00:08:00,52.0
2022-08-03 00:09:00,55.0
2022-08-03 00:10:00,53.0
2022-08-03 00:11:00,56.0
2022-08-03 00:12:00,54.0
2022-08-03 00:13:00,54.0
2022-08-03 00:14:00,54.0
2022-08-03 00:15:00,54.0
2022-08-03 00:16:00,56.0
2022-08-03 00:17:00,53.0
2022-08-03 00:18:00,56.0
2022-08-03 00:19:00,52.0
2022-08-03 00:20:00,56.0
2022-08-03 00:21:00,55.0
2022-08-03 00:22:00,57.0
2022-08-03 00:23:00,57.0
2022-08-03 00:24:00,54.0
2022-08-03 00:25:00,54.0
2022-08-03 00:26:00,58.0
2022-08-03 00:27:00,54.0
2022-08-03 00:28:00,57.0
2022-08-03 00:29:00,56.0
2022-08-03 00:30:00,56.0
2022-08-03 00:31:00,52.0
2022-08-03 00:32:00,53.0
2022-08-03 00:33:00,54.0
2022-08-03 00:34:00,50.0
2022-08-03 00:35:00,54.0
2022-08-03 00:36:00,56.0
2022-08-03 00:37:00,52.0
2022-08-03 00:38:00,54.0
2022-08-03 00:39:00,53.0
2022-08-03 00:40:00,55.0
2022-08-03 00:41:00,56.0
2022-08-03 00:42:00,53.0
2022-08-03 00:43:00,52.0
2022-08-03 00:44:00,53.0
2022-08-03 00:45:00,54.0
2022-08-03 00:46:00,54.0
2022-08-03 00:47:00,56.0
2022-08-03 00:48:00,56.0
2022-08-03 00:49:00,56.0
2022-08-03 00:50:00,58.0
2022-08-03 00:51:00,58.0
2022-08-03 00:52:00,58.0
2022-08-03 00:53:00,56.0
2022-08-03 00:54:00,55.0
2022-08-03 00:55:00,56.0
2022-08-03 00:56:00,56.0
2022-08-03 00:57:00,54.0
2022-08-03 00:58:00,54.0
2022-08-03 00:59:00,54.0
2022-08-03 01:00:00,54.0
2022-08-03 01:01:00,56.0
2022-08-03 01:02:00,53.0
2022-08-03 01:03:00,53.0
2022-08-03 01:04:00,56.0
2022-08-03 01:05:00,54.0
2022-08-03 01:06:00,56.0
2022-08-03 01:07:00,56.0
2022-08-03 01:08:00,53.0
2022-08-03 01:09:00,52.0
2022-08-03 01:10:00,53.0
2022-08-03 01:11:00,52.0
2022-08-03 01:12:00,56.0
2022-08-03 01:13:00,52.0
2022-08-03 01:14:00,54.0
2022-08-03 01:15:00,54.0
2022-08-03 01:16:00,52.0
2022-08-03 01:17:00,52.0
2022-08-03 01:18:00,53.0
2022-08-03 01:19:00,53.0
2022-08-03 01:20:00,56.0
2022-08-03 01:21:00,55.0
2022-08-03 01:22:00,56.0
2022-08-03 01:23:00,54.0
2022-08-03 01:24:00,51.0
2022-08-03 01:25:00,52.0
2022-08-03 01:26:00,52.0
2022-08-03 01:27:00,56.0
2022-08-03 01:28:00,54.0
2022-08-03 01:29:00,55.0
2022-08-03 01:30:00,53.0
2022-08-03 01:31:00,53.0
2022-08-03 01:32:00,56.0
2022-08-03 01:33:00,52.0
2022-08-03 01:34:00,52.0
2022-08-03 01:35:00,52.0
2022-08-03 01:36:00,52.0
2022-08-03 01:37:00,49.0
2022-08-03 01:38:00,53.0
2022-08-03 01:39:00,50.0
2022-08-03 01:40:00,50.0
2022-08-03 01:41:00,51.0
2022-08-03 01:42:00,50.0
2022-08-03 01:43:00,48.0
2022-08-03 01:44:00,50.0
2022-08-03 01:45:00,54.0
2022-08-03 01:46:00,52.0
2022-08-03 01:47:00,54.0
2022-08-03 01:48:00,52.0
2022-08-03 01:49:00,48.0
2022-08-03 01:50:00,54.0
2022-08-03 01:51:00,52.0
2022-08-03 01:52:00,52.0
2022-08-03 01:53:00,52.0
2022-08-03 01:54:00,52.0
2022-08-03 01:55:00,52.0
2022-08-03 01:56:00,47.0
2022-08-03 01:57:00,52.0
2022-08-03 01:58:00,50.0
2022-08-03 01:59:00,49.0
2022-08-03 02:00:00,49.0
2022-08-03 02:01:00,47.0
2022-08-03 02:02:00,47.0
2022-08-03 02:03:00,51.0
2022-08-03 02:04:00,53.0
2022-08-03 02:05:00,50.0
2022-08-03 02:06:00,50.0
2022-08-03 02:07:00,48.0
2022-08-03 02:08:00,48.0
2022-08-03 02:09:00,49.0
2022-08-03 02:10:00,50.0
2022-08-03 02:11:00,50.0
2022-08-03 02:12:00,50.0
2022-08-03 02:13:00,51.0
2022-08-03 02:14:00,52.0
2022-08-03 02:15:00,48.0
2022-08-03 02:16:00,48.0
2022-08-03 02:17:00,49.0
2022-08-03 02:18:00,51.0
2022-08-03 02:19:00,51.0
2022-08-03 02:20:00,52.0
2022-08-03 02:21:00,48.0
2022-08-03 02:22:00,50.0
2022-08-03 02:23:00,50.0
2022-08-03 02:24:00,49.0
2022-08-03 02:25:00,57.0
2022-08-03 02:26:00,52.0
2022-08-03 02:27:00,52.0
2022-08-03 02:28:00,52.0
2022-08-03 02:29:00,50.0
2022-08-03 02:30:00,52.0
2022-08-03 02:31:00,50.0
2022-08-03 02:32:00,50.0
2022-08-03 02:33:00,52.0
2022-08-03 02:34:00,50.0
2022-08-03 02:35:00,50.0
2022-08-03 02:36:00,47.0
2022-08-03 02:37:00,50.0
2022-08-03 02:38:00,51.0
2022-08-03 02:39:00,51.0
2022-08-03 02:40:00,54.0
2022-08-03 02:41:00,54.0
2022-08-03 02:42:00,54.0
2022-08-03 02:43:00,54.0
2022-08-03 02:44:00,54.0
2022-08-03 02:45:00,50.0
2022-08-03 02:46:00,49.0
2022-08-03 02:47:00,52.0
2022-08-03 02:48:00,53.0
2022-08-03 02:49:00,50.0
2022-08-03 02:50:00,53.0
2022-08-03 02:51:00,48.0
2022-08-03 02:52:00,51.0
2022-08-03 02:53:00,48.0
2022-08-03 02:54:00,50.0
2022-08-03 02:55:00,50.0
2022-08-03 02:56:00,50.0
2022-08-03 02:57:00,49.0
2022-08-03 02:58:00,51.0
2022-08-03 02:59:00,53.0
2022-08-03 03:00:00,48.0
2022-08-03 03:01:00,56.0
2022-08-03 03:02:00,52.0
2022-08-03 03:03:00,50.0
2022-08-03 03:04:00,54.0
2022-08-03 03:05:00,51.0
2022-08-03 03:06:00,48.0
2022-08-03 03:07:00,50.0
2022-08-03 03:08:00,51.0
2022-08-03 03:09:00,49.0
2022-08-03 03:10:00,49.0
2022-08-03 03:11:00,51.0
2022-08-03 03:12:00,49.0
2022-08-03 03:13:00,48.0
2022-08-03 03:14:00,50.0
2022-08-03 03:15:00,53.0
2022-08-03 03:16:00,51.0
2022-08-03 03:17:00,49.0
2022-08-03 03:18:00,53.0
2022-08-03 03:19:00,52.0
2022-08-03 03:20:00,50.0
2022-08-03 03:21:00,50.0
2022-08-03 03:22:00,50.0
2022-08-03 03:23:00,51.0
2022-08-03 03:24:00,52.0
2022-08-03 03:25:00,55.0
2022-08-03 03:26:00,54.0
2022-08-03 03:27:00,53.0
2022-08-03 03:28:00,52.0
2022-08-03 03:29:00,54.0
2022-08-03 03:30:00,52.0
2022-08-03 03:31:00,54.0
2022-08-03 03:32:00,52.0
2022-08-03 03:33:00,52.0
2022-08-03 03:34:00,54.0
2022-08-03 03:35:00,50.0
2022-08-03 03:36:00,52.0
2022-08-03 03:37:00,52.0
2022-08-03 03:38:00,52.0
2022-08-03 03:39:00,52.0
2022-08-03 03:40:00,52.0
2022-08-03 03:41:00,54.0
2022-08-03 03:42:00,57.0
2022-08-03 03:43:00,54.0
2022-08-03 03:44:00,57.0
2022-08-03 03:45:00,50.0
2022-08-03 03:46:00,50.0
2022-08-03 03:47:00,50.0
2022-08-03 03:48:00,51.0
2022-08-03 03:49:00,53.0
2022-08-03 03:50:00,51.0
2022-08-03 03:51:00,48.0
2022-08-03 03:52:00,50.0
2022-08-03 03:53:00,49.0
2022-08-03 03:54:00,53.0
2022-08-03 03:55:00,50.0
2022-08-03 03:56:00,54.0
2022-08-03 03:57:00,61.0
2022-08-03 03:58:00,53.0
2022-08-03 03:59:00,49.0
2022-08-03 04:00:00,48.0
2022-08-03 04:01:00,49.0
2022-08-03 04:02:00,52.0
2022-08-03 04:03:00,50.0
2022-08-03 04:04:00,52.0
2022-08-03 04:05:00,52.0
2022-08-03 04:06:00,49.0
2022-08-03 04:07:00,50.0
2022-08-03 04:08:00,50.0
2022-08-03 04:09:00,49.0
2022-08-03 04:10:00,52.0
2022-08-03 04:11:00,49.0
2022-08-03 04:12:00,49.0
2022-08-03 04:13:00,53.0
2022-08-03 04:14:00,51.0
2022-08-03 04:15:00,49.0
2022-08-03 04:16:00,54.0
2022-08-03 04:17:00,55.0
2022-08-03 04:18:00,56.0
2022-08-03 04:19:00,54.0
2022-08-03 04:20:00,56.0
2022-08-03 04:21:00,56.0
2022-08-03 04:22:00,56.0
2022-08-03 04:23:00,56.0
2022-08-03 04:24:00,57.0
2022-08-03 04:25:00,58.0
2022-08-03 04:26:00,52.0
2022-08-03 04:27:00,52.0
2022-08-03 04:28:00,54.0
2022-08-03 04:29:00,56.0
2022-08-03 04:30:00,56.0
2022-08-03 04:31:00,56.0
2022-08-03 04:32:00,58.0
2022-08-03 04:33:00,58.0
2022-08-03 04:34:00,57.0
2022-08-03 04:35:00,56.0
2022-08-03 04:36:00,57.0
2022-08-03 04:37:00,56.0
2022-08-03 04:38:00,53.0
2022-08-03 04:39:00,57.0
2022-08-03 04:40:00,55.0
2022-08-03 04:41:00,56.0
2022-08-03 04:42:00,57.0
2022-08-03 04:43:00,56.0
2022-08-03 04:44:00,53.0
2022-08-03 04:45:00,54.0
2022-08-03 04:46:00,54.0
2022-08-03 04:47:00,52.0
2022-08-03 04:48:00,52.0
2022-08-03 04:49:00,53.0
2022-08-03 04:50:00,54.0
2022-08-03 04:51:00,56.0
2022-08-03 04:52:00,57.0
2022-08-03 04:53:00,54.0
2022-08-03 04:54:00,54.0
2022-08-03 04:55:00,54.0
2022-08-03 04:56:00,58.0
2022-08-03 04:57:00,56.0
2022-08-03 04:58:00,56.0
2022-08-03 04:59:00,57.0
2022-08-03 05:00:00,56.0
2022-08-03 05:01:00,54.0
2022-08-03 05:02:00,56.0
2022-08-03 05:03:00,54.0
2022-08-03 05:04:00,57.0
2022-08-03 05:05:00,58.0
2022-08-03 05:06:00,56.0
2022-08-03 05:07:00,57.0
2022-08-03 05:08:00,56.0
2022-08-03 05:09:00,54.0
2022-08-03 05:10:00,54.0
2022-08-03 05:11:00,56.0
2022-08-03 05:12:00,56.0
2022-08-03 05:13:00,54.0
2022-08-03 05:14:00,54.0
2022-08-03 05:15:00,54.0
2022-08-03 05:16:00,54.0
2022-08-03 05:17:00,54.0
2022-08-03 05:18:00,52.0
2022-08-03 05:19:00,52.0
2022-08-03 05:20:00,53.0
2022-08-03 05:21:00,52.0
2022-08-03 05:22:00,55.0
2022-08-03 05:23:00,53.0
2022-08-03 05:24:00,52.0
2022-08-03 05:25:00,54.0
2022-08-03 05:26:00,53.0
2022-08-03 05:27:00,52.0
2022-08-03 05:28:00,56.0
2022-08-03 05:29:00,52.0
2022-08-03 05:30:00,54.0
2022-08-03 05:31:00,51.0
2022-08-03 05:32:00,51.0
2022-08-03 05:33:00,51.0
2022-08-03 05:34:00,57.0
2022-08-03 05:35:00,53.0
2022-08-03 05:36:00,54.0
2022-08-03 05:37:00,55.0
2022-08-03 05:38:00,58.0
2022-08-03 05:39:00,54.0
2022-08-03 05:40:00,56.0
2022-08-03 05:41:00,56.0
2022-08-03 05:42:00,54.0
2022-08-03 05:43:00,53.0
2022-08-03 05:44:00,53.0
2022-08-03 05:45:00,54.0
2022-08-03 05:46:00,54.0
2022-08-03 05:47:00,54.0
2022-08-03 05:48:00,53.0
2022-08-03 05:49:00,54.0
2022-08-03 05:50:00,58.0
2022-08-03 05:51:00,54.0
2022-08-03 05:52:00,56.0
2022-08-03 05:53:00,57.0
2022-08-03 05:54:00,54.0
2022-08-03 05:55:00,56.0
2022-08-03 05:56:00,56.0
2022-08-03 05:57:00,56.0
2022-08-03 05:58:00,56.0
2022-08-03 05:59:00,54.0
2022-08-03 06:00:00,55.0
2022-08-03 06:01:00,55.0
2022-08-03 06:02:00,57.0
2022-08-03 06:03:00,55.0
2022-08-03 06:04:00,54.0
2022-08-03 06:05:00,56.0
2022-08-03 06:06:00,56.0
2022-08-03 06:07:00,54.0
2022-08-03 06:08:00,54.0
2022-08-03 06:09:00,57.0
2022-08-03 06:10:00,59.0
2022-08-03 06:11:00,58.0
2022-08-03 06:12:00,56.0
2022-08-03 06:13:00,57.0
2022-08-03 06:14:00,60.0
2022-08-03 06:15:00,57.0
2022-08-03 06:16:00,56.0
2022-08-03 06:17:00,57.0
2022-08-03 06:18:00,56.0
2022-08-03 06:19:00,58.0
2022-08-03 06:20:00,57.0
2022-08-03 06:21:00,58.0
2022-08-03 06:22:00,56.0
2022-08-03 06:23:00,56.0
2022-08-03 06:24:00,54.0
2022-08-03 06:25:00,55.0
2022-08-03 06:26:00,54.0
2022-08-03 06:27:00,56.0
2022-08-03 06:28:00,54.0
2022-08-03 06:29:00,56.0
2022-08-03 06:30:00,54.0
2022-08-03 06:31:00,54.0
2022-08-03 06:32:00,54.0
2022-08-03 06:33:00,58.0
2022-08-03 06:34:00,56.0
2022-08-03 06:35:00,58.0
2022-08-03 06:36:00,56.0
2022-08-03 06:37:00,58.0
2022-08-03 06:38:00,58.0
2022-08-03 06:39:00,58.0
2022-08-03 06:40:00,58.0
2022-08-03 06:41:00,60.0
2022-08-03 06:42:00,58.0
2022-08-03 06:43:00,56.0
2022-08-03 06:44:00,58.0
2022-08-03 06:45:00,56.0
2022-08-03 06:46:00,56.0
2022-08-03 06:47:00,58.0
2022-08-03 06:48:00,56.0
2022-08-03 06:49:00,56.0
2022-08-03 06:50:00,54.0
2022-08-03 06:51:00,56.0
2022-08-03 06:52:00,58.0
2022-08-03 06:53:00,56.0
2022-08-03 06:54:00,58.0
2022-08-03 06:55:00,58.0
2022-08-03 06:56:00,58.0
2022-08-03 06:57:00,58.0
2022-08-03 06:58:00,57.0
2022-08-03 06:59:00,57.0
2022-08-03 07:00:00,58.0
2022-08-03 07:01:00,58.0
2022-08-03 07:02:00,57.0
2022-08-03 07:03:00,57.0
2022-08-03 07:04:00,57.0
2022-08-03 07:05:00,57.0
2022-08-03 07:06:00,58.0
2022-08-03 07:07:00,58.0
2022-08-03 07:08:00,58.0
2022-08-03 07:09:00,58.0
2022-08-03 07:10:00,55.0
2022-08-03 07:11:00,58.0
2022-08-03 07:12:00,58.0
2022-08-03 07:13:00,59.0
2022-08-03 07:14:00,58.0
2022-08-03 07:15:00,60.0
2022-08-03 07:16:00,54.0
2022-08-03 07:17:00,57.0
2022-08-03 07:18:00,57.0
2022-08-03 07:19:00,56.0
2022-08-03 07:20:00,59.0
2022-08-03 07:21:00,58.0
2022-08-03 07:22:00,55.0
2022-08-03 07:23:00,59.0
2022-08-03 07:24:00,58.0
2022-08-03 07:25:00,59.0
2022-08-03 07:26:00,60.0
2022-08-03 07:27:00,60.0
2022-08-03 07:28:00,58.0
2022-08-03 07:29:00,61.0
2022-08-03 07:30:00,61.0
2022-08-03 07:31:00,58.0
2022-08-03 07:32:00,61.0
2022-08-03 07:33:00,62.0
2022-08-03 07:34:00,58.0
2022-08-03 07:35:00,62.0
2022-08-03 07:36:00,61.0
2022-08-03 07:37:00,60.0
2022-08-03 07:38:00,62.0
2022-08-03 07:39:00,62.0
2022-08-03 07:40:00,60.0
2022-08-03 07:41:00,61.0
2022-08-03 07:42:00,60.0
2022-08-03 07:43:00,58.0
2022-08-03 07:44:00,62.0
2022-08-03 07:45:00,60.0
2022-08-03 07:46:00,59.0
2022-08-03 07:47:00,58.0
2022-08-03 07:48:00,60.0
2022-08-03 07:49:00,58.0
2022-08-03 07:50:00,60.0
2022-08-03 07:51:00,60.0
2022-08-03 07:52:00,64.0
2022-08-03 07:53:00,60.0
2022-08-03 07:54:00,60.0
2022-08-03 07:55:00,59.0
2022-08-03 07:56:00,60.0
2022-08-03 07:57:00,57.0
2022-08-03 07:58:00,58.0
2022-08-03 07:59:00,61.0
2022-08-03 08:00:00,58.0
2022-08-03 08:01:00,60.0
2022-08-03 08:02:00,59.0
2022-08-03 08:03:00,60.0
2022-08-03 08:04:00,62.0
2022-08-03 08:05:00,62.0
2022-08-03 08:06:00,60.0
2022-08-03 08:07:00,60.0
2022-08-03 08:08:00,64.0
2022-08-03 08:09:00,60.0
2022-08-03 08:10:00,60.0
2022-08-03 08:11:00,62.0
2022-08-03 08:12:00,62.0
2022-08-03 08:13:00,62.0
2022-08-03 08:14:00,63.0
2022-08-03 08:15:00,60.0
2022-08-03 08:16:00,58.0
2022-08-03 08:17:00,64.0
2022-08-03 08:18:00,60.0
2022-08-03 08:19:00,61.0
2022-08-03 08:20:00,63.0
2022-08-03 08:21:00,61.0
2022-08-03 08:22:00,58.0
2022-08-03 08:23:00,62.0
2022-08-03 08:24:00,62.0
2022-08-03 08:25:00,60.0
2022-08-03 08:26:00,62.0
2022-08-03 08:27:00,60.0
2022-08-03 08:28:00,60.0
2022-08-03 08:29:00,62.0
2022-08-03 08:30:00,60.0
2022-08-03 08:31:00,61.0
2022-08-03 08:32:00,62.0
2022-08-03 08:33:00,63.0
2022-08-03 08:34:00,60.0
2022-08-03 08:35:00,60.0
2022-08-03 08:36:00,60.0
2022-08-03 08:37:00,65.0
2022-08-03 08:38:00,57.0
2022-08-03 08:39:00,60.0
2022-08-03 08:40:00,63.0
2022-08-03 08:41:00,56.0
2022-08-03 08:42:00,63.0
2022-08-03 08:43:00,63.0
2022-08-03 08:44:00,59.0
2022-08-03 08:45:00,58.0
2022-08-03 08:46:00,62.0
2022-08-03 08:47:00,61.0
2022-08-03 08:48:00,60.0
2022-08-03 08:49:00,59.0
2022-08-03 08:50:00,62.0
2022-08-03 08:51:00,62.0
2022-08-03 08:52:00,58.0
2022-08-03 08:53:00,61.0
2022-08-03 08:54:00,59.0
2022-08-03 08:55:00,58.0
2022-08-03 08:56:00,60.0
2022-08-03 08:57:00,59.0
2022-08-03 08:58:00,61.0
2022-08-03 08:59:00,62.0
2022-08-03 09:00:00,62.0
2022-08-03 09:01:00,56.0
2022-08-03 09:02:00,61.0
2022-08-03 09:03:00,61.0
2022-08-03 09:04:00,57.0
2022-08-03 09:05:00,61.0
2022-08-03 09:06:00,62.0
2022-08-03 09:07:00,63.0
2022-08-03 09:08:00,62.0
2022-08-03 09:09:00,62.0
2022-08-03 09:10:00,62.0
2022-08-03 09:11:00,60.0
2022-08-03 09:12:00,63.0
2022-08-03 09:13:00,62.0
2022-08-03 09:14:00,61.0
2022-08-03 09:15:00,61.0
2022-08-03 09:16:00,59.0
2022-08-03 09:17:00,62.0
2022-08-03 09:18:00,62.0
2022-08-03 09:19:00,61.0
2022-08-03 09:20:00,62.0
2022-08-03 09:21:00,60.0
2022-08-03 09:22:00,60.0
2022-08-03 09:23:00,62.0
2022-08-03 09:24:00,62.0
2022-08-03 09:25:00,61.0
2022-08-03 09:26:00,59.0
2022-08-03 09:27:00,61.0
2022-08-03 09:28:00,64.0
2022-08-03 09:29:00,56.0
2022-08-03 09:30:00,62.0
2022-08-03 09:31:00,61.0
2022-08-03 09:32:00,57.0
2022-08-03 09:33:00,62.0
2022-08-03 09:34:00,64.0
2022-08-03 09:35:00,57.0
2022-08-03 09:36:00,62.0
2022-08-03 09:37:00,59.0
2022-08-03 09:38:00,60.0
2022-08-03 09:39:00,62.0
2022-08-03 09:40:00,63.0
2022-08-03 09:41:00,62.0
2022-08-03 09:42:00,62.0
2022-08-03 09:43:00,62.0
2022-08-03 09:44:00,60.0
2022-08-03 09:45:00,64.0
2022-08-03 09:46:00,65.0
2022-08-03 09:47:00,61.0
2022-08-03 09:48:00,61.0
2022-08-03 09:49:00,60.0
2022-08-03 09:50:00,62.0
2022-08-03 09:51:00,61.0
2022-08-03 09:52:00,59.0
2022-08-03 09:53:00,61.0
2022-08-03 09:54:00,60.0
2022-08-03 09:55:00,60.0
2022-08-03 09:56:00,60.0
2022-08-03 09:57:00,65.0
2022-08-03 09:58:00,60.0
2022-08-03 09:59:00,62.0
2022-08-03 10:00:00,62.0
2022-08-03 10:01:00,59.0
2022-08-03 10:02:00,61.0
2022-08-03 10:03:00,62.0
2022-08-03 10:04:00,59.0
2022-08-03 10:05:00,60.0
2022-08-03 10:06:00,62.0
2022-08-03 10:07:00,62.0
2022-08-03 10:08:00,60.0
2022-08-03 10:09:00,62.0
2022-08-03 10:10:00,61.0
2022-08-03 10:11:00,63.0
2022-08-03 10:12:00,61.0
2022-08-03 10:13:00,60.0
2022-08-03 10:14:00,61.0
2022-08-03 10:15:00,60.0
2022-08-03 10:16:00,60.0
2022-08-03 10:17:00,61.0
2022-08-03 10:18:00,62.0
2022-08-03 10:19:00,61.0
2022-08-03 10:20:00,61.0
2022-08-03 10:21:00,62.0
2022-08-03 10:22:00,60.0
2022-08-03 10:23:00,62.0
2022-08-03 10:24:00,62.0
2022-08-03 10:25:00,60.0
2022-08-03 10:26:00,62.0
2022-08-03 10:27:00,65.0
2022-08-03 10:28:00,62.0
2022-08-03 10:29:00,64.0
2022-08-03 10:30:00,62.0
2022-08-03 10:31:00,62.0
2022-08-03 10:32:00,63.0
2022-08-03 10:33:00,62.0
2022-08-03 10:34:00,60.0
2022-08-03 10:35:00,63.0
2022-08-03 10:36:00,62.0
2022-08-03 10:37:00,61.0
2022-08-03 10:38:00,63.0
2022-08-03 10:39:00,62.0
2022-08-03 10:40:00,60.0
2022-08-03 10:41:00,62.0
2022-08-03 10:42:00,65.0
2022-08-03 10:43:00,62.0
2022-08-03 10:44:00,62.0
2022-08-03 10:45:00,62.0
2022-08-03 10:46:00,60.0
2022-08-03 10:47:00,59.0
2022-08-03 10:48:00,61.0
2022-08-03 10:49:00,62.0
2022-08-03 10:50:00,60.0
2022-08-03 10:51:00,60.0
2022-08-03 10:52:00,64.0
2022-08-03 10:53:00,62.0
2022-08-03 10:54:00,60.0
2022-08-03 10:55:00,60.0
2022-08-03 10:56:00,62.0
2022-08-03 10:57:00,63.0
2022-08-03 10:58:00,62.0
2022-08-03 10:59:00,65.0
2022-08-03 11:00:00,62.0
2022-08-03 11:01:00,64.0
2022-08-03 11:02:00,61.0
2022-08-03 11:03:00,65.0
2022-08-03 11:04:00,65.0
2022-08-03 11:05:00,63.0
2022-08-03 11:06:00,65.0
2022-08-03 11:07:00,62.0
2022-08-03 11:08:00,64.0
2022-08-03 11:09:00,62.0
2022-08-03 11:10:00,61.0
2022-08-03 11:11:00,61.0
2022-08-03 11:12:00,64.0
2022-08-03 11:13:00,63.0
2022-08-03 11:14:00,60.0
2022-08-03 11:15:00,62.0
2022-08-03 11:16:00,60.0
2022-08-03 11:17:00,63.0
2022-08-03 11:18:00,61.0
2022-08-03 11:19:00,58.0
2022-08-03 11:20:00,62.0
2022-08-03 11:21:00,62.0
2022-08-03 11:22:00,60.0
2022-08-03 11:23:00,63.0
2022-08-03 11:24:00,60.0
2022-08-03 11:25:00,60.0
2022-08-03 11:26:00,63.0
2022-08-03 11:27:00,62.0
2022-08-03 11:28:00,62.0
2022-08-03 11:29:00,64.0
2022-08-03 11:30:00,64.0
2022-08-03 11:31:00,66.0
2022-08-03 11:32:00,64.0
2022-08-03 11:33:00,66.0
2022-08-03 11:34:00,64.0
2022-08-03 11:35:00,66.0
2022-08-03 11:36:00,68.0
2022-08-03 11:37:00,64.0
2022-08-03 11:38:00,64.0
2022-08-03 11:39:00,65.0
2022-08-03 11:40:00,66.0
2022-08-03 11:41:00,64.0
2022-08-03 11:42:00,65.0
2022-08-03 11:43:00,64.0
2022-08-03 11:44:00,64.0
2022-08-03 11:45:00,64.0
2022-08-03 11:46:00,64.0
2022-08-03 11:47:00,64.0
2022-08-03 11:48:00,64.0
2022-08-03 11:49:00,62.0
2022-08-03 11:50:00,62.0
2022-08-03 11:51:00,62.0
2022-08-03 11:52:00,62.0
2022-08-03 11:53:00,60.0
2022-08-03 11:54:00,60.0
2022-08-03 11:55:00,60.0
2022-08-03 11:56:00,62.0
2022-08-03 11:57:00,63.0
2022-08-03 11:58:00,62.0
2022-08-03 11:59:00,62.0
2022-08-03 12:00:00,63.0
2022-08-03 12:01:00,58.0
2022-08-03 12:02:00,60.0
2022-08-03 12:03:00,62.0
2022-08-03 12:04:00,58.0
2022-08-03 12:05:00,60.0
2022-08-03 12:06:00,63.0
2022-08-03 12:07:00,60.0
2022-08-03 12:08:00,60.0
2022-08-03 12:09:00,64.0
2022-08-03 12:10:00,61.0
2022-08-03 12:11:00,62.0
2022-08-03 12:12:00,66.0
2022-08-03 12:13:00,61.0
2022-08-03 12:14:00,59.0
2022-08-03 12:15:00,62.0
2022-08-03 12:16:00,60.0
2022-08-03 12:17:00,63.0
2022-08-03 12:18:00,62.0
2022-08-03 12:19:00,64.0
2022-08-03 12:20:00,62.0
2022-08-03 12:21:00,64.0
2022-08-03 12:22:00,62.0
2022-08-03 12:23:00,63.0
2022-08-03 12:24:00,64.0
2022-08-03 12:25:00,62.0
2022-08-03 12:26:00,62.0
2022-08-03 12:27:00,60.0
2022-08-03 12:28:00,64.0
2022-08-03 12:29:00,62.0
2022-08-03 12:30:00,64.0
2022-08-03 12:31:00,62.0
2022-08-03 12:32:00,64.0
2022-08-03 12:33:00,62.0
2022-08-03 12:34:00,62.0
2022-08-03 12:35:00,64.0
2022-08-03 12:36:00,63.0
2022-08-03 12:37:00,63.0
2022-08-03 12:38:00,62.0
2022-08-03 12:39:00,64.0
2022-08-03 12:40:00,64.0
2022-08-03 12:41:00,62.0
2022-08-03 12:42:00,64.0
2022-08-03 12:43:00,64.0
2022-08-03 12:44:00,63.0
2022-08-03 12:45:00,64.0
2022-08-03 12:46:00,64.0
2022-08-03 12:47:00,65.0
2022-08-03 12:48:00,63.0
2022-08-03 12:49:00,64.0
2022-08-03 12:50:00,64.0
2022-08-03 12:51:00,64.0
2022-08-03 12:52:00,65.0
2022-08-03 12:53:00,62.0
2022-08-03 12:54:00,62.0
2022-08-03 12:55:00,62.0
2022-08-03 12:56:00,62.0
2022-08-03 12:57:00,64.0
2022-08-03 12:58:00,64.0
2022-08-03 12:59:00,62.0
2022-08-03 13:00:00,64.0
2022-08-03 13:01:00,64.0
2022-08-03 13:02:00,62.0
2022-08-03 13:03:00,63.0
2022-08-03 13:04:00,64.0
2022-08-03 13:05:00,63.0
2022-08-03 13:06:00,63.0
2022-08-03 13:07:00,64.0
2022-08-03 13:08:00,64.0
2022-08-03 13:09:00,61.0
2022-08-03 13:10:00,60.0
2022-08-03 13:11:00,63.0
2022-08-03 13:12:00,64.0
2022-08-03 13:13:00,62.0
2022-08-03 13:14:00,64.0
2022-08-03 13:15:00,64.0
2022-08-03 13:16:00,65.0
2022-08-03 13:17:00,62.0
2022-08-03 13:18:00,61.0
2022-08-03 13:19:00,62.0
2022-08-03 13:20:00,62.0
2022-08-03 13:21:00,63.0
2022-08-03 13:22:00,64.0
2022-08-03 13:23:00,62.0
2022-08-03 13:24:00,63.0
2022-08-03 13:25:00,62.0
2022-08-03 13:26:00,64.0
2022-08-03 13:27:00,62.0
2022-08-03 13:28:00,63.0
2022-08-03 13:29:00,66.0
2022-08-03 13:30:00,66.0
2022-08-03 13:31:00,62.0
2022-08-03 13:32:00,64.0
2022-08-03 13:33:00,66.0
2022-08-03 13:34:00,62.0
2022-08-03 13:35:00,63.0
2022-08-03 13:36:00,65.0
2022-08-03 13:37:00,64.0
2022-08-03 13:38:00,67.0
2022-08-03 13:39:00,66.0
2022-08-03 13:40:00,66.0
2022-08-03 13:41:00,69.0
2022-08-03 13:42:00,65.0
2022-08-03 13:43:00,69.0
2022-08-03 13:44:00,67.0
2022-08-03 13:45:00,68.0
2022-08-03 13:46:00,68.0
2022-08-03 13:47:00,70.0
2022-08-03 13:48:00,70.0
2022-08-03 13:49:00,67.0
2022-08-03 13:50:00,61.0
2022-08-03 13:51:00,68.0
2022-08-03 13:52:00,70.0
2022-08-03 13:53:00,68.0
2022-08-03 13:54:00,64.0
2022-08-03 13:55:00,69.0
2022-08-03 13:56:00,65.0
2022-08-03 13:57:00,64.0
2022-08-03 13:58:00,67.0
2022-08-03 13:59:00,64.0
2022-08-03 14:00:00,66.0
2022-08-03 14:01:00,64.0
2022-08-03 14:02:00,64.0
2022-08-03 14:03:00,61.0
2022-08-03 14:04:00,60.0
2022-08-03 14:05:00,60.0
2022-08-03 14:06:00,66.0
2022-08-03 14:07:00,63.0
2022-08-03 14:08:00,62.0
2022-08-03 14:09:00,62.0
2022-08-03 14:10:00,64.0
2022-08-03 14:11:00,62.0
2022-08-03 14:12:00,65.0
2022-08-03 14:13:00,64.0
2022-08-03 14:14:00,62.0
2022-08-03 14:15:00,61.0
2022-08-03 14:16:00,62.0
2022-08-03 14:17:00,62.0
2022-08-03 14:18:00,64.0
2022-08-03 14:19:00,64.0
2022-08-03 14:20:00,64.0
2022-08-03 14:21:00,62.0
2022-08-03 14:22:00,64.0
2022-08-03 14:23:00,63.0
2022-08-03 14:24:00,64.0
2022-08-03 14:25:00,66.0
2022-08-03 14:26:00,62.0
2022-08-03 14:27:00,64.0
2022-08-03 14:28:00,65.0
2022-08-03 14:29:00,62.0
2022-08-03 14:30:00,65.0
2022-08-03 14:31:00,64.0
2022-08-03 14:32:00,64.0
2022-08-03 14:33:00,65.0
2022-08-03 14:34:00,64.0
2022-08-03 14:35:00,65.0
2022-08-03 14:36:00,65.0
2022-08-03 14:37:00,64.0
2022-08-03 14:38:00,63.0
2022-08-03 14:39:00,66.0
2022-08-03 14:40:00,63.0
2022-08-03 14:41:00,63.0
2022-08-03 14:42:00,62.0
2022-08-03 14:43:00,62.0
2022-08-03 14:44:00,62.0
2022-08-03 14:45:00,63.0
2022-08-03 14:46:00,62.0
2022-08-03 14:47:00,64.0
2022-08-03 14:48:00,64.0
2022-08-03 14:49:00,63.0
2022-08-03 14:50:00,64.0
2022-08-03 14:51:00,64.0
2022-08-03 14:52:00,63.0
2022-08-03 14:53:00,64.0
2022-08-03 14:54:00,64.0
2022-08-03 14:55:00,62.0
2022-08-03 14:56:00,62.0
2022-08-03 14:57:00,62.0
2022-08-03 14:58:00,62.0
2022-08-03 14:59:00,64.0
2022-08-03 15:00:00,63.0
2022-08-03 15:01:00,64.0
2022-08-03 15:02:00,62.0
2022-08-03 15:03:00,64.0
2022-08-03 15:04:00,64.0
2022-08-03 15:05:00,62.0
2022-08-03 15:06:00,64.0
2022-08-03 15:07:00,63.0
2022-08-03 15:08:00,63.0
2022-08-03 15:09:00,63.0
2022-08-03 15:10:00,64.0
2022-08-03 15:11:00,63.0
2022-08-03 15:12:00,64.0
2022-08-03 15:13:00,64.0
2022-08-03 15:14:00,65.0
2022-08-03 15:15:00,66.0
2022-08-03 15:16:00,60.0
2022-08-03 15:17:00,63.0
2022-08-03 15:18:00,65.0
2022-08-03 15:19:00,61.0
2022-08-03 15:20:00,61.0
2022-08-03 15:21:00,62.0
2022-08-03 15:22:00,64.0
2022-08-03 15:23:00,63.0
2022-08-03 15:24:00,65.0
2022-08-03 15:25:00,64.0
2022-08-03 15:26:00,64.0
2022-08-03 15:27:00,67.0
2022-08-03 15:28:00,63.0
2022-08-03 15:29:00,64.0
2022-08-03 15:30:00,66.0
2022-08-03 15:31:00,64.0
2022-08-03 15:32:00,64.0
2022-08-03 15:33:00,66.0
2022-08-03 15:34:00,64.0
2022-08-03 15:35:00,65.0
2022-08-03 15:36:00,61.0
2022-08-03 15:37:00,65.0
2022-08-03 15:38:00,61.0
2022-08-03 15:39:00,62.0
2022-08-03 15:40:00,64.0
2022-08-03 15:41:00,62.0
2022-08-03 15:42:00,61.0
2022-08-03 15:43:00,63.0
2022-08-03 15:44:00,62.0
2022-08-03 15:45:00,61.0
2022-08-03 15:46:00,61.0
2022-08-03 15:47:00,62.0
2022-08-03 15:48:00,64.0
2022-08-03 15:49:00,64.0
2022-08-03 15:50:00,64.0
2022-08-03 15:51:00,64.0
2022-08-03 15:52:00,64.0
2022-08-03 15:53:00,63.0
2022-08-03 15:54:00,64.0
2022-08-03 15:55:00,64.0
2022-08-03 15:56:00,64.0
2022-08-03 15:57:00,62.0
2022-08-03 15:58:00,60.0
2022-08-03 15:59:00,64.0
2022-08-03 16:00:00,61.0
2022-08-03 16:01:00,64.0
2022-08-03 16:02:00,63.0
2022-08-03 16:03:00,62.0
2022-08-03 16:04:00,62.0
2022-08-03 16:05:00,62.0
2022-08-03 16:06:00,62.0
2022-08-03 16:07:00,62.0
2022-08-03 16:08:00,62.0
2022-08-03 16:09:00,62.0
2022-08-03 16:10:00,60.0
2022-08-03 16:11:00,61.0
2022-08-03 16:12:00,62.0
2022-08-03 16:13:00,62.0
2022-08-03 16:14:00,64.0
2022-08-03 16:15:00,62.0
2022-08-03 16:16:00,66.0
2022-08-03 16:17:00,62.0
2022-08-03 16:18:00,63.0
2022-08-03 16:19:00,64.0
2022-08-03 16:20:00,68.0
2022-08-03 16:21:00,66.0
2022-08-03 16:22:00,64.0
2022-08-03 16:23:00,62.0
2022-08-03 16:24:00,63.0
2022-08-03 16:25:00,64.0
2022-08-03 16:26:00,62.0
2022-08-03 16:27:00,62.0
2022-08-03 16:28:00,64.0
2022-08-03 16:29:00,64.0
2022-08-03 16:30:00,66.0
2022-08-03 16:31:00,63.0
2022-08-03 16:32:00,64.0
2022-08-03 16:33:00,64.0
2022-08-03 16:34:00,62.0
2022-08-03 16:35:00,64.0
2022-08-03 16:36:00,64.0
2022-08-03 16:37:00,66.0
2022-08-03 16:38:00,63.0
2022-08-03 16:39:00,66.0
2022-08-03 16:40:00,64.0
2022-08-03 16:41:00,64.0
2022-08-03 16:42:00,63.0
2022-08-03 16:43:00,65.0
2022-08-03 16:44:00,66.0
2022-08-03 16:45:00,67.0
2022-08-03 16:46:00,66.0
2022-08-03 16:47:00,65.0
2022-08-03 16:48:00,66.0
2022-08-03 16:49:00,65.0
2022-08-03 16:50:00,64.0
2022-08-03 16:51:00,64.0
2022-08-03 16:52:00,62.0
2022-08-03 16:53:00,64.0
2022-08-03 16:54:00,62.0
2022-08-03 16:55:00,64.0
2022-08-03 16:56:00,64.0
2022-08-03 16:57:00,64.0
2022-08-03 16:58:00,63.0
2022-08-03 16:59:00,66.0
2022-08-03 17:00:00,66.0
2022-08-03 17:01:00,67.0
2022-08-03 17:02:00,66.0
2022-08-03 17:03:00,66.0
2022-08-03 17:04:00,66.0
2022-08-03 17:05:00,66.0
2022-08-03 17:06:00,62.0
2022-08-03 17:07:00,65.0
2022-08-03 17:08:00,64.0
2022-08-03 17:09:00,62.0
2022-08-03 17:10:00,63.0
2022-08-03 17:11:00,65.0
2022-08-03 17:12:00,64.0
2022-08-03 17:13:00,64.0
2022-08-03 17:14:00,64.0
2022-08-03 17:15:00,64.0
2022-08-03 17:16:00,60.0
2022-08-03 17:17:00,59.0
2022-08-03 17:18:00,65.0
2022-08-03 17:19:00,60.0
2022-08-03 17:20:00,61.0
2022-08-03 17:21:00,62.0
2022-08-03 17:22:00,62.0
2022-08-03 17:23:00,58.0
2022-08-03 17:24:00,62.0
2022-08-03 17:25:00,59.0
2022-08-03 17:26:00,62.0
2022-08-03 17:27:00,62.0
2022-08-03 17:28:00,62.0
2022-08-03 17:29:00,64.0
2022-08-03 17:30:00,63.0
2022-08-03 17:31:00,61.0
2022-08-03 17:32:00,62.0
2022-08-03 17:33:00,62.0
2022-08-03 17:34:00,63.0
2022-08-03 17:35:00,65.0
2022-08-03 17:36:00,64.0
2022-08-03 17:37:00,62.0
2022-08-03 17:38:00,62.0
2022-08-03 17:39:00,63.0
2022-08-03 17:40:00,62.0
2022-08-03 17:41:00,59.0
2022-08-03 17:42:00,63.0
2022-08-03 17:43:00,62.0
2022-08-03 17:44:00,60.0
2022-08-03 17:45:00,65.0
2022-08-03 17:46:00,65.0
2022-08-03 17:47:00,62.0
2022-08-03 17:48:00,62.0
2022-08-03 17:49:00,59.0
2022-08-03 17:50:00,67.0
2022-08-03 17:51:00,64.0
2022-08-03 17:52:00,61.0
2022-08-03 17:53:00,61.0
2022-08-03 17:54:00,62.0
2022-08-03 17:55:00,58.0
2022-08-03 17:56:00,62.0
2022-08-03 17:57:00,64.0
2022-08-03 17:58:00,57.0
2022-08-03 17:59:00,59.0
2022-08-03 18:00:00,65.0
2022-08-03 18:01:00,65.0
2022-08-03 18:02:00,65.0
2022-08-03 18:03:00,70.0
2022-08-03 18:04:00,66.0
2022-08-03 18:05:00,64.0
2022-08-03 18:06:00,66.0
2022-08-03 18:07:00,62.0
2022-08-03 18:08:00,62.0
2022-08-03 18:09:00,66.0
2022-08-03 18:10:00,64.0
2022-08-03 18:11:00,63.0
2022-08-03 18:12:00,64.0
2022-08-03 18:13:00,63.0
2022-08-03 18:14:00,62.0
2022-08-03 18:15:00,62.0
2022-08-03 18:16:00,63.0
2022-08-03 18:17:00,64.0
2022-08-03 18:18:00,64.0
2022-08-03 18:19:00,61.0
2022-08-03 18:20:00,64.0
2022-08-03 18:21:00,65.0
2022-08-03 18:22:00,62.0
2022-08-03 18:23:00,62.0
2022-08-03 18:24:00,62.0
2022-08-03 18:25:00,64.0
2022-08-03 18:26:00,62.0
2022-08-03 18:27:00,63.0
2022-08-03 18:28:00,63.0
2022-08-03 18:29:00,67.0
2022-08-03 18:30:00,66.0
2022-08-03 18:31:00,63.0
2022-08-03 18:32:00,66.0
2022-08-03 18:33:00,64.0
2022-08-03 18:34:00,64.0
2022-08-03 18:35:00,63.0
2022-08-03 18:36:00,62.0
2022-08-03 18:37:00,60.0
2022-08-03 18:38:00,61.0
2022-08-03 18:39:00,63.0
2022-08-03 18:40:00,62.0
2022-08-03 18:41:00,62.0
2022-08-03 18:42:00,62.0
2022-08-03 18:43:00,63.0
2022-08-03 18:44:00,61.0
2022-08-03 18:45:00,62.0
2022-08-03 18:46:00,64.0
2022-08-03 18:47:00,64.0
2022-08-03 18:48:00,64.0
2022-08-03 18:49:00,62.0
2022-08-03 18:50:00,62.0
2022-08-03 18:51:00,62.0
2022-08-03 18:52:00,60.0
2022-08-03 18:53:00,60.0
2022-08-03 18:54:00,62.0
2022-08-03 18:55:00,62.0
2022-08-03 18:56:00,60.0
2022-08-03 18:57:00,62.0
2022-08-03 18:58:00,62.0
2022-08-03 18:59:00,60.0
2022-08-03 19:00:00,60.0
2022-08-03 19:01:00,63.0
2022-08-03 19:02:00,62.0
2022-08-03 19:03:00,61.0
2022-08-03 19:04:00,62.0
2022-08-03 19:05:00,63.0
2022-08-03 19:06:00,62.0
2022-08-03 19:07:00,62.0
2022-08-03 19:08:00,66.0
2022-08-03 19:09:00,60.0
2022-08-03 19:10:00,60.0
2022-08-03 19:11:00,65.0
2022-08-03 19:12:00,62.0
2022-08-03 19:13:00,62.0
2022-08-03 19:14:00,62.0
2022-08-03 19:15:00,62.0
2022-08-03 19:16:00,60.0
2022-08-03 19:17:00,57.0
2022-08-03 19:18:00,61.0
2022-08-03 19:19:00,61.0
2022-08-03 19:20:00,57.0
2022-08-03 19:21:00,62.0
2022-08-03 19:22:00,63.0
2022-08-03 19:23:00,60.0
2022-08-03 19:24:00,61.0
2022-08-03 19:25:00,66.0
2022-08-03 19:26:00,62.0
2022-08-03 19:27:00,64.0
2022-08-03 19:28:00,60.0
2022-08-03 19:29:00,61.0
2022-08-03 19:30:00,63.0
2022-08-03 19:31:00,62.0
2022-08-03 19:32:00,58.0
2022-08-03 19:33:00,62.0
2022-08-03 19:34:00,58.0
2022-08-03 19:35:00,58.0
2022-08-03 19:36:00,61.0
2022-08-03 19:37:00,60.0
2022-08-03 19:38:00,59.0
2022-08-03 19:39:00,61.0
2022-08-03 19:40:00,60.0
2022-08-03 19:41:00,61.0
2022-08-03 19:42:00,60.0
2022-08-03 19:43:00,60.0
2022-08-03 19:44:00,62.0
2022-08-03 19:45:00,62.0
2022-08-03 19:46:00,62.0
2022-08-03 19:47:00,59.0
2022-08-03 19:48:00,61.0
2022-08-03 19:49:00,58.0
2022-08-03 19:50:00,60.0
2022-08-03 19:51:00,64.0
2022-08-03 19:52:00,58.0
2022-08-03 19:53:00,59.0
2022-08-03 19:54:00,59.0
2022-08-03 19:55:00,58.0
2022-08-03 19:56:00,58.0
2022-08-03 19:57:00,61.0
2022-08-03 19:58:00,59.0
2022-08-03 19:59:00,58.0
2022-08-03 20:00:00,60.0
2022-08-03 20:01:00,58.0
2022-08-03 20:02:00,59.0
2022-08-03 20:03:00,60.0
2022-08-03 20:04:00,59.0
2022-08-03 20:05:00,60.0
2022-08-03 20:06:00,61.0
2022-08-03 20:07:00,59.0
2022-08-03 20:08:00,58.0
2022-08-03 20:09:00,57.0
2022-08-03 20:10:00,58.0
2022-08-03 20:11:00,56.0
2022-08-03 20:12:00,61.0
2022-08-03 20:13:00,60.0
2022-08-03 20:14:00,60.0
2022-08-03 20:15:00,61.0
2022-08-03 20:16:00,58.0
2022-08-03 20:17:00,59.0
2022-08-03 20:18:00,58.0
2022-08-03 20:19:00,58.0
2022-08-03 20:20:00,60.0
2022-08-03 20:21:00,58.0
2022-08-03 20:22:00,60.0
2022-08-03 20:23:00,60.0
2022-08-03 20:24:00,58.0
2022-08-03 20:25:00,61.0
2022-08-03 20:26:00,61.0
2022-08-03 20:27:00,62.0
2022-08-03 20:28:00,60.0
2022-08-03 20:29:00,60.0
2022-08-03 20:30:00,59.0
2022-08-03 20:31:00,56.0
2022-08-03 20:32:00,58.0
2022-08-03 20:33:00,59.0
2022-08-03 20:34:00,60.0
2022-08-03 20:35:00,59.0
2022-08-03 20:36:00,60.0
2022-08-03 20:37:00,58.0
2022-08-03 20:38:00,60.0
2022-08-03 20:39:00,59.0
2022-08-03 20:40:00,56.0
2022-08-03 20:41:00,59.0
2022-08-03 20:42:00,62.0
2022-08-03 20:43:00,56.0
2022-08-03 20:44:00,58.0
2022-08-03 20:45:00,59.0
2022-08-03 20:46:00,58.0
2022-08-03 20:47:00,58.0
2022-08-03 20:48:00,60.0
2022-08-03 20:49:00,58.0
2022-08-03 20:50:00,58.0
2022-08-03 20:51:00,62.0
2022-08-03 20:52:00,62.0
2022-08-03 20:53:00,59.0
2022-08-03 20:54:00,61.0
2022-08-03 20:55:00,62.0
2022-08-03 20:56:00,60.0
2022-08-03 20:57:00,60.0
2022-08-03 20:58:00,58.0
2022-08-03 20:59:00,61.0
2022-08-03 21:00:00,59.0
2022-08-03 21:01:00,60.0
2022-08-03 21:02:00,60.0
2022-08-03 21:03:00,61.0
2022-08-03 21:04:00,58.0
2022-08-03 21:05:00,60.0
2022-08-03 21:06:00,60.0
2022-08-03 21:07:00,58.0
2022-08-03 21:08:00,58.0
2022-08-03 21:09:00,57.0
2022-08-03 21:10:00,58.0
2022-08-03 21:11:00,58.0
2022-08-03 21:12:00,58.0
2022-08-03 21:13:00,59.0
2022-08-03 21:14:00,58.0
2022-08-03 21:15:00,52.0
2022-08-03 21:16:00,55.0
2022-08-03 21:17:00,55.0
2022-08-03 21:18:00,56.0
2022-08-03 21:19:00,61.0
2022-08-03 21:20:00,56.0
2022-08-03 21:21:00,53.0
2022-08-03 21:22:00,57.0
2022-08-03 21:23:00,53.0
2022-08-03 21:24:00,58.0
2022-08-03 21:25:00,56.0
2022-08-03 21:26:00,58.0
2022-08-03 21:27:00,60.0
2022-08-03 21:28:00,59.0
2022-08-03 21:29:00,59.0
2022-08-03 21:30:00,54.0
2022-08-03 21:31:00,58.0
2022-08-03 21:32:00,58.0
2022-08-03 21:33:00,61.0
2022-08-03 21:34:00,63.0
2022-08-03 21:35:00,56.0
2022-08-03 21:36:00,54.0
2022-08-03 21:37:00,55.0
2022-08-03 21:38:00,57.0
2022-08-03 21:39:00,58.0
2022-08-03 21:40:00,61.0
2022-08-03 21:41:00,58.0
2022-08-03 21:42:00,58.0
2022-08-03 21:43:00,56.0
2022-08-03 21:44:00,58.0
2022-08-03 21:45:00,60.0
2022-08-03 21:46:00,58.0
2022-08-03 21:47:00,64.0
2022-08-03 21:48:00,56.0
2022-08-03 21:49:00,56.0
2022-08-03 21:50:00,56.0
2022-08-03 21:51:00,60.0
2022-08-03 21:52:00,58.0
2022-08-03 21:53:00,58.0
2022-08-03 21:54:00,56.0
2022-08-03 21:55:00,56.0
2022-08-03 21:56:00,59.0
2022-08-03 21:57:00,60.0
2022-08-03 21:58:00,59.0
2022-08-03 21:59:00,58.0
2022-08-03 22:00:00,56.0
2022-08-03 22:01:00,57.0
2022-08-03 22:02:00,54.0
2022-08-03 22:03:00,56.0
2022-08-03 22:04:00,55.0
2022-08-03 22:05:00,58.0
2022-08-03 22:06:00,63.0
2022-08-03 22:07:00,64.0
2022-08-03 22:08:00,53.0
2022-08-03 22:09:00,55.0
2022-08-03 22:10:00,54.0
2022-08-03 22:11:00,56.0
2022-08-03 22:12:00,57.0
2022-08-03 22:13:00,71.0
2022-08-03 22:14:00,58.0
2022-08-03 22:15:00,57.0
2022-08-03 22:16:00,58.0
2022-08-03 22:17:00,56.0
2022-08-03 22:18:00,56.0
2022-08-03 22:19:00,58.0
2022-08-03 22:20:00,57.0
2022-08-03 22:21:00,58.0
2022-08-03 22:22:00,58.0
2022-08-03 22:23:00,61.0
2022-08-03 22:24:00,59.0
2022-08-03 22:25:00,62.0
2022-08-03 22:26:00,58.0
2022-08-03 22:27:00,55.0
2022-08-03 22:28:00,58.0
2022-08-03 22:29:00,61.0
2022-08-03 22:30:00,62.0
2022-08-03 22:31:00,60.0
2022-08-03 22:32:00,56.0
2022-08-03 22:33:00,55.0
2022-08-03 22:34:00,54.0
2022-08-03 22:35:00,60.0
2022-08-03 22:36:00,61.0
2022-08-03 22:37:00,58.0
2022-08-03 22:38:00,56.0
2022-08-03 22:39:00,60.0
2022-08-03 22:40:00,55.0
2022-08-03 22:41:00,56.0
2022-08-03 22:42:00,57.0
2022-08-03 22:43:00,56.0
2022-08-03 22:44:00,56.0
2022-08-03 22:45:00,57.0
2022-08-03 22:46:00,55.0
2022-08-03 22:47:00,56.0
2022-08-03 22:48:00,58.0
2022-08-03 22:49:00,56.0
2022-08-03 22:50:00,56.0
2022-08-03 22:51:00,56.0
2022-08-03 22:52:00,56.0
2022-08-03 22:53:00,56.0
2022-08-03 22:54:00,56.0
2022-08-03 22:55:00,58.0
2022-08-03 22:56:00,60.0
2022-08-03 22:57:00,59.0
2022-08-03 22:58:00,58.0
2022-08-03 22:59:00,58.0
2022-08-03 23:00:00,58.0
2022-08-03 23:01:00,57.0
2022-08-03 23:02:00,56.0
2022-08-03 23:03:00,60.0
2022-08-03 23:04:00,60.0
2022-08-03 23:05:00,60.0
2022-08-03 23:06:00,57.0
2022-08-03 23:07:00,58.0
2022-08-03 23:08:00,58.0
2022-08-03 23:09:00,58.0
2022-08-03 23:10:00,57.0
2022-08-03 23:11:00,59.0
2022-08-03 23:12:00,58.0
2022-08-03 23:13:00,58.0
2022-08-03 23:14:00,58.0
2022-08-03 23:15:00,59.0
2022-08-03 23:16:00,58.0
2022-08-03 23:17:00,62.0
2022-08-03 23:18:00,62.0
2022-08-03 23:19:00,57.0
2022-08-03 23:20:00,59.0
2022-08-03 23:21:00,57.0
2022-08-03 23:22:00,57.0
2022-08-03 23:23:00,58.0
2022-08-03 23:24:00,57.0
2022-08-03 23:25:00,55.0
2022-08-03 23:26:00,56.0
2022-08-03 23:27:00,56.0
2022-08-03 23:28:00,55.0
2022-08-03 23:29:00,57.0
2022-08-03 23:30:00,53.0
2022-08-03 23:31:00,58.0
2022-08-03 23:32:00,58.0
2022-08-03 23:33:00,57.0
2022-08-03 23:34:00,57.0
2022-08-03 23:35:00,59.0
2022-08-03 23:36:00,59.0
2022-08-03 23:37:00,58.0
2022-08-03 23:38:00,58.0
2022-08-03 23:39:00,59.0
2022-08-03 23:40:00,56.0
2022-08-03 23:41:00,57.0
2022-08-03 23:42:00,52.0
2022-08-03 23:43:00,52.0
2022-08-03 23:44:00,53.0
2022-08-03 23:45:00,54.0
2022-08-03 23:46:00,57.0
2022-08-03 23:47:00,55.0
2022-08-03 23:48:00,55.0
2022-08-03 23:49:00,54.0
2022-08-03 23:50:00,51.0
2022-08-03 23:51:00,53.0
2022-08-03 23:52:00,59.0
2022-08-03 23:53:00,58.0
2022-08-03 23:54:00,57.0
2022-08-03 23:55:00,60.0
2022-08-03 23:56:00,56.0
2022-08-03 23:57:00,56.0
2022-08-03 23:58:00,55.0
2022-08-03 23:59:00,58.0
2022-08-04 00:00:00,55.0
2022-08-04 00:01:00,58.0
2022-08-04 00:02:00,56.0
2022-08-04 00:03:00,58.0
2022-08-04 00:04:00,58.0
2022-08-04 00:05:00,56.0
2022-08-04 00:06:00,56.0
2022-08-04 00:07:00,57.0
2022-08-04 00:08:00,56.0
2022-08-04 00:09:00,56.0
2022-08-04 00:10:00,55.0
2022-08-04 00:11:00,53.0
2022-08-04 00:12:00,53.0
2022-08-04 00:13:00,52.0
2022-08-04 00:14:00,54.0
2022-08-04 00:15:00,54.0
2022-08-04 00:16:00,55.0
2022-08-04 00:17:00,52.0
2022-08-04 00:18:00,53.0
2022-08-04 00:19:00,52.0
2022-08-04 00:20:00,53.0
2022-08-04 00:21:00,55.0
2022-08-04 00:22:00,57.0
2022-08-04 00:23:00,56.0
2022-08-04 00:24:00,56.0
2022-08-04 00:25:00,54.0
2022-08-04 00:26:00,58.0
2022-08-04 00:27:00,55.0
2022-08-04 00:28:00,56.0
2022-08-04 00:29:00,56.0
2022-08-04 00:30:00,52.0
2022-08-04 00:31:00,54.0
2022-08-04 00:32:00,53.0
2022-08-04 00:33:00,52.0
2022-08-04 00:34:00,50.0
2022-08-04 00:35:00,53.0
2022-08-04 00:36:00,52.0
2022-08-04 00:37:00,53.0
2022-08-04 00:38:00,55.0
2022-08-04 00:39:00,52.0
2022-08-04 00:40:00,54.0
2022-08-04 00:41:00,54.0
2022-08-04 00:42:00,54.0
2022-08-04 00:43:00,52.0
2022-08-04 00:44:00,56.0
2022-08-04 00:45:00,54.0
2022-08-04 00:46:00,54.0
2022-08-04 00:47:00,56.0
2022-08-04 00:48:00,56.0
2022-08-04 00:49:00,56.0
2022-08-04 00:50:00,58.0
2022-08-04 00:51:00,58.0
2022-08-04 00:52:00,58.0
2022-08-04 00:53:00,56.0
2022-08-04 00:54:00,55.0
2022-08-04 00:55:00,56.0
2022-08-04 00:56:00,56.0
2022-08-04 00:57:00,54.0
2022-08-04 00:58:00,54.0
2022-08-04 00:59:00,54.0
2022-08-04 01:00:00,54.0
2022-08-04 01:01:00,56.0
2022-08-04 01:02:00,53.0
2022-08-04 01:03:00,53.0
2022-08-04 01:04:00,56.0
2022-08-04 01:05:00,54.0
2022-08-04 01:06:00,56.0
2022-08-04 01:07:00,56.0
2022-08-04 01:08:00,53.0
2022-08-04 01:09:00,52.0
2022-08-04 01:10:00,53.0
2022-08-04 01:11:00,52.0
2022-08-04 01:12:00,56.0
2022-08-04 01:13:00,52.0
2022-08-04 01:14:00,54.0
2022-08-04 01:15:00,54.0
2022-08-04 01:16:00,54.0
2022-08-04 01:17:00,54.0
2022-08-04 01:18:00,54.0
2022-08-04 01:19:00,56.0
2022-08-04 01:20:00,53.0
2022-08-04 01:21:00,54.0
2022-08-04 01:22:00,54.0
2022-08-04 01:23:00,57.0
2022-08-04 01:24:00,56.0
2022-08-04 01:25:00,54.0
2022-08-04 01:26:00,53.0
2022-08-04 01:27:00,56.0
2022-08-04 01:28:00,56.0
2022-08-04 01:29:00,58.0
2022-08-04 01:30:00,54.0
2022-08-04 01:31:00,54.0
2022-08-04 01:32:00,56.0
2022-08-04 01:33:00,56.0
2022-08-04 01:34:00,55.0
2022-08-04 01:35:00,54.0
2022-08-04 01:36:00,52.0
2022-08-04 01:37:00,52.0
2022-08-04 01:38:00,54.0
2022-08-04 01:39:00,52.0
2022-08-04 01:40:00,52.0
2022-08-04 01:41:00,54.0
2022-08-04 01:42:00,52.0
2022-08-04 01:43:00,50.0
2022-08-04 01:44:00,50.0
2022-08-04 01:45:00,53.0
2022-08-04 01:46:00,50.0
2022-08-04 01:47:00,52.0
2022-08-04 01:48:00,52.0
2022-08-04 01:49:00,50.0
2022-08-04 01:50:00,52.0
2022-08-04 01:51:00,51.0
2022-08-04 01:52:00,49.0
2022-08-04 01:53:00,53.0
2022-08-04 01:54:00,55.0
2022-08-04 01:55:00,49.0
2022-08-04 01:56:00,54.0
2022-08-04 01:57:00,53.0
2022-08-04 01:58:00,51.0
2022-08-04 01:59:00,50.0
2022-08-04 02:00:00,50.0
2022-08-04 02:01:00,50.0
2022-08-04 02:02:00,50.0
2022-08-04 02:03:00,50.0
2022-08-04 02:04:00,50.0
2022-08-04 02:05:00,52.0
2022-08-04 02:06:00,50.0
2022-08-04 02:07:00,49.0
2022-08-04 02:08:00,49.0
2022-08-04 02:09:00,50.0
2022-08-04 02:10:00,50.0
2022-08-04 02:11:00,54.0
2022-08-04 02:12:00,53.0
2022-08-04 02:13:00,52.0
2022-08-04 02:14:00,52.0
2022-08-04 02:15:00,52.0
2022-08-04 02:16:00,52.0
2022-08-04 02:17:00,50.0
2022-08-04 02:18:00,51.0
2022-08-04 02:19:00,53.0
2022-08-04 02:20:00,52.0
2022-08-04 02:21:00,50.0
2022-08-04 02:22:00,54.0
2022-08-04 02:23:00,50.0
2022-08-04 02:24:00,48.0
2022-08-04 02:25:00,48.0
2022-08-04 02:26:00,49.0
2022-08-04 02:27:00,48.0
2022-08-04 02:28:00,47.0
2022-08-04 02:29:00,51.0
2022-08-04 02:30:00,47.0
2022-08-04 02:31:00,48.0
2022-08-04 02:32:00,52.0
2022-08-04 02:33:00,47.0
2022-08-04 02:34:00,51.0
2022-08-04 02:35:00,51.0
2022-08-04 02:36:00,48.0
2022-08-04 02:37:00,49.0
2022-08-04 02:38:00,50.0
2022-08-04 02:39:00,49.0
2022-08-04 02:40:00,50.0
2022-08-04 02:41:00,50.0
2022-08-04 02:42:00,50.0
2022-08-04 02:43:00,49.0
2022-08-04 02:44:00,49.0
2022-08-04 02:45:00,50.0
2022-08-04 02:46:00,48.0
2022-08-04 02:47:00,53.0
2022-08-04 02:48:00,50.0
2022-08-04 02:49:00,50.0
2022-08-04 02:50:00,51.0
2022-08-04 02:51:00,52.0
2022-08-04 02:52:00,52.0
2022-08-04 02:53:00,52.0
2022-08-04 02:54:00,56.0
2022-08-04 02:55:00,52.0
2022-08-04 02:56:00,52.0
2022-08-04 02:57:00,51.0
2022-08-04 02:58:00,55.0
2022-08-04 02:59:00,50.0
2022-08-04 03:00:00,52.0
2022-08-04 03:01:00,53.0
2022-08-04 03:02:00,52.0
2022-08-04 03:03:00,51.0
2022-08-04 03:04:00,52.0
2022-08-04 03:05:00,54.0
2022-08-04 03:06:00,51.0
2022-08-04 03:07:00,50.0
2022-08-04 03:08:00,52.0
2022-08-04 03:09:00,51.0
2022-08-04 03:10:00,50.0
2022-08-04 03:11:00,52.0
2022-08-04 03:12:00,50.0
2022-08-04 03:13:00,54.0
2022-08-04 03:14:00,53.0
2022-08-04 03:15:00,51.0
2022-08-04 03:16:00,54.0
2022-08-04 03:17:00,51.0
2022-08-04 03:18:00,53.0
2022-08-04 03:19:00,52.0
2022-08-04 03:20:00,51.0
2022-08-04 03:21:00,55.0
2022-08-04 03:22:00,51.0
2022-08-04 03:23:00,54.0
2022-08-04 03:24:00,55.0
2022-08-04 03:25:00,54.0
2022-08-04 03:26:00,59.0
2022-08-04 03:27:00,58.0
2022-08-04 03:28:00,57.0
2022-08-04 03:29:00,56.0
2022-08-04 03:30:00,54.0
2022-08-04 03:31:00,48.0
2022-08-04 03:32:00,49.0
2022-08-04 03:33:00,49.0
2022-08-04 03:34:00,52.0
2022-08-04 03:35:00,51.0
2022-08-04 03:36:00,51.0
2022-08-04 03:37:00,51.0
2022-08-04 03:38:00,53.0
2022-08-04 03:39:00,51.0
2022-08-04 03:40:00,52.0
2022-08-04 03:41:00,54.0
2022-08-04 03:42:00,51.0
2022-08-04 03:43:00,50.0
2022-08-04 03:44:00,61.0
2022-08-04 03:45:00,56.0
2022-08-04 03:46:00,53.0
2022-08-04 03:47:00,50.0
2022-08-04 03:48:00,52.0
2022-08-04 03:49:00,53.0
2022-08-04 03:50:00,50.0
2022-08-04 03:51:00,53.0
2022-08-04 03:52:00,49.0
2022-08-04 03:53:00,55.0
2022-08-04 03:54:00,52.0
2022-08-04 03:55:00,52.0
2022-08-04 03:56:00,51.0
2022-08-04 03:57:00,52.0
2022-08-04 03:58:00,55.0
2022-08-04 03:59:00,50.0
2022-08-04 04:00:00,51.0
2022-08-04 04:01:00,56.0
2022-08-04 04:02:00,57.0
2022-08-04 04:03:00,58.0
2022-08-04 04:04:00,58.0
2022-08-04 04:05:00,58.0
2022-08-04 04:06:00,56.0
2022-08-04 04:07:00,58.0
2022-08-04 04:08:00,58.0
2022-08-04 04:09:00,54.0
2022-08-04 04:10:00,57.0
2022-08-04 04:11:00,53.0
2022-08-04 04:12:00,53.0
2022-08-04 04:13:00,54.0
2022-08-04 04:14:00,55.0
2022-08-04 04:15:00,52.0
2022-08-04 04:16:00,53.0
2022-08-04 04:17:00,57.0
2022-08-04 04:18:00,50.0
2022-08-04 04:19:00,53.0
2022-08-04 04:20:00,52.0
2022-08-04 04:21:00,60.0
2022-08-04 04:22:00,60.0
2022-08-04 04:23:00,60.0
2022-08-04 04:24:00,60.0
2022-08-04 04:25:00,58.0
2022-08-04 04:26:00,58.0
2022-08-04 04:27:00,58.0
2022-08-04 04:28:00,57.0
2022-08-04 04:29:00,58.0
2022-08-04 04:30:00,60.0
2022-08-04 04:31:00,55.0
2022-08-04 04:32:00,58.0
2022-08-04 04:33:00,60.0
2022-08-04 04:34:00,59.0
2022-08-04 04:35:00,60.0
2022-08-04 04:36:00,58.0
2022-08-04 04:37:00,58.0
2022-08-04 04:38:00,58.0
2022-08-04 04:39:00,59.0
2022-08-04 04:40:00,60.0
2022-08-04 04:41:00,56.0
2022-08-04 04:42:00,57.0
2022-08-04 04:43:00,56.0
2022-08-04 04:44:00,53.0
2022-08-04 04:45:00,54.0
2022-08-04 04:46:00,54.0
2022-08-04 04:47:00,52.0
2022-08-04 04:48:00,52.0
2022-08-04 04:49:00,53.0
2022-08-04 04:50:00,54.0
2022-08-04 04:51:00,56.0
2022-08-04 04:52:00,57.0
2022-08-04 04:53:00,54.0
2022-08-04 04:54:00,54.0
2022-08-04 04:55:00,54.0
2022-08-04 04:56:00,58.0
2022-08-04 04:57:00,56.0
2022-08-04 04:58:00,56.0
2022-08-04 04:59:00,57.0
2022-08-04 05:00:00,56.0
2022-08-04 05:01:00,58.0
2022-08-04 05:02:00,62.0
2022-08-04 05:03:00,60.0
2022-08-04 05:04:00,61.0
2022-08-04 05:05:00,64.0
2022-08-04 05:06:00,59.0
2022-08-04 05:07:00,62.0
2022-08-04 05:08:00,61.0
2022-08-04 05:09:00,56.0
2022-08-04 05:10:00,59.0
2022-08-04 05:11:00,57.0
2022-08-04 05:12:00,58.0
2022-08-04 05:13:00,56.0
2022-08-04 05:14:00,60.0
2022-08-04 05:15:00,60.0
2022-08-04 05:16:00,57.0
2022-08-04 05:17:00,60.0
2022-08-04 05:18:00,55.0
2022-08-04 05:19:00,58.0
2022-08-04 05:20:00,59.0
2022-08-04 05:21:00,56.0
2022-08-04 05:22:00,56.0
2022-08-04 05:23:00,52.0
2022-08-04 05:24:00,50.0
2022-08-04 05:25:00,48.0
2022-08-04 05:26:00,50.0
2022-08-04 05:27:00,51.0
2022-08-04 05:28:00,54.0
2022-08-04 05:29:00,52.0
2022-08-04 05:30:00,51.0
2022-08-04 05:31:00,54.0
2022-08-04 05:32:00,56.0
2022-08-04 05:33:00,48.0
2022-08-04 05:34:00,54.0
2022-08-04 05:35:00,53.0
2022-08-04 05:36:00,51.0
2022-08-04 05:37:00,57.0
2022-08-04 05:38:00,54.0
2022-08-04 05:39:00,53.0
2022-08-04 05:40:00,52.0
2022-08-04 05:41:00,56.0
2022-08-04 05:42:00,54.0
2022-08-04 05:43:00,53.0
2022-08-04 05:44:00,53.0
2022-08-04 05:45:00,54.0
2022-08-04 05:46:00,55.0
2022-08-04 05:47:00,55.0
2022-08-04 05:48:00,55.0
2022-08-04 05:49:00,54.0
2022-08-04 05:50:00,56.0
2022-08-04 05:51:00,57.0
2022-08-04 05:52:00,54.0
2022-08-04 05:53:00,56.0
2022-08-04 05:54:00,58.0
2022-08-04 05:55:00,55.0
2022-08-04 05:56:00,55.0
2022-08-04 05:57:00,59.0
2022-08-04 05:58:00,58.0
2022-08-04 05:59:00,59.0
2022-08-04 06:00:00,55.0
2022-08-04 06:01:00,55.0
2022-08-04 06:02:00,56.0
2022-08-04 06:03:00,54.0
2022-08-04 06:04:00,56.0
2022-08-04 06:05:00,53.0
2022-08-04 06:06:00,54.0
2022-08-04 06:07:00,55.0
2022-08-04 06:08:00,54.0
2022-08-04 06:09:00,58.0
2022-08-04 06:10:00,54.0
2022-08-04 06:11:00,58.0
2022-08-04 06:12:00,56.0
2022-08-04 06:13:00,56.0
2022-08-04 06:14:00,58.0
2022-08-04 06:15:00,55.0
2022-08-04 06:16:00,56.0
2022-08-04 06:17:00,57.0
2022-08-04 06:18:00,56.0
2022-08-04 06:19:00,58.0
2022-08-04 06:20:00,57.0
2022-08-04 06:21:00,58.0
2022-08-04 06:22:00,56.0
2022-08-04 06:23:00,56.0
2022-08-04 06:24:00,54.0
2022-08-04 06:25:00,55.0
2022-08-04 06:26:00,54.0
2022-08-04 06:27:00,56.0
2022-08-04 06:28:00,54.0
2022-08-04 06:29:00,56.0
2022-08-04 06:30:00,54.0
2022-08-04 06:31:00,54.0
2022-08-04 06:32:00,54.0
2022-08-04 06:33:00,58.0
2022-08-04 06:34:00,56.0
2022-08-04 06:35:00,58.0
2022-08-04 06:36:00,56.0
2022-08-04 06:37:00,58.0
2022-08-04 06:38:00,58.0
2022-08-04 06:39:00,58.0
2022-08-04 06:40:00,58.0
2022-08-04 06:41:00,60.0
2022-08-04 06:42:00,58.0
2022-08-04 06:43:00,56.0
2022-08-04 06:44:00,58.0
2022-08-04 06:45:00,56.0
2022-08-04 06:46:00,56.0
2022-08-04 06:47:00,58.0
2022-08-04 06:48:00,56.0
2022-08-04 06:49:00,56.0
2022-08-04 06:50:00,54.0
2022-08-04 06:51:00,56.0
2022-08-04 06:52:00,58.0
2022-08-04 06:53:00,56.0
2022-08-04 06:54:00,58.0
2022-08-04 06:55:00,58.0
2022-08-04 06:56:00,58.0
2022-08-04 06:57:00,58.0
2022-08-04 06:58:00,57.0
2022-08-04 06:59:00,57.0
2022-08-04 07:00:00,58.0
2022-08-04 07:01:00,58.0
2022-08-04 07:02:00,57.0
2022-08-04 07:03:00,57.0
2022-08-04 07:04:00,57.0
2022-08-04 07:05:00,57.0
2022-08-04 07:06:00,58.0
2022-08-04 07:07:00,58.0
2022-08-04 07:08:00,58.0
2022-08-04 07:09:00,58.0
2022-08-04 07:10:00,55.0
2022-08-04 07:11:00,58.0
2022-08-04 07:12:00,58.0
2022-08-04 07:13:00,59.0
2022-08-04 07:14:00,58.0
2022-08-04 07:15:00,60.0
2022-08-04 07:16:00,57.0
2022-08-04 07:17:00,56.0
2022-08-04 07:18:00,58.0
2022-08-04 07:19:00,56.0
2022-08-04 07:20:00,56.0
2022-08-04 07:21:00,58.0
2022-08-04 07:22:00,61.0
2022-08-04 07:23:00,62.0
2022-08-04 07:24:00,62.0
2022-08-04 07:25:00,62.0
2022-08-04 07:26:00,63.0
2022-08-04 07:27:00,60.0
2022-08-04 07:28:00,60.0
2022-08-04 07:29:00,62.0
2022-08-04 07:30:00,60.0
2022-08-04 07:31:00,57.0
2022-08-04 07:32:00,59.0
2022-08-04 07:33:00,59.0
2022-08-04 07:34:00,58.0
2022-08-04 07:35:00,62.0
2022-08-04 07:36:00,57.0
2022-08-04 07:37:00,56.0
2022-08-04 07:38:00,60.0
2022-08-04 07:39:00,64.0
2022-08-04 07:40:00,57.0
2022-08-04 07:41:00,62.0
2022-08-04 07:42:00,59.0
2022-08-04 07:43:00,58.0
2022-08-04 07:44:00,62.0
2022-08-04 07:45:00,61.0
2022-08-04 07:46:00,61.0
2022-08-04 07:47:00,64.0
2022-08-04 07:48:00,62.0
2022-08-04 07:49:00,58.0
2022-08-04 07:50:00,61.0
2022-08-04 07:51:00,60.0
2022-08-04 07:52:00,60.0
2022-08-04 07:53:00,58.0
2022-08-04 07:54:00,61.0
2022-08-04 07:55:00,59.0
2022-08-04 07:56:00,59.0
2022-08-04 07:57:00,60.0
2022-08-04 07:58:00,58.0
2022-08-04 07:59:00,60.0
2022-08-04 08:00:00,58.0
2022-08-04 08:01:00,60.0
2022-08-04 08:02:00,56.0
2022-08-04 08:03:00,60.0
2022-08-04 08:04:00,63.0
2022-08-04 08:05:00,59.0
2022-08-04 08:06:00,60.0
2022-08-04 08:07:00,62.0
2022-08-04 08:08:00,57.0
2022-08-04 08:09:00,62.0
2022-08-04 08:10:00,63.0
2022-08-04 08:11:00,61.0
2022-08-04 08:12:00,61.0
2022-08-04 08:13:00,61.0
2022-08-04 08:14:00,63.0
2022-08-04 08:15:00,60.0
2022-08-04 08:16:00,61.0
2022-08-04 08:17:00,62.0
2022-08-04 08:18:00,60.0
2022-08-04 08:19:00,60.0
2022-08-04 08:20:00,63.0
2022-08-04 08:21:00,60.0
2022-08-04 08:22:00,61.0
2022-08-04 08:23:00,61.0
2022-08-04 08:24:00,60.0
2022-08-04 08:25:00,60.0
2022-08-04 08:26:00,62.0
2022-08-04 08:27:00,60.0
2022-08-04 08:28:00,62.0
2022-08-04 08:29:00,62.0
2022-08-04 08:30:00,60.0
2022-08-04 08:31:00,62.0
2022-08-04 08:32:00,62.0
2022-08-04 08:33:00,63.0
2022-08-04 08:34:00,60.0
2022-08-04 08:35:00,60.0
2022-08-04 08:36:00,61.0
2022-08-04 08:37:00,61.0
2022-08-04 08:38:00,60.0
2022-08-04 08:39:00,62.0
2022-08-04 08:40:00,60.0
2022-08-04 08:41:00,62.0
2022-08-04 08:42:00,62.0
2022-08-04 08:43:00,60.0
2022-08-04 08:44:00,62.0
2022-08-04 08:45:00,60.0
2022-08-04 08:46:00,62.0
2022-08-04 08:47:00,63.0
2022-08-04 08:48:00,62.0
2022-08-04 08:49:00,61.0
2022-08-04 08:50:00,62.0
2022-08-04 08:51:00,62.0
2022-08-04 08:52:00,60.0
2022-08-04 08:53:00,61.0
2022-08-04 08:54:00,61.0
2022-08-04 08:55:00,60.0
2022-08-04 08:56:00,60.0
2022-08-04 08:57:00,60.0
2022-08-04 08:58:00,62.0
2022-08-04 08:59:00,62.0
2022-08-04 09:00:00,62.0
2022-08-04 09:01:00,62.0
2022-08-04 09:02:00,61.0
2022-08-04 09:03:00,64.0
2022-08-04 09:04:00,62.0
2022-08-04 09:05:00,61.0
2022-08-04 09:06:00,62.0
2022-08-04 09:07:00,62.0
2022-08-04 09:08:00,64.0
2022-08-04 09:09:00,62.0
2022-08-04 09:10:00,62.0
2022-08-04 09:11:00,60.0
2022-08-04 09:12:00,64.0
2022-08-04 09:13:00,62.0
2022-08-04 09:14:00,60.0
2022-08-04 09:15:00,60.0
2022-08-04 09:16:00,61.0
2022-08-04 09:17:00,62.0
2022-08-04 09:18:00,62.0
2022-08-04 09:19:00,60.0
2022-08-04 09:20:00,61.0
2022-08-04 09:21:00,60.0
2022-08-04 09:22:00,59.0
2022-08-04 09:23:00,61.0
2022-08-04 09:24:00,62.0
2022-08-04 09:25:00,59.0
2022-08-04 09:26:00,64.0
2022-08-04 09:27:00,64.0
2022-08-04 09:28:00,59.0
2022-08-04 09:29:00,59.0
2022-08-04 09:30:00,60.0
2022-08-04 09:31:00,58.0
2022-08-04 09:32:00,61.0
2022-08-04 09:33:00,63.0
2022-08-04 09:34:00,58.0
2022-08-04 09:35:00,61.0
2022-08-04 09:36:00,61.0
2022-08-04 09:37:00,59.0
2022-08-04 09:38:00,59.0
2022-08-04 09:39:00,61.0
2022-08-04 09:40:00,57.0
2022-08-04 09:41:00,61.0
2022-08-04 09:42:00,62.0
2022-08-04 09:43:00,62.0
2022-08-04 09:44:00,60.0
2022-08-04 09:45:00,61.0
2022-08-04 09:46:00,63.0
2022-08-04 09:47:00,60.0
2022-08-04 09:48:00,62.0
2022-08-04 09:49:00,60.0
2022-08-04 09:50:00,61.0
2022-08-04 09:51:00,61.0
2022-08-04 09:52:00,61.0
2022-08-04 09:53:00,58.0
2022-08-04 09:54:00,60.0
2022-08-04 09:55:00,61.0
2022-08-04 09:56:00,58.0
2022-08-04 09:57:00,61.0
2022-08-04 09:58:00,62.0
2022-08-04 09:59:00,59.0
2022-08-04 10:00:00,59.0
2022-08-04 10:01:00,59.0
2022-08-04 10:02:00,61.0
2022-08-04 10:03:00,62.0
2022-08-04 10:04:00,60.0
2022-08-04 10:05:00,60.0
2022-08-04 10:06:00,62.0
2022-08-04 10:07:00,60.0
2022-08-04 10:08:00,60.0
2022-08-04 10:09:00,62.0
2022-08-04 10:10:00,60.0
2022-08-04 10:11:00,63.0
2022-08-04 10:12:00,61.0
2022-08-04 10:13:00,60.0
2022-08-04 10:14:00,61.0
2022-08-04 10:15:00,60.0
2022-08-04 10:16:00,60.0
2022-08-04 10:17:00,60.0
2022-08-04 10:18:00,62.0
2022-08-04 10:19:00,61.0
2022-08-04 10:20:00,61.0
2022-08-04 10:21:00,62.0
2022-08-04 10:22:00,60.0
2022-08-04 10:23:00,62.0
2022-08-04 10:24:00,62.0
2022-08-04 10:25:00,58.0
2022-08-04 10:26:00,60.0
2022-08-04 10:27:00,62.0
2022-08-04 10:28:00,60.0
2022-08-04 10:29:00,62.0
2022-08-04 10:30:00,62.0
2022-08-04 10:31:00,60.0
2022-08-04 10:32:00,61.0
2022-08-04 10:33:00,62.0
2022-08-04 10:34:00,59.0
2022-08-04 10:35:00,61.0
2022-08-04 10:36:00,61.0
2022-08-04 10:37:00,58.0
2022-08-04 10:38:00,61.0
2022-08-04 10:39:00,63.0
2022-08-04 10:40:00,58.0
2022-08-04 10:41:00,62.0
2022-08-04 10:42:00,65.0
2022-08-04 10:43:00,62.0
2022-08-04 10:44:00,62.0
2022-08-04 10:45:00,62.0
2022-08-04 10:46:00,62.0
2022-08-04 10:47:00,60.0
2022-08-04 10:48:00,61.0
2022-08-04 10:49:00,62.0
2022-08-04 10:50:00,60.0
2022-08-04 10:51:00,60.0
2022-08-04 10:52:00,60.0
2022-08-04 10:53:00,62.0
2022-08-04 10:54:00,62.0
2022-08-04 10:55:00,61.0
2022-08-04 10:56:00,60.0
2022-08-04 10:57:00,62.0
2022-08-04 10:58:00,62.0
2022-08-04 10:59:00,62.0
2022-08-04 11:00:00,64.0
2022-08-04 11:01:00,62.0
2022-08-04 11:02:00,62.0
2022-08-04 11:03:00,64.0
2022-08-04 11:04:00,62.0
2022-08-04 11:05:00,64.0
2022-08-04 11:06:00,65.0
2022-08-04 11:07:00,62.0
2022-08-04 11:08:00,64.0
2022-08-04 11:09:00,62.0
2022-08-04 11:10:00,61.0
2022-08-04 11:11:00,61.0
2022-08-04 11:12:00,64.0
2022-08-04 11:13:00,63.0
2022-08-04 11:14:00,60.0
2022-08-04 11:15:00,62.0
2022-08-04 11:16:00,61.0
2022-08-04 11:17:00,61.0
2022-08-04 11:18:00,62.0
2022-08-04 11:19:00,60.0
2022-08-04 11:20:00,62.0
2022-08-04 11:21:00,62.0
2022-08-04 11:22:00,61.0
2022-08-04 11:23:00,63.0
2022-08-04 11:24:00,61.0
2022-08-04 11:25:00,61.0
2022-08-04 11:26:00,63.0
2022-08-04 11:27:00,62.0
2022-08-04 11:28:00,62.0
2022-08-04 11:29:00,64.0
2022-08-04 11:30:00,64.0
2022-08-04 11:31:00,66.0
2022-08-04 11:32:00,64.0
2022-08-04 11:33:00,66.0
2022-08-04 11:34:00,64.0
2022-08-04 11:35:00,66.0
2022-08-04 11:36:00,68.0
2022-08-04 11:37:00,64.0
2022-08-04 11:38:00,64.0
2022-08-04 11:39:00,65.0
2022-08-04 11:40:00,66.0
2022-08-04 11:41:00,64.0
2022-08-04 11:42:00,65.0
2022-08-04 11:43:00,64.0
2022-08-04 11:44:00,64.0
2022-08-04 11:45:00,64.0
2022-08-04 11:46:00,64.0
2022-08-04 11:47:00,64.0
2022-08-04 11:48:00,64.0
2022-08-04 11:49:00,62.0
2022-08-04 11:50:00,62.0
2022-08-04 11:51:00,62.0
2022-08-04 11:52:00,62.0
2022-08-04 11:53:00,60.0
2022-08-04 11:54:00,60.0
2022-08-04 11:55:00,60.0
2022-08-04 11:56:00,62.0
2022-08-04 11:57:00,64.0
2022-08-04 11:58:00,62.0
2022-08-04 11:59:00,62.0
2022-08-04 12:00:00,64.0
2022-08-04 12:01:00,62.0
2022-08-04 12:02:00,62.0
2022-08-04 12:03:00,62.0
2022-08-04 12:04:00,63.0
2022-08-04 12:05:00,64.0
2022-08-04 12:06:00,66.0
2022-08-04 12:07:00,64.0
2022-08-04 12:08:00,64.0
2022-08-04 12:09:00,64.0
2022-08-04 12:10:00,64.0
2022-08-04 12:11:00,62.0
2022-08-04 12:12:00,66.0
2022-08-04 12:13:00,64.0
2022-08-04 12:14:00,65.0
2022-08-04 12:15:00,63.0
2022-08-04 12:16:00,64.0
2022-08-04 12:17:00,64.0
2022-08-04 12:18:00,64.0
2022-08-04 12:19:00,65.0
2022-08-04 12:20:00,62.0
2022-08-04 12:21:00,64.0
2022-08-04 12:22:00,60.0
2022-08-04 12:23:00,62.0
2022-08-04 12:24:00,63.0
2022-08-04 12:25:00,61.0
2022-08-04 12:26:00,63.0
2022-08-04 12:27:00,66.0
2022-08-04 12:28:00,61.0
2022-08-04 12:29:00,63.0
2022-08-04 12:30:00,64.0
2022-08-04 12:31:00,60.0
2022-08-04 12:32:00,63.0
2022-08-04 12:33:00,62.0
2022-08-04 12:34:00,61.0
2022-08-04 12:35:00,64.0
2022-08-04 12:36:00,63.0
2022-08-04 12:37:00,63.0
2022-08-04 12:38:00,66.0
2022-08-04 12:39:00,64.0
2022-08-04 12:40:00,61.0
2022-08-04 12:41:00,62.0
2022-08-04 12:42:00,64.0
2022-08-04 12:43:00,64.0
2022-08-04 12:44:00,65.0
2022-08-04 12:45:00,64.0
2022-08-04 12:46:00,64.0
2022-08-04 12:47:00,64.0
2022-08-04 12:48:00,64.0
2022-08-04 12:49:00,64.0
2022-08-04 12:50:00,66.0
2022-08-04 12:51:00,67.0
2022-08-04 12:52:00,68.0
2022-08-04 12:53:00,61.0
2022-08-04 12:54:00,61.0
2022-08-04 12:55:00,62.0
2022-08-04 12:56:00,62.0
2022-08-04 12:57:00,63.0
2022-08-04 12:58:00,63.0
2022-08-04 12:59:00,59.0
2022-08-04 13:00:00,62.0
2022-08-04 13:01:00,64.0
2022-08-04 13:02:00,62.0
2022-08-04 13:03:00,63.0
2022-08-04 13:04:00,64.0
2022-08-04 13:05:00,63.0
2022-08-04 13:06:00,63.0
2022-08-04 13:07:00,64.0
2022-08-04 13:08:00,64.0
2022-08-04 13:09:00,60.0
2022-08-04 13:10:00,61.0
2022-08-04 13:11:00,62.0
2022-08-04 13:12:00,64.0
2022-08-04 13:13:00,64.0
2022-08-04 13:14:00,63.0
2022-08-04 13:15:00,64.0
2022-08-04 13:16:00,65.0
2022-08-04 13:17:00,62.0
2022-08-04 13:18:00,61.0
2022-08-04 13:19:00,64.0
2022-08-04 13:20:00,62.0
2022-08-04 13:21:00,62.0
2022-08-04 13:22:00,64.0
2022-08-04 13:23:00,62.0
2022-08-04 13:24:00,63.0
2022-08-04 13:25:00,62.0
2022-08-04 13:26:00,65.0
2022-08-04 13:27:00,62.0
2022-08-04 13:28:00,64.0
2022-08-04 13:29:00,65.0
2022-08-04 13:30:00,65.0
2022-08-04 13:31:00,63.0
2022-08-04 13:32:00,64.0
2022-08-04 13:33:00,66.0
2022-08-04 13:34:00,64.0
2022-08-04 13:35:00,64.0
2022-08-04 13:36:00,65.0
2022-08-04 13:37:00,64.0
2022-08-04 13:38:00,67.0
2022-08-04 13:39:00,66.0
2022-08-04 13:40:00,66.0
2022-08-04 13:41:00,69.0
2022-08-04 13:42:00,65.0
2022-08-04 13:43:00,69.0
2022-08-04 13:44:00,67.0
2022-08-04 13:45:00,68.0
2022-08-04 13:46:00,68.0
2022-08-04 13:47:00,70.0
2022-08-04 13:48:00,70.0
2022-08-04 13:49:00,67.0
2022-08-04 13:50:00,61.0
2022-08-04 13:51:00,68.0
2022-08-04 13:52:00,70.0
2022-08-04 13:53:00,68.0
2022-08-04 13:54:00,64.0
2022-08-04 13:55:00,69.0
2022-08-04 13:56:00,65.0
2022-08-04 13:57:00,64.0
2022-08-04 13:58:00,67.0
2022-08-04 13:59:00,64.0
2022-08-04 14:00:00,66.0
2022-08-04 14:01:00,64.0
2022-08-04 14:02:00,64.0
2022-08-04 14:03:00,61.0
2022-08-04 14:04:00,60.0
2022-08-04 14:05:00,60.0
2022-08-04 14:06:00,65.0
2022-08-04 14:07:00,63.0
2022-08-04 14:08:00,62.0
2022-08-04 14:09:00,61.0
2022-08-04 14:10:00,64.0
2022-08-04 14:11:00,61.0
2022-08-04 14:12:00,65.0
2022-08-04 14:13:00,64.0
2022-08-04 14:14:00,62.0
2022-08-04 14:15:00,62.0
2022-08-04 14:16:00,62.0
2022-08-04 14:17:00,62.0
2022-08-04 14:18:00,64.0
2022-08-04 14:19:00,64.0
2022-08-04 14:20:00,64.0
2022-08-04 14:21:00,62.0
2022-08-04 14:22:00,64.0
2022-08-04 14:23:00,66.0
2022-08-04 14:24:00,69.0
2022-08-04 14:25:00,68.0
2022-08-04 14:26:00,64.0
2022-08-04 14:27:00,64.0
2022-08-04 14:28:00,65.0
2022-08-04 14:29:00,66.0
2022-08-04 14:30:00,66.0
2022-08-04 14:31:00,65.0
2022-08-04 14:32:00,64.0
2022-08-04 14:33:00,65.0
2022-08-04 14:34:00,66.0
2022-08-04 14:35:00,65.0
2022-08-04 14:36:00,66.0
2022-08-04 14:37:00,65.0
2022-08-04 14:38:00,64.0
2022-08-04 14:39:00,67.0
2022-08-04 14:40:00,63.0
2022-08-04 14:41:00,60.0
2022-08-04 14:42:00,66.0
2022-08-04 14:43:00,63.0
2022-08-04 14:44:00,61.0
2022-08-04 14:45:00,63.0
2022-08-04 14:46:00,63.0
2022-08-04 14:47:00,62.0
2022-08-04 14:48:00,64.0
2022-08-04 14:49:00,63.0
2022-08-04 14:50:00,64.0
2022-08-04 14:51:00,65.0
2022-08-04 14:52:00,67.0
2022-08-04 14:53:00,65.0
2022-08-04 14:54:00,65.0
2022-08-04 14:55:00,63.0
2022-08-04 14:56:00,61.0
2022-08-04 14:57:00,67.0
2022-08-04 14:58:00,64.0
2022-08-04 14:59:00,64.0
2022-08-04 15:00:00,64.0
2022-08-04 15:01:00,64.0
2022-08-04 15:02:00,62.0
2022-08-04 15:03:00,64.0
2022-08-04 15:04:00,64.0
2022-08-04 15:05:00,62.0
2022-08-04 15:06:00,64.0
2022-08-04 15:07:00,63.0
2022-08-04 15:08:00,63.0
2022-08-04 15:09:00,63.0
2022-08-04 15:10:00,64.0
2022-08-04 15:11:00,65.0
2022-08-04 15:12:00,61.0
2022-08-04 15:13:00,64.0
2022-08-04 15:14:00,60.0
2022-08-04 15:15:00,66.0
2022-08-04 15:16:00,65.0
2022-08-04 15:17:00,63.0
2022-08-04 15:18:00,62.0
2022-08-04 15:19:00,59.0
2022-08-04 15:20:00,62.0
2022-08-04 15:21:00,61.0
2022-08-04 15:22:00,64.0
2022-08-04 15:23:00,62.0
2022-08-04 15:24:00,68.0
2022-08-04 15:25:00,64.0
2022-08-04 15:26:00,64.0
2022-08-04 15:27:00,67.0
2022-08-04 15:28:00,63.0
2022-08-04 15:29:00,64.0
2022-08-04 15:30:00,66.0
2022-08-04 15:31:00,64.0
2022-08-04 15:32:00,64.0
2022-08-04 15:33:00,63.0
2022-08-04 15:34:00,60.0
2022-08-04 15:35:00,61.0
2022-08-04 15:36:00,67.0
2022-08-04 15:37:00,68.0
2022-08-04 15:38:00,61.0
2022-08-04 15:39:00,65.0
2022-08-04 15:40:00,67.0
2022-08-04 15:41:00,69.0
2022-08-04 15:42:00,66.0
2022-08-04 15:43:00,65.0
2022-08-04 15:44:00,61.0
2022-08-04 15:45:00,62.0
2022-08-04 15:46:00,69.0
2022-08-04 15:47:00,65.0
2022-08-04 15:48:00,63.0
2022-08-04 15:49:00,68.0
2022-08-04 15:50:00,68.0
2022-08-04 15:51:00,64.0
2022-08-04 15:52:00,64.0
2022-08-04 15:53:00,63.0
2022-08-04 15:54:00,64.0
2022-08-04 15:55:00,64.0
2022-08-04 15:56:00,64.0
2022-08-04 15:57:00,63.0
2022-08-04 15:58:00,63.0
2022-08-04 15:59:00,64.0
2022-08-04 16:00:00,63.0
2022-08-04 16:01:00,66.0
2022-08-04 16:02:00,64.0
2022-08-04 16:03:00,62.0
2022-08-04 16:04:00,62.0
2022-08-04 16:05:00,62.0
2022-08-04 16:06:00,62.0
2022-08-04 16:07:00,62.0
2022-08-04 16:08:00,62.0
2022-08-04 16:09:00,63.0
2022-08-04 16:10:00,63.0
2022-08-04 16:11:00,61.0
2022-08-04 16:12:00,63.0
2022-08-04 16:13:00,63.0
2022-08-04 16:14:00,67.0
2022-08-04 16:15:00,63.0
2022-08-04 16:16:00,64.0
2022-08-04 16:17:00,62.0
2022-08-04 16:18:00,61.0
2022-08-04 16:19:00,65.0
2022-08-04 16:20:00,65.0
2022-08-04 16:21:00,64.0
2022-08-04 16:22:00,64.0
2022-08-04 16:23:00,63.0
2022-08-04 16:24:00,61.0
2022-08-04 16:25:00,64.0
2022-08-04 16:26:00,62.0
2022-08-04 16:27:00,62.0
2022-08-04 16:28:00,64.0
2022-08-04 16:29:00,64.0
2022-08-04 16:30:00,65.0
2022-08-04 16:31:00,64.0
2022-08-04 16:32:00,64.0
2022-08-04 16:33:00,64.0
2022-08-04 16:34:00,62.0
2022-08-04 16:35:00,64.0
2022-08-04 16:36:00,64.0
2022-08-04 16:37:00,66.0
2022-08-04 16:38:00,63.0
2022-08-04 16:39:00,66.0
2022-08-04 16:40:00,64.0
2022-08-04 16:41:00,63.0
2022-08-04 16:42:00,63.0
2022-08-04 16:43:00,62.0
2022-08-04 16:44:00,62.0
2022-08-04 16:45:00,67.0
2022-08-04 16:46:00,68.0
2022-08-04 16:47:00,62.0
2022-08-04 16:48:00,65.0
2022-08-04 16:49:00,65.0
2022-08-04 16:50:00,64.0
2022-08-04 16:51:00,64.0
2022-08-04 16:52:00,62.0
2022-08-04 16:53:00,64.0
2022-08-04 16:54:00,62.0
2022-08-04 16:55:00,64.0
2022-08-04 16:56:00,64.0
2022-08-04 16:57:00,64.0
2022-08-04 16:58:00,63.0
2022-08-04 16:59:00,66.0
2022-08-04 17:00:00,66.0
2022-08-04 17:01:00,66.0
2022-08-04 17:02:00,66.0
2022-08-04 17:03:00,66.0
2022-08-04 17:04:00,66.0
2022-08-04 17:05:00,65.0
2022-08-04 17:06:00,66.0
2022-08-04 17:07:00,66.0
2022-08-04 17:08:00,65.0
2022-08-04 17:09:00,64.0
2022-08-04 17:10:00,63.0
2022-08-04 17:11:00,62.0
2022-08-04 17:12:00,65.0
2022-08-04 17:13:00,63.0
2022-08-04 17:14:00,62.0
2022-08-04 17:15:00,66.0
2022-08-04 17:16:00,67.0
2022-08-04 17:17:00,64.0
2022-08-04 17:18:00,64.0
2022-08-04 17:19:00,64.0
2022-08-04 17:20:00,65.0
2022-08-04 17:21:00,64.0
2022-08-04 17:22:00,67.0
2022-08-04 17:23:00,65.0
2022-08-04 17:24:00,61.0
2022-08-04 17:25:00,62.0
2022-08-04 17:26:00,63.0
2022-08-04 17:27:00,64.0
2022-08-04 17:28:00,64.0
2022-08-04 17:29:00,71.0
2022-08-04 17:30:00,67.0
2022-08-04 17:31:00,61.0
2022-08-04 17:32:00,62.0
2022-08-04 17:33:00,62.0
2022-08-04 17:34:00,63.0
2022-08-04 17:35:00,65.0
2022-08-04 17:36:00,64.0
2022-08-04 17:37:00,63.0
2022-08-04 17:38:00,63.0
2022-08-04 17:39:00,63.0
2022-08-04 17:40:00,62.0
2022-08-04 17:41:00,65.0
2022-08-04 17:42:00,66.0
2022-08-04 17:43:00,62.0
2022-08-04 17:44:00,67.0
2022-08-04 17:45:00,63.0
2022-08-04 17:46:00,64.0
2022-08-04 17:47:00,69.0
2022-08-04 17:48:00,67.0
2022-08-04 17:49:00,63.0
2022-08-04 17:50:00,63.0
2022-08-04 17:51:00,66.0
2022-08-04 17:52:00,61.0
2022-08-04 17:53:00,63.0
2022-08-04 17:54:00,63.0
2022-08-04 17:55:00,67.0
2022-08-04 17:56:00,61.0
2022-08-04 17:57:00,69.0
2022-08-04 17:58:00,70.0
2022-08-04 17:59:00,64.0
2022-08-04 18:00:00,66.0
2022-08-04 18:01:00,63.0
2022-08-04 18:02:00,65.0
2022-08-04 18:03:00,62.0
2022-08-04 18:04:00,62.0
2022-08-04 18:05:00,63.0
2022-08-04 18:06:00,60.0
2022-08-04 18:07:00,65.0
2022-08-04 18:08:00,64.0
2022-08-04 18:09:00,64.0
2022-08-04 18:10:00,65.0
2022-08-04 18:11:00,63.0
2022-08-04 18:12:00,64.0
2022-08-04 18:13:00,63.0
2022-08-04 18:14:00,62.0
2022-08-04 18:15:00,62.0
2022-08-04 18:16:00,64.0
2022-08-04 18:17:00,64.0
2022-08-04 18:18:00,64.0
2022-08-04 18:19:00,63.0
2022-08-04 18:20:00,64.0
2022-08-04 18:21:00,66.0
2022-08-04 18:22:00,62.0
2022-08-04 18:23:00,62.0
2022-08-04 18:24:00,62.0
2022-08-04 18:25:00,64.0
2022-08-04 18:26:00,62.0
2022-08-04 18:27:00,63.0
2022-08-04 18:28:00,63.0
2022-08-04 18:29:00,67.0
2022-08-04 18:30:00,66.0
2022-08-04 18:31:00,63.0
2022-08-04 18:32:00,66.0
2022-08-04 18:33:00,64.0
2022-08-04 18:34:00,64.0
2022-08-04 18:35:00,64.0
2022-08-04 18:36:00,62.0
2022-08-04 18:37:00,61.0
2022-08-04 18:38:00,62.0
2022-08-04 18:39:00,63.0
2022-08-04 18:40:00,62.0
2022-08-04 18:41:00,61.0
2022-08-04 18:42:00,59.0
2022-08-04 18:43:00,61.0
2022-08-04 18:44:00,61.0
2022-08-04 18:45:00,62.0
2022-08-04 18:46:00,66.0
2022-08-04 18:47:00,68.0
2022-08-04 18:48:00,64.0
2022-08-04 18:49:00,64.0
2022-08-04 18:50:00,60.0
2022-08-04 18:51:00,62.0
2022-08-04 18:52:00,60.0
2022-08-04 18:53:00,60.0
2022-08-04 18:54:00,62.0
2022-08-04 18:55:00,62.0
2022-08-04 18:56:00,60.0
2022-08-04 18:57:00,62.0
2022-08-04 18:58:00,62.0
2022-08-04 18:59:00,60.0
2022-08-04 19:00:00,60.0
2022-08-04 19:01:00,66.0
2022-08-04 19:02:00,63.0
2022-08-04 19:03:00,62.0
2022-08-04 19:04:00,66.0
2022-08-04 19:05:00,65.0
2022-08-04 19:06:00,62.0
2022-08-04 19:07:00,65.0
2022-08-04 19:08:00,62.0
2022-08-04 19:09:00,62.0
2022-08-04 19:10:00,62.0
2022-08-04 19:11:00,63.0
2022-08-04 19:12:00,64.0
2022-08-04 19:13:00,65.0
2022-08-04 19:14:00,61.0
2022-08-04 19:15:00,63.0
2022-08-04 19:16:00,63.0
2022-08-04 19:17:00,63.0
2022-08-04 19:18:00,60.0
2022-08-04 19:19:00,61.0
2022-08-04 19:20:00,60.0
2022-08-04 19:21:00,64.0
2022-08-04 19:22:00,63.0
2022-08-04 19:23:00,66.0
2022-08-04 19:24:00,64.0
2022-08-04 19:25:00,62.0
2022-08-04 19:26:00,64.0
2022-08-04 19:27:00,66.0
2022-08-04 19:28:00,60.0
2022-08-04 19:29:00,62.0
2022-08-04 19:30:00,63.0
2022-08-04 19:31:00,59.0
2022-08-04 19:32:00,60.0
2022-08-04 19:33:00,62.0
2022-08-04 19:34:00,61.0
2022-08-04 19:35:00,60.0
2022-08-04 19:36:00,61.0
2022-08-04 19:37:00,60.0
2022-08-04 19:38:00,59.0
2022-08-04 19:39:00,61.0
2022-08-04 19:40:00,60.0
2022-08-04 19:41:00,61.0
2022-08-04 19:42:00,62.0
2022-08-04 19:43:00,63.0
2022-08-04 19:44:00,62.0
2022-08-04 19:45:00,62.0
2022-08-04 19:46:00,62.0
2022-08-04 19:47:00,62.0
2022-08-04 19:48:00,64.0
2022-08-04 19:49:00,63.0
2022-08-04 19:50:00,62.0
2022-08-04 19:51:00,60.0
2022-08-04 19:52:00,58.0
2022-08-04 19:53:00,60.0
2022-08-04 19:54:00,61.0
2022-08-04 19:55:00,60.0
2022-08-04 19:56:00,60.0
2022-08-04 19:57:00,61.0
2022-08-04 19:58:00,58.0
2022-08-04 19:59:00,58.0
2022-08-04 20:00:00,60.0
2022-08-04 20:01:00,58.0
2022-08-04 20:02:00,60.0
2022-08-04 20:03:00,60.0
2022-08-04 20:04:00,58.0
2022-08-04 20:05:00,60.0
2022-08-04 20:06:00,62.0
2022-08-04 20:07:00,60.0
2022-08-04 20:08:00,58.0
2022-08-04 20:09:00,63.0
2022-08-04 20:10:00,58.0
2022-08-04 20:11:00,64.0
2022-08-04 20:12:00,59.0
2022-08-04 20:13:00,63.0
2022-08-04 20:14:00,61.0
2022-08-04 20:15:00,59.0
2022-08-04 20:16:00,58.0
2022-08-04 20:17:00,63.0
2022-08-04 20:18:00,61.0
2022-08-04 20:19:00,59.0
2022-08-04 20:20:00,59.0
2022-08-04 20:21:00,62.0
2022-08-04 20:22:00,60.0
2022-08-04 20:23:00,60.0
2022-08-04 20:24:00,58.0
2022-08-04 20:25:00,61.0
2022-08-04 20:26:00,61.0
2022-08-04 20:27:00,62.0
2022-08-04 20:28:00,60.0
2022-08-04 20:29:00,60.0
2022-08-04 20:30:00,59.0
2022-08-04 20:31:00,56.0
2022-08-04 20:32:00,59.0
2022-08-04 20:33:00,60.0
2022-08-04 20:34:00,62.0
2022-08-04 20:35:00,58.0
2022-08-04 20:36:00,62.0
2022-08-04 20:37:00,58.0
2022-08-04 20:38:00,59.0
2022-08-04 20:39:00,62.0
2022-08-04 20:40:00,63.0
2022-08-04 20:41:00,60.0
2022-08-04 20:42:00,62.0
2022-08-04 20:43:00,56.0
2022-08-04 20:44:00,58.0
2022-08-04 20:45:00,59.0
2022-08-04 20:46:00,58.0
2022-08-04 20:47:00,58.0
2022-08-04 20:48:00,60.0
2022-08-04 20:49:00,58.0
2022-08-04 20:50:00,58.0
2022-08-04 20:51:00,60.0
2022-08-04 20:52:00,62.0
2022-08-04 20:53:00,58.0
2022-08-04 20:54:00,57.0
2022-08-04 20:55:00,62.0
2022-08-04 20:56:00,60.0
2022-08-04 20:57:00,62.0
2022-08-04 20:58:00,60.0
2022-08-04 20:59:00,62.0
2022-08-04 21:00:00,62.0
2022-08-04 21:01:00,62.0
2022-08-04 21:02:00,61.0
2022-08-04 21:03:00,59.0
2022-08-04 21:04:00,59.0
2022-08-04 21:05:00,58.0
2022-08-04 21:06:00,60.0
2022-08-04 21:07:00,61.0
2022-08-04 21:08:00,62.0
2022-08-04 21:09:00,58.0
2022-08-04 21:10:00,58.0
2022-08-04 21:11:00,58.0
2022-08-04 21:12:00,61.0
2022-08-04 21:13:00,60.0
2022-08-04 21:14:00,59.0
2022-08-04 21:15:00,58.0
2022-08-04 21:16:00,65.0
2022-08-04 21:17:00,65.0
2022-08-04 21:18:00,58.0
2022-08-04 21:19:00,60.0
2022-08-04 21:20:00,67.0
2022-08-04 21:21:00,59.0
2022-08-04 21:22:00,61.0
2022-08-04 21:23:00,56.0
2022-08-04 21:24:00,57.0
2022-08-04 21:25:00,57.0
2022-08-04 21:26:00,62.0
2022-08-04 21:27:00,61.0
2022-08-04 21:28:00,59.0
2022-08-04 21:29:00,58.0
2022-08-04 21:30:00,59.0
2022-08-04 21:31:00,56.0
2022-08-04 21:32:00,58.0
2022-08-04 21:33:00,56.0
2022-08-04 21:34:00,59.0
2022-08-04 21:35:00,59.0
2022-08-04 21:36:00,60.0
2022-08-04 21:37:00,58.0
2022-08-04 21:38:00,57.0
2022-08-04 21:39:00,60.0
2022-08-04 21:40:00,58.0
2022-08-04 21:41:00,60.0
2022-08-04 21:42:00,60.0
2022-08-04 21:43:00,58.0
2022-08-04 21:44:00,59.0
2022-08-04 21:45:00,62.0
2022-08-04 21:46:00,58.0
2022-08-04 21:47:00,59.0
2022-08-04 21:48:00,65.0
2022-08-04 21:49:00,57.0
2022-08-04 21:50:00,62.0
2022-08-04 21:51:00,57.0
2022-08-04 21:52:00,59.0
2022-08-04 21:53:00,61.0
2022-08-04 21:54:00,60.0
2022-08-04 21:55:00,64.0
2022-08-04 21:56:00,59.0
2022-08-04 21:57:00,59.0
2022-08-04 21:58:00,61.0
2022-08-04 21:59:00,62.0
2022-08-04 22:00:00,61.0
2022-08-04 22:01:00,58.0
2022-08-04 22:02:00,58.0
2022-08-04 22:03:00,59.0
2022-08-04 22:04:00,59.0
2022-08-04 22:05:00,60.0
2022-08-04 22:06:00,60.0
2022-08-04 22:07:00,60.0
2022-08-04 22:08:00,58.0
2022-08-04 22:09:00,56.0
2022-08-04 22:10:00,58.0
2022-08-04 22:11:00,61.0
2022-08-04 22:12:00,60.0
2022-08-04 22:13:00,60.0
2022-08-04 22:14:00,60.0
2022-08-04 22:15:00,57.0
2022-08-04 22:16:00,60.0
2022-08-04 22:17:00,62.0
2022-08-04 22:18:00,55.0
2022-08-04 22:19:00,57.0
2022-08-04 22:20:00,60.0
2022-08-04 22:21:00,60.0
2022-08-04 22:22:00,61.0
2022-08-04 22:23:00,60.0
2022-08-04 22:24:00,61.0
2022-08-04 22:25:00,61.0
2022-08-04 22:26:00,62.0
2022-08-04 22:27:00,61.0
2022-08-04 22:28:00,63.0
2022-08-04 22:29:00,62.0
2022-08-04 22:30:00,62.0
2022-08-04 22:31:00,62.0
2022-08-04 22:32:00,62.0
2022-08-04 22:33:00,62.0
2022-08-04 22:34:00,65.0
2022-08-04 22:35:00,60.0
2022-08-04 22:36:00,58.0
2022-08-04 22:37:00,60.0
2022-08-04 22:38:00,61.0
2022-08-04 22:39:00,60.0
2022-08-04 22:40:00,62.0
2022-08-04 22:41:00,62.0
2022-08-04 22:42:00,61.0
2022-08-04 22:43:00,58.0
2022-08-04 22:44:00,56.0
2022-08-04 22:45:00,56.0
2022-08-04 22:46:00,55.0
2022-08-04 22:47:00,56.0
2022-08-04 22:48:00,60.0
2022-08-04 22:49:00,58.0
2022-08-04 22:50:00,55.0
2022-08-04 22:51:00,57.0
2022-08-04 22:52:00,56.0
2022-08-04 22:53:00,60.0
2022-08-04 22:54:00,60.0
2022-08-04 22:55:00,59.0
2022-08-04 22:56:00,60.0
2022-08-04 22:57:00,60.0
2022-08-04 22:58:00,60.0
2022-08-04 22:59:00,64.0
2022-08-04 23:00:00,60.0
2022-08-04 23:01:00,62.0
2022-08-04 23:02:00,57.0
2022-08-04 23:03:00,58.0
2022-08-04 23:04:00,60.0
2022-08-04 23:05:00,59.0
2022-08-04 23:06:00,60.0
2022-08-04 23:07:00,60.0
2022-08-04 23:08:00,58.0
2022-08-04 23:09:00,59.0
2022-08-04 23:10:00,59.0
2022-08-04 23:11:00,59.0
2022-08-04 23:12:00,58.0
2022-08-04 23:13:00,60.0
2022-08-04 23:14:00,60.0
2022-08-04 23:15:00,60.0
2022-08-04 23:16:00,60.0
2022-08-04 23:17:00,58.0
2022-08-04 23:18:00,60.0
2022-08-04 23:19:00,62.0
2022-08-04 23:20:00,60.0
2022-08-04 23:21:00,61.0
2022-08-04 23:22:00,58.0
2022-08-04 23:23:00,59.0
2022-08-04 23:24:00,58.0
2022-08-04 23:25:00,58.0
2022-08-04 23:26:00,58.0
2022-08-04 23:27:00,58.0
2022-08-04 23:28:00,59.0
2022-08-04 23:29:00,58.0
2022-08-04 23:30:00,58.0
2022-08-04 23:31:00,58.0
2022-08-04 23:32:00,56.0
2022-08-04 23:33:00,57.0
2022-08-04 23:34:00,67.0
2022-08-04 23:35:00,59.0
2022-08-04 23:36:00,59.0
2022-08-04 23:37:00,54.0
2022-08-04 23:38:00,55.0
2022-08-04 23:39:00,61.0
2022-08-04 23:40:00,58.0
2022-08-04 23:41:00,59.0
2022-08-04 23:42:00,57.0
2022-08-04 23:43:00,58.0
2022-08-04 23:44:00,56.0
2022-08-04 23:45:00,57.0
2022-08-04 23:46:00,58.0
2022-08-04 23:47:00,57.0
2022-08-04 23:48:00,56.0
2022-08-04 23:49:00,56.0
2022-08-04 23:50:00,56.0
2022-08-04 23:51:00,57.0
2022-08-04 23:52:00,58.0
2022-08-04 23:53:00,56.0
2022-08-04 23:54:00,56.0
2022-08-04 23:55:00,57.0
2022-08-04 23:56:00,56.0
2022-08-04 23:57:00,56.0
2022-08-04 23:58:00,57.0
2022-08-04 23:59:00,58.0
2022-08-05 00:00:00,56.0
2022-08-05 00:01:00,58.0
2022-08-05 00:02:00,59.0
2022-08-05 00:03:00,56.0
2022-08-05 00:04:00,55.0
2022-08-05 00:05:00,55.0
2022-08-05 00:06:00,56.0
2022-08-05 00:07:00,56.0
2022-08-05 00:08:00,57.0
2022-08-05 00:09:00,54.0
2022-08-05 00:10:00,55.0
2022-08-05 00:11:00,56.0
2022-08-05 00:12:00,59.0
2022-08-05 00:13:00,58.0
2022-08-05 00:14:00,57.0
2022-08-05 00:15:00,56.0
2022-08-05 00:16:00,59.0
2022-08-05 00:17:00,53.0
2022-08-05 00:18:00,57.0
2022-08-05 00:19:00,55.0
2022-08-05 00:20:00,56.0
2022-08-05 00:21:00,56.0
2022-08-05 00:22:00,59.0
2022-08-05 00:23:00,58.0
2022-08-05 00:24:00,56.0
2022-08-05 00:25:00,52.0
2022-08-05 00:26:00,54.0
2022-08-05 00:27:00,53.0
2022-08-05 00:28:00,56.0
2022-08-05 00:29:00,57.0
2022-08-05 00:30:00,56.0
2022-08-05 00:31:00,56.0
2022-08-05 00:32:00,53.0
2022-08-05 00:33:00,52.0
2022-08-05 00:34:00,50.0
2022-08-05 00:35:00,53.0
2022-08-05 00:36:00,52.0
2022-08-05 00:37:00,53.0
2022-08-05 00:38:00,55.0
2022-08-05 00:39:00,52.0
2022-08-05 00:40:00,54.0
2022-08-05 00:41:00,54.0
2022-08-05 00:42:00,54.0
2022-08-05 00:43:00,52.0
2022-08-05 00:44:00,56.0
2022-08-05 00:45:00,54.0
2022-08-05 00:46:00,54.0
2022-08-05 00:47:00,56.0
2022-08-05 00:48:00,56.0
2022-08-05 00:49:00,56.0
2022-08-05 00:50:00,58.0
2022-08-05 00:51:00,58.0
2022-08-05 00:52:00,58.0
2022-08-05 00:53:00,56.0
2022-08-05 00:54:00,55.0
2022-08-05 00:55:00,56.0
2022-08-05 00:56:00,56.0
2022-08-05 00:57:00,54.0
2022-08-05 00:58:00,54.0
2022-08-05 00:59:00,54.0
2022-08-05 01:00:00,54.0
2022-08-05 01:01:00,54.0
2022-08-05 01:02:00,53.0
2022-08-05 01:03:00,57.0
2022-08-05 01:04:00,58.0
2022-08-05 01:05:00,53.0
2022-08-05 01:06:00,54.0
2022-08-05 01:07:00,60.0
2022-08-05 01:08:00,54.0
2022-08-05 01:09:00,57.0
2022-08-05 01:10:00,59.0
2022-08-05 01:11:00,52.0
2022-08-05 01:12:00,60.0
2022-08-05 01:13:00,55.0
2022-08-05 01:14:00,56.0
2022-08-05 01:15:00,58.0
2022-08-05 01:16:00,54.0
2022-08-05 01:17:00,54.0
2022-08-05 01:18:00,55.0
2022-08-05 01:19:00,56.0
2022-08-05 01:20:00,54.0
2022-08-05 01:21:00,56.0
2022-08-05 01:22:00,56.0
2022-08-05 01:23:00,55.0
2022-08-05 01:24:00,54.0
2022-08-05 01:25:00,54.0
2022-08-05 01:26:00,53.0
2022-08-05 01:27:00,54.0
2022-08-05 01:28:00,62.0
2022-08-05 01:29:00,56.0
2022-08-05 01:30:00,56.0
2022-08-05 01:31:00,55.0
2022-08-05 01:32:00,57.0
2022-08-05 01:33:00,57.0
2022-08-05 01:34:00,57.0
2022-08-05 01:35:00,54.0
2022-08-05 01:36:00,52.0
2022-08-05 01:37:00,54.0
2022-08-05 01:38:00,52.0
2022-08-05 01:39:00,57.0
2022-08-05 01:40:00,53.0
2022-08-05 01:41:00,53.0
2022-08-05 01:42:00,52.0
2022-08-05 01:43:00,50.0
2022-08-05 01:44:00,50.0
2022-08-05 01:45:00,53.0
2022-08-05 01:46:00,50.0
2022-08-05 01:47:00,52.0
2022-08-05 01:48:00,52.0
2022-08-05 01:49:00,50.0
2022-08-05 01:50:00,52.0
2022-08-05 01:51:00,52.0
2022-08-05 01:52:00,57.0
2022-08-05 01:53:00,54.0
2022-08-05 01:54:00,53.0
2022-08-05 01:55:00,53.0
2022-08-05 01:56:00,56.0
2022-08-05 01:57:00,55.0
2022-08-05 01:58:00,51.0
2022-08-05 01:59:00,53.0
2022-08-05 02:00:00,54.0
2022-08-05 02:01:00,52.0
2022-08-05 02:02:00,54.0
2022-08-05 02:03:00,52.0
2022-08-05 02:04:00,52.0
2022-08-05 02:05:00,54.0
2022-08-05 02:06:00,50.0
2022-08-05 02:07:00,52.0
2022-08-05 02:08:00,51.0
2022-08-05 02:09:00,52.0
2022-08-05 02:10:00,52.0
2022-08-05 02:11:00,53.0
2022-08-05 02:12:00,52.0
2022-08-05 02:13:00,49.0
2022-08-05 02:14:00,48.0
2022-08-05 02:15:00,52.0
2022-08-05 02:16:00,51.0
2022-08-05 02:17:00,51.0
2022-08-05 02:18:00,50.0
2022-08-05 02:19:00,52.0
2022-08-05 02:20:00,57.0
2022-08-05 02:21:00,50.0
2022-08-05 02:22:00,50.0
2022-08-05 02:23:00,48.0
2022-08-05 02:24:00,48.0
2022-08-05 02:25:00,50.0
2022-08-05 02:26:00,52.0
2022-08-05 02:27:00,51.0
2022-08-05 02:28:00,52.0
2022-08-05 02:29:00,53.0
2022-08-05 02:30:00,51.0
2022-08-05 02:31:00,52.0
2022-08-05 02:32:00,52.0
2022-08-05 02:33:00,52.0
2022-08-05 02:34:00,50.0
2022-08-05 02:35:00,52.0
2022-08-05 02:36:00,50.0
2022-08-05 02:37:00,50.0
2022-08-05 02:38:00,51.0
2022-08-05 02:39:00,54.0
2022-08-05 02:40:00,54.0
2022-08-05 02:41:00,54.0
2022-08-05 02:42:00,54.0
2022-08-05 02:43:00,54.0
2022-08-05 02:44:00,54.0
2022-08-05 02:45:00,52.0
2022-08-05 02:46:00,52.0
2022-08-05 02:47:00,53.0
2022-08-05 02:48:00,52.0
2022-08-05 02:49:00,52.0
2022-08-05 02:50:00,53.0
2022-08-05 02:51:00,52.0
2022-08-05 02:52:00,52.0
2022-08-05 02:53:00,52.0
2022-08-05 02:54:00,56.0
2022-08-05 02:55:00,52.0
2022-08-05 02:56:00,52.0
2022-08-05 02:57:00,51.0
2022-08-05 02:58:00,55.0
2022-08-05 02:59:00,50.0
2022-08-05 03:00:00,52.0
2022-08-05 03:01:00,54.0
2022-08-05 03:02:00,52.0
2022-08-05 03:03:00,51.0
2022-08-05 03:04:00,51.0
2022-08-05 03:05:00,52.0
2022-08-05 03:06:00,49.0
2022-08-05 03:07:00,50.0
2022-08-05 03:08:00,50.0
2022-08-05 03:09:00,50.0
2022-08-05 03:10:00,49.0
2022-08-05 03:11:00,49.0
2022-08-05 03:12:00,48.0
2022-08-05 03:13:00,52.0
2022-08-05 03:14:00,51.0
2022-08-05 03:15:00,54.0
2022-08-05 03:16:00,50.0
2022-08-05 03:17:00,51.0
2022-08-05 03:18:00,49.0
2022-08-05 03:19:00,53.0
2022-08-05 03:20:00,50.0
2022-08-05 03:21:00,49.0
2022-08-05 03:22:00,52.0
2022-08-05 03:23:00,53.0
2022-08-05 03:24:00,51.0
2022-08-05 03:25:00,53.0
2022-08-05 03:26:00,51.0
2022-08-05 03:27:00,53.0
2022-08-05 03:28:00,51.0
2022-08-05 03:29:00,54.0
2022-08-05 03:30:00,50.0
2022-08-05 03:31:00,48.0
2022-08-05 03:32:00,54.0
2022-08-05 03:33:00,51.0
2022-08-05 03:34:00,51.0
2022-08-05 03:35:00,56.0
2022-08-05 03:36:00,48.0
2022-08-05 03:37:00,52.0
2022-08-05 03:38:00,51.0
2022-08-05 03:39:00,53.0
2022-08-05 03:40:00,52.0
2022-08-05 03:41:00,53.0
2022-08-05 03:42:00,52.0
2022-08-05 03:43:00,52.0
2022-08-05 03:44:00,52.0
2022-08-05 03:45:00,63.0
2022-08-05 03:46:00,58.0
2022-08-05 03:47:00,53.0
2022-08-05 03:48:00,52.0
2022-08-05 03:49:00,54.0
2022-08-05 03:50:00,52.0
2022-08-05 03:51:00,52.0
2022-08-05 03:52:00,52.0
2022-08-05 03:53:00,54.0
2022-08-05 03:54:00,53.0
2022-08-05 03:55:00,51.0
2022-08-05 03:56:00,54.0
2022-08-05 03:57:00,51.0
2022-08-05 03:58:00,53.0
2022-08-05 03:59:00,52.0
2022-08-05 04:00:00,47.0
2022-08-05 04:01:00,56.0
2022-08-05 04:02:00,58.0
2022-08-05 04:03:00,58.0
2022-08-05 04:04:00,56.0
2022-08-05 04:05:00,60.0
2022-08-05 04:06:00,56.0
2022-08-05 04:07:00,58.0
2022-08-05 04:08:00,58.0
2022-08-05 04:09:00,54.0
2022-08-05 04:10:00,60.0
2022-08-05 04:11:00,52.0
2022-08-05 04:12:00,52.0
2022-08-05 04:13:00,57.0
2022-08-05 04:14:00,55.0
2022-08-05 04:15:00,53.0
2022-08-05 04:16:00,53.0
2022-08-05 04:17:00,51.0
2022-08-05 04:18:00,52.0
2022-08-05 04:19:00,50.0
2022-08-05 04:20:00,52.0
2022-08-05 04:21:00,56.0
2022-08-05 04:22:00,56.0
2022-08-05 04:23:00,56.0
2022-08-05 04:24:00,57.0
2022-08-05 04:25:00,58.0
2022-08-05 04:26:00,52.0
2022-08-05 04:27:00,52.0
2022-08-05 04:28:00,54.0
2022-08-05 04:29:00,56.0
2022-08-05 04:30:00,56.0
2022-08-05 04:31:00,56.0
2022-08-05 04:32:00,54.0
2022-08-05 04:33:00,55.0
2022-08-05 04:34:00,53.0
2022-08-05 04:35:00,54.0
2022-08-05 04:36:00,55.0
2022-08-05 04:37:00,55.0
2022-08-05 04:38:00,55.0
2022-08-05 04:39:00,54.0
2022-08-05 04:40:00,55.0
2022-08-05 04:41:00,57.0
2022-08-05 04:42:00,56.0
2022-08-05 04:43:00,56.0
2022-08-05 04:44:00,53.0
2022-08-05 04:45:00,52.0
2022-08-05 04:46:00,53.0
2022-08-05 04:47:00,54.0
2022-08-05 04:48:00,52.0
2022-08-05 04:49:00,56.0
2022-08-05 04:50:00,50.0
2022-08-05 04:51:00,54.0
2022-08-05 04:52:00,54.0
2022-08-05 04:53:00,56.0
2022-08-05 04:54:00,56.0
2022-08-05 04:55:00,54.0
2022-08-05 04:56:00,57.0
2022-08-05 04:57:00,52.0
2022-08-05 04:58:00,56.0
2022-08-05 04:59:00,52.0
2022-08-05 05:00:00,53.0
2022-08-05 05:01:00,54.0
2022-08-05 05:02:00,56.0
2022-08-05 05:03:00,54.0
2022-08-05 05:04:00,57.0
2022-08-05 05:05:00,58.0
2022-08-05 05:06:00,56.0
2022-08-05 05:07:00,57.0
2022-08-05 05:08:00,56.0
2022-08-05 05:09:00,54.0
2022-08-05 05:10:00,54.0
2022-08-05 05:11:00,51.0
2022-08-05 05:12:00,52.0
2022-08-05 05:13:00,53.0
2022-08-05 05:14:00,59.0
2022-08-05 05:15:00,52.0
2022-08-05 05:16:00,52.0
2022-08-05 05:17:00,54.0
2022-08-05 05:18:00,49.0
2022-08-05 05:19:00,51.0
2022-08-05 05:20:00,53.0
2022-08-05 05:21:00,52.0
2022-08-05 05:22:00,52.0
2022-08-05 05:23:00,53.0
2022-08-05 05:24:00,52.0
2022-08-05 05:25:00,51.0
2022-08-05 05:26:00,53.0
2022-08-05 05:27:00,54.0
2022-08-05 05:28:00,53.0
2022-08-05 05:29:00,56.0
2022-08-05 05:30:00,55.0
2022-08-05 05:31:00,53.0
2022-08-05 05:32:00,53.0
2022-08-05 05:33:00,53.0
2022-08-05 05:34:00,54.0
2022-08-05 05:35:00,56.0
2022-08-05 05:36:00,54.0
2022-08-05 05:37:00,55.0
2022-08-05 05:38:00,58.0
2022-08-05 05:39:00,54.0
2022-08-05 05:40:00,56.0
2022-08-05 05:41:00,56.0
2022-08-05 05:42:00,54.0
2022-08-05 05:43:00,53.0
2022-08-05 05:44:00,53.0
2022-08-05 05:45:00,54.0
2022-08-05 05:46:00,55.0
2022-08-05 05:47:00,55.0
2022-08-05 05:48:00,55.0
2022-08-05 05:49:00,54.0
2022-08-05 05:50:00,56.0
2022-08-05 05:51:00,54.0
2022-08-05 05:52:00,56.0
2022-08-05 05:53:00,55.0
2022-08-05 05:54:00,54.0
2022-08-05 05:55:00,56.0
2022-08-05 05:56:00,56.0
2022-08-05 05:57:00,56.0
2022-08-05 05:58:00,56.0
2022-08-05 05:59:00,54.0
2022-08-05 06:00:00,55.0
2022-08-05 06:01:00,55.0
2022-08-05 06:02:00,57.0
2022-08-05 06:03:00,55.0
2022-08-05 06:04:00,54.0
2022-08-05 06:05:00,56.0
2022-08-05 06:06:00,54.0
2022-08-05 06:07:00,55.0
2022-08-05 06:08:00,54.0
2022-08-05 06:09:00,56.0
2022-08-05 06:10:00,56.0
2022-08-05 06:11:00,52.0
2022-08-05 06:12:00,56.0
2022-08-05 06:13:00,61.0
2022-08-05 06:14:00,56.0
2022-08-05 06:15:00,57.0
2022-08-05 06:16:00,57.0
2022-08-05 06:17:00,54.0
2022-08-05 06:18:00,59.0
2022-08-05 06:19:00,58.0
2022-08-05 06:20:00,55.0
2022-08-05 06:21:00,54.0
2022-08-05 06:22:00,59.0
2022-08-05 06:23:00,58.0
2022-08-05 06:24:00,52.0
2022-08-05 06:25:00,56.0
2022-08-05 06:26:00,56.0
2022-08-05 06:27:00,56.0
2022-08-05 06:28:00,56.0
2022-08-05 06:29:00,56.0
2022-08-05 06:30:00,54.0
2022-08-05 06:31:00,54.0
2022-08-05 06:32:00,59.0
2022-08-05 06:33:00,60.0
2022-08-05 06:34:00,58.0
2022-08-05 06:35:00,62.0
2022-08-05 06:36:00,58.0
2022-08-05 06:37:00,58.0
2022-08-05 06:38:00,60.0
2022-08-05 06:39:00,60.0
2022-08-05 06:40:00,60.0
2022-08-05 06:41:00,64.0
2022-08-05 06:42:00,58.0
2022-08-05 06:43:00,56.0
2022-08-05 06:44:00,58.0
2022-08-05 06:45:00,56.0
2022-08-05 06:46:00,56.0
2022-08-05 06:47:00,58.0
2022-08-05 06:48:00,56.0
2022-08-05 06:49:00,56.0
2022-08-05 06:50:00,54.0
2022-08-05 06:51:00,56.0
2022-08-05 06:52:00,61.0
2022-08-05 06:53:00,62.0
2022-08-05 06:54:00,61.0
2022-08-05 06:55:00,61.0
2022-08-05 06:56:00,60.0
2022-08-05 06:57:00,58.0
2022-08-05 06:58:00,58.0
2022-08-05 06:59:00,56.0
2022-08-05 07:00:00,56.0
2022-08-05 07:01:00,60.0
2022-08-05 07:02:00,59.0
2022-08-05 07:03:00,59.0
2022-08-05 07:04:00,62.0
2022-08-05 07:05:00,57.0
2022-08-05 07:06:00,59.0
2022-08-05 07:07:00,58.0
2022-08-05 07:08:00,62.0
2022-08-05 07:09:00,61.0
2022-08-05 07:10:00,57.0
2022-08-05 07:11:00,58.0
2022-08-05 07:12:00,58.0
2022-08-05 07:13:00,59.0
2022-08-05 07:14:00,58.0
2022-08-05 07:15:00,60.0
2022-08-05 07:16:00,57.0
2022-08-05 07:17:00,56.0
2022-08-05 07:18:00,58.0
2022-08-05 07:19:00,56.0
2022-08-05 07:20:00,56.0
2022-08-05 07:21:00,58.0
2022-08-05 07:22:00,58.0
2022-08-05 07:23:00,58.0
2022-08-05 07:24:00,60.0
2022-08-05 07:25:00,60.0
2022-08-05 07:26:00,60.0
2022-08-05 07:27:00,60.0
2022-08-05 07:28:00,59.0
2022-08-05 07:29:00,61.0
2022-08-05 07:30:00,60.0
2022-08-05 07:31:00,58.0
2022-08-05 07:32:00,60.0
2022-08-05 07:33:00,62.0
2022-08-05 07:34:00,60.0
2022-08-05 07:35:00,60.0
2022-08-05 07:36:00,61.0
2022-08-05 07:37:00,60.0
2022-08-05 07:38:00,62.0
2022-08-05 07:39:00,62.0
2022-08-05 07:40:00,60.0
2022-08-05 07:41:00,61.0
2022-08-05 07:42:00,60.0
2022-08-05 07:43:00,58.0
2022-08-05 07:44:00,62.0
2022-08-05 07:45:00,60.0
2022-08-05 07:46:00,59.0
2022-08-05 07:47:00,60.0
2022-08-05 07:48:00,60.0
2022-08-05 07:49:00,58.0
2022-08-05 07:50:00,59.0
2022-08-05 07:51:00,60.0
2022-08-05 07:52:00,61.0
2022-08-05 07:53:00,59.0
2022-08-05 07:54:00,61.0
2022-08-05 07:55:00,63.0
2022-08-05 07:56:00,59.0
2022-08-05 07:57:00,61.0
2022-08-05 07:58:00,64.0
2022-08-05 07:59:00,60.0
2022-08-05 08:00:00,59.0
2022-08-05 08:01:00,60.0
2022-08-05 08:02:00,58.0
2022-08-05 08:03:00,60.0
2022-08-05 08:04:00,62.0
2022-08-05 08:05:00,60.0
2022-08-05 08:06:00,60.0
2022-08-05 08:07:00,62.0
2022-08-05 08:08:00,62.0
2022-08-05 08:09:00,60.0
2022-08-05 08:10:00,61.0
2022-08-05 08:11:00,61.0
2022-08-05 08:12:00,61.0
2022-08-05 08:13:00,62.0
2022-08-05 08:14:00,62.0
2022-08-05 08:15:00,60.0
2022-08-05 08:16:00,61.0
2022-08-05 08:17:00,61.0
2022-08-05 08:18:00,63.0
2022-08-05 08:19:00,62.0
2022-08-05 08:20:00,62.0
2022-08-05 08:21:00,61.0
2022-08-05 08:22:00,59.0
2022-08-05 08:23:00,61.0
2022-08-05 08:24:00,60.0
2022-08-05 08:25:00,60.0
2022-08-05 08:26:00,62.0
2022-08-05 08:27:00,60.0
2022-08-05 08:28:00,60.0
2022-08-05 08:29:00,62.0
2022-08-05 08:30:00,60.0
2022-08-05 08:31:00,61.0
2022-08-05 08:32:00,61.0
2022-08-05 08:33:00,63.0
2022-08-05 08:34:00,59.0
2022-08-05 08:35:00,60.0
2022-08-05 08:36:00,63.0
2022-08-05 08:37:00,62.0
2022-08-05 08:38:00,63.0
2022-08-05 08:39:00,62.0
2022-08-05 08:40:00,62.0
2022-08-05 08:41:00,59.0
2022-08-05 08:42:00,60.0
2022-08-05 08:43:00,60.0
2022-08-05 08:44:00,58.0
2022-08-05 08:45:00,62.0
2022-08-05 08:46:00,62.0
2022-08-05 08:47:00,61.0
2022-08-05 08:48:00,60.0
2022-08-05 08:49:00,59.0
2022-08-05 08:50:00,60.0
2022-08-05 08:51:00,60.0
2022-08-05 08:52:00,61.0
2022-08-05 08:53:00,60.0
2022-08-05 08:54:00,61.0
2022-08-05 08:55:00,61.0
2022-08-05 08:56:00,58.0
2022-08-05 08:57:00,60.0
2022-08-05 08:58:00,62.0
2022-08-05 08:59:00,58.0
2022-08-05 09:00:00,62.0
2022-08-05 09:01:00,63.0
2022-08-05 09:02:00,58.0
2022-08-05 09:03:00,61.0
2022-08-05 09:04:00,61.0
2022-08-05 09:05:00,59.0
2022-08-05 09:06:00,59.0
2022-08-05 09:07:00,62.0
2022-08-05 09:08:00,60.0
2022-08-05 09:09:00,58.0
2022-08-05 09:10:00,62.0
2022-08-05 09:11:00,61.0
2022-08-05 09:12:00,62.0
2022-08-05 09:13:00,63.0
2022-08-05 09:14:00,60.0
2022-08-05 09:15:00,60.0
2022-08-05 09:16:00,57.0
2022-08-05 09:17:00,62.0
2022-08-05 09:18:00,63.0
2022-08-05 09:19:00,63.0
2022-08-05 09:20:00,60.0
2022-08-05 09:21:00,59.0
2022-08-05 09:22:00,58.0
2022-08-05 09:23:00,60.0
2022-08-05 09:24:00,64.0
2022-08-05 09:25:00,60.0
2022-08-05 09:26:00,59.0
2022-08-05 09:27:00,60.0
2022-08-05 09:28:00,59.0
2022-08-05 09:29:00,62.0
2022-08-05 09:30:00,66.0
2022-08-05 09:31:00,61.0
2022-08-05 09:32:00,59.0
2022-08-05 09:33:00,61.0
2022-08-05 09:34:00,59.0
2022-08-05 09:35:00,60.0
2022-08-05 09:36:00,62.0
2022-08-05 09:37:00,59.0
2022-08-05 09:38:00,60.0
2022-08-05 09:39:00,61.0
2022-08-05 09:40:00,61.0
2022-08-05 09:41:00,60.0
2022-08-05 09:42:00,62.0
2022-08-05 09:43:00,62.0
2022-08-05 09:44:00,60.0
2022-08-05 09:45:00,61.0
2022-08-05 09:46:00,63.0
2022-08-05 09:47:00,60.0
2022-08-05 09:48:00,62.0
2022-08-05 09:49:00,60.0
2022-08-05 09:50:00,61.0
2022-08-05 09:51:00,62.0
2022-08-05 09:52:00,62.0
2022-08-05 09:53:00,61.0
2022-08-05 09:54:00,61.0
2022-08-05 09:55:00,62.0
2022-08-05 09:56:00,59.0
2022-08-05 09:57:00,59.0
2022-08-05 09:58:00,67.0
2022-08-05 09:59:00,57.0
2022-08-05 10:00:00,61.0
2022-08-05 10:01:00,58.0
2022-08-05 10:02:00,62.0
2022-08-05 10:03:00,62.0
2022-08-05 10:04:00,60.0
2022-08-05 10:05:00,60.0
2022-08-05 10:06:00,62.0
2022-08-05 10:07:00,62.0
2022-08-05 10:08:00,60.0
2022-08-05 10:09:00,62.0
2022-08-05 10:10:00,61.0
2022-08-05 10:11:00,63.0
2022-08-05 10:12:00,61.0
2022-08-05 10:13:00,61.0
2022-08-05 10:14:00,60.0
2022-08-05 10:15:00,60.0
2022-08-05 10:16:00,60.0
2022-08-05 10:17:00,60.0
2022-08-05 10:18:00,62.0
2022-08-05 10:19:00,60.0
2022-08-05 10:20:00,62.0
2022-08-05 10:21:00,61.0
2022-08-05 10:22:00,62.0
2022-08-05 10:23:00,62.0
2022-08-05 10:24:00,62.0
2022-08-05 10:25:00,60.0
2022-08-05 10:26:00,62.0
2022-08-05 10:27:00,62.0
2022-08-05 10:28:00,63.0
2022-08-05 10:29:00,66.0
2022-08-05 10:30:00,62.0
2022-08-05 10:31:00,62.0
2022-08-05 10:32:00,63.0
2022-08-05 10:33:00,62.0
2022-08-05 10:34:00,61.0
2022-08-05 10:35:00,62.0
2022-08-05 10:36:00,62.0
2022-08-05 10:37:00,60.0
2022-08-05 10:38:00,63.0
2022-08-05 10:39:00,62.0
2022-08-05 10:40:00,60.0
2022-08-05 10:41:00,64.0
2022-08-05 10:42:00,65.0
2022-08-05 10:43:00,62.0
2022-08-05 10:44:00,63.0
2022-08-05 10:45:00,63.0
2022-08-05 10:46:00,62.0
2022-08-05 10:47:00,63.0
2022-08-05 10:48:00,63.0
2022-08-05 10:49:00,62.0
2022-08-05 10:50:00,63.0
2022-08-05 10:51:00,64.0
2022-08-05 10:52:00,64.0
2022-08-05 10:53:00,61.0
2022-08-05 10:54:00,63.0
2022-08-05 10:55:00,67.0
2022-08-05 10:56:00,60.0
2022-08-05 10:57:00,64.0
2022-08-05 10:58:00,64.0
2022-08-05 10:59:00,59.0
2022-08-05 11:00:00,62.0
2022-08-05 11:01:00,62.0
2022-08-05 11:02:00,62.0
2022-08-05 11:03:00,64.0
2022-08-05 11:04:00,62.0
2022-08-05 11:05:00,64.0
2022-08-05 11:06:00,65.0
2022-08-05 11:07:00,62.0
2022-08-05 11:08:00,64.0
2022-08-05 11:09:00,62.0
2022-08-05 11:10:00,61.0
2022-08-05 11:11:00,65.0
2022-08-05 11:12:00,64.0
2022-08-05 11:13:00,61.0
2022-08-05 11:14:00,61.0
2022-08-05 11:15:00,61.0
2022-08-05 11:16:00,62.0
2022-08-05 11:17:00,63.0
2022-08-05 11:18:00,65.0
2022-08-05 11:19:00,63.0
2022-08-05 11:20:00,61.0
2022-08-05 11:21:00,61.0
2022-08-05 11:22:00,63.0
2022-08-05 11:23:00,64.0
2022-08-05 11:24:00,62.0
2022-08-05 11:25:00,60.0
2022-08-05 11:26:00,64.0
2022-08-05 11:27:00,61.0
2022-08-05 11:28:00,64.0
2022-08-05 11:29:00,66.0
2022-08-05 11:30:00,66.0
2022-08-05 11:31:00,66.0
2022-08-05 11:32:00,60.0
2022-08-05 11:33:00,65.0
2022-08-05 11:34:00,64.0
2022-08-05 11:35:00,63.0
2022-08-05 11:36:00,64.0
2022-08-05 11:37:00,61.0
2022-08-05 11:38:00,64.0
2022-08-05 11:39:00,61.0
2022-08-05 11:40:00,62.0
2022-08-05 11:41:00,62.0
2022-08-05 11:42:00,60.0
2022-08-05 11:43:00,64.0
2022-08-05 11:44:00,62.0
2022-08-05 11:45:00,62.0
2022-08-05 11:46:00,62.0
2022-08-05 11:47:00,64.0
2022-08-05 11:48:00,67.0
2022-08-05 11:49:00,64.0
2022-08-05 11:50:00,68.0
2022-08-05 11:51:00,67.0
2022-08-05 11:52:00,62.0
2022-08-05 11:53:00,60.0
2022-08-05 11:54:00,60.0
2022-08-05 11:55:00,60.0
2022-08-05 11:56:00,62.0
2022-08-05 11:57:00,64.0
2022-08-05 11:58:00,62.0
2022-08-05 11:59:00,62.0
2022-08-05 12:00:00,64.0
2022-08-05 12:01:00,66.0
2022-08-05 12:02:00,61.0
2022-08-05 12:03:00,64.0
2022-08-05 12:04:00,64.0
2022-08-05 12:05:00,65.0
2022-08-05 12:06:00,66.0
2022-08-05 12:07:00,64.0
2022-08-05 12:08:00,63.0
2022-08-05 12:09:00,65.0
2022-08-05 12:10:00,65.0
2022-08-05 12:11:00,62.0
2022-08-05 12:12:00,67.0
2022-08-05 12:13:00,66.0
2022-08-05 12:14:00,67.0
2022-08-05 12:15:00,65.0
2022-08-05 12:16:00,63.0
2022-08-05 12:17:00,64.0
2022-08-05 12:18:00,62.0
2022-08-05 12:19:00,62.0
2022-08-05 12:20:00,62.0
2022-08-05 12:21:00,66.0
2022-08-05 12:22:00,63.0
2022-08-05 12:23:00,64.0
2022-08-05 12:24:00,64.0
2022-08-05 12:25:00,63.0
2022-08-05 12:26:00,62.0
2022-08-05 12:27:00,60.0
2022-08-05 12:28:00,64.0
2022-08-05 12:29:00,62.0
2022-08-05 12:30:00,64.0
2022-08-05 12:31:00,62.0
2022-08-05 12:32:00,64.0
2022-08-05 12:33:00,62.0
2022-08-05 12:34:00,62.0
2022-08-05 12:35:00,64.0
2022-08-05 12:36:00,62.0
2022-08-05 12:37:00,63.0
2022-08-05 12:38:00,64.0
2022-08-05 12:39:00,63.0
2022-08-05 12:40:00,64.0
2022-08-05 12:41:00,62.0
2022-08-05 12:42:00,62.0
2022-08-05 12:43:00,65.0
2022-08-05 12:44:00,65.0
2022-08-05 12:45:00,65.0
2022-08-05 12:46:00,66.0
2022-08-05 12:47:00,64.0
2022-08-05 12:48:00,63.0
2022-08-05 12:49:00,66.0
2022-08-05 12:50:00,66.0
2022-08-05 12:51:00,66.0
2022-08-05 12:52:00,67.0
2022-08-05 12:53:00,67.0
2022-08-05 12:54:00,62.0
2022-08-05 12:55:00,64.0
2022-08-05 12:56:00,69.0
2022-08-05 12:57:00,69.0
2022-08-05 12:58:00,64.0
2022-08-05 12:59:00,66.0
2022-08-05 13:00:00,65.0
2022-08-05 13:01:00,66.0
2022-08-05 13:02:00,60.0
2022-08-05 13:03:00,65.0
2022-08-05 13:04:00,65.0
2022-08-05 13:05:00,61.0
2022-08-05 13:06:00,64.0
2022-08-05 13:07:00,65.0
2022-08-05 13:08:00,63.0
2022-08-05 13:09:00,60.0
2022-08-05 13:10:00,61.0
2022-08-05 13:11:00,62.0
2022-08-05 13:12:00,64.0
2022-08-05 13:13:00,64.0
2022-08-05 13:14:00,64.0
2022-08-05 13:15:00,64.0
2022-08-05 13:16:00,65.0
2022-08-05 13:17:00,62.0
2022-08-05 13:18:00,61.0
2022-08-05 13:19:00,62.0
2022-08-05 13:20:00,62.0
2022-08-05 13:21:00,63.0
2022-08-05 13:22:00,61.0
2022-08-05 13:23:00,63.0
2022-08-05 13:24:00,68.0
2022-08-05 13:25:00,60.0
2022-08-05 13:26:00,63.0
2022-08-05 13:27:00,62.0
2022-08-05 13:28:00,64.0
2022-08-05 13:29:00,66.0
2022-08-05 13:30:00,66.0
2022-08-05 13:31:00,61.0
2022-08-05 13:32:00,62.0
2022-08-05 13:33:00,66.0
2022-08-05 13:34:00,63.0
2022-08-05 13:35:00,64.0
2022-08-05 13:36:00,66.0
2022-08-05 13:37:00,62.0
2022-08-05 13:38:00,65.0
2022-08-05 13:39:00,63.0
2022-08-05 13:40:00,65.0
2022-08-05 13:41:00,65.0
2022-08-05 13:42:00,66.0
2022-08-05 13:43:00,70.0
2022-08-05 13:44:00,68.0
2022-08-05 13:45:00,68.0
2022-08-05 13:46:00,68.0
2022-08-05 13:47:00,70.0
2022-08-05 13:48:00,70.0
2022-08-05 13:49:00,66.0
2022-08-05 13:50:00,62.0
2022-08-05 13:51:00,69.0
2022-08-05 13:52:00,70.0
2022-08-05 13:53:00,70.0
2022-08-05 13:54:00,66.0
2022-08-05 13:55:00,70.0
2022-08-05 13:56:00,64.0
2022-08-05 13:57:00,66.0
2022-08-05 13:58:00,63.0
2022-08-05 13:59:00,66.0
2022-08-05 14:00:00,66.0
2022-08-05 14:01:00,66.0
2022-08-05 14:02:00,64.0
2022-08-05 14:03:00,61.0
2022-08-05 14:04:00,60.0
2022-08-05 14:05:00,60.0
2022-08-05 14:06:00,65.0
2022-08-05 14:07:00,63.0
2022-08-05 14:08:00,62.0
2022-08-05 14:09:00,61.0
2022-08-05 14:10:00,64.0
2022-08-05 14:11:00,61.0
2022-08-05 14:12:00,65.0
2022-08-05 14:13:00,64.0
2022-08-05 14:14:00,62.0
2022-08-05 14:15:00,62.0
2022-08-05 14:16:00,62.0
2022-08-05 14:17:00,62.0
2022-08-05 14:18:00,64.0
2022-08-05 14:19:00,64.0
2022-08-05 14:20:00,64.0
2022-08-05 14:21:00,62.0
2022-08-05 14:22:00,64.0
2022-08-05 14:23:00,63.0
2022-08-05 14:24:00,64.0
2022-08-05 14:25:00,66.0
2022-08-05 14:26:00,62.0
2022-08-05 14:27:00,64.0
2022-08-05 14:28:00,65.0
2022-08-05 14:29:00,62.0
2022-08-05 14:30:00,65.0
2022-08-05 14:31:00,64.0
2022-08-05 14:32:00,64.0
2022-08-05 14:33:00,65.0
2022-08-05 14:34:00,64.0
2022-08-05 14:35:00,65.0
2022-08-05 14:36:00,65.0
2022-08-05 14:37:00,64.0
2022-08-05 14:38:00,63.0
2022-08-05 14:39:00,66.0
2022-08-05 14:40:00,63.0
2022-08-05 14:41:00,63.0
2022-08-05 14:42:00,62.0
2022-08-05 14:43:00,62.0
2022-08-05 14:44:00,62.0
2022-08-05 14:45:00,63.0
2022-08-05 14:46:00,62.0
2022-08-05 14:47:00,64.0
2022-08-05 14:48:00,64.0
2022-08-05 14:49:00,63.0
2022-08-05 14:50:00,64.0
2022-08-05 14:51:00,64.0
2022-08-05 14:52:00,63.0
2022-08-05 14:53:00,64.0
2022-08-05 14:54:00,64.0
2022-08-05 14:55:00,62.0
2022-08-05 14:56:00,62.0
2022-08-05 14:57:00,62.0
2022-08-05 14:58:00,62.0
2022-08-05 14:59:00,64.0
2022-08-05 15:00:00,63.0
2022-08-05 15:01:00,64.0
2022-08-05 15:02:00,62.0
2022-08-05 15:03:00,64.0
2022-08-05 15:04:00,64.0
2022-08-05 15:05:00,62.0
2022-08-05 15:06:00,64.0
2022-08-05 15:07:00,63.0
2022-08-05 15:08:00,63.0
2022-08-05 15:09:00,63.0
2022-08-05 15:10:00,64.0
2022-08-05 15:11:00,63.0
2022-08-05 15:12:00,64.0
2022-08-05 15:13:00,65.0
2022-08-05 15:14:00,66.0
2022-08-05 15:15:00,66.0
2022-08-05 15:16:00,68.0
2022-08-05 15:17:00,64.0
2022-08-05 15:18:00,66.0
2022-08-05 15:19:00,64.0
2022-08-05 15:20:00,64.0
2022-08-05 15:21:00,64.0
2022-08-05 15:22:00,64.0
2022-08-05 15:23:00,62.0
2022-08-05 15:24:00,68.0
2022-08-05 15:25:00,64.0
2022-08-05 15:26:00,64.0
2022-08-05 15:27:00,67.0
2022-08-05 15:28:00,63.0
2022-08-05 15:29:00,64.0
2022-08-05 15:30:00,66.0
2022-08-05 15:31:00,64.0
2022-08-05 15:32:00,64.0
2022-08-05 15:33:00,66.0
2022-08-05 15:34:00,64.0
2022-08-05 15:35:00,64.0
2022-08-05 15:36:00,62.0
2022-08-05 15:37:00,65.0
2022-08-05 15:38:00,64.0
2022-08-05 15:39:00,66.0
2022-08-05 15:40:00,68.0
2022-08-05 15:41:00,66.0
2022-08-05 15:42:00,64.0
2022-08-05 15:43:00,62.0
2022-08-05 15:44:00,62.0
2022-08-05 15:45:00,62.0
2022-08-05 15:46:00,63.0
2022-08-05 15:47:00,62.0
2022-08-05 15:48:00,64.0
2022-08-05 15:49:00,64.0
2022-08-05 15:50:00,64.0
2022-08-05 15:51:00,64.0
2022-08-05 15:52:00,66.0
2022-08-05 15:53:00,65.0
2022-08-05 15:54:00,65.0
2022-08-05 15:55:00,67.0
2022-08-05 15:56:00,62.0
2022-08-05 15:57:00,64.0
2022-08-05 15:58:00,65.0
2022-08-05 15:59:00,66.0
2022-08-05 16:00:00,61.0
2022-08-05 16:01:00,66.0
2022-08-05 16:02:00,64.0
2022-08-05 16:03:00,62.0
2022-08-05 16:04:00,62.0
2022-08-05 16:05:00,62.0
2022-08-05 16:06:00,62.0
2022-08-05 16:07:00,62.0
2022-08-05 16:08:00,62.0
2022-08-05 16:09:00,63.0
2022-08-05 16:10:00,63.0
2022-08-05 16:11:00,63.0
2022-08-05 16:12:00,62.0
2022-08-05 16:13:00,62.0
2022-08-05 16:14:00,64.0
2022-08-05 16:15:00,62.0
2022-08-05 16:16:00,66.0
2022-08-05 16:17:00,62.0
2022-08-05 16:18:00,63.0
2022-08-05 16:19:00,64.0
2022-08-05 16:20:00,68.0
2022-08-05 16:21:00,66.0
2022-08-05 16:22:00,64.0
2022-08-05 16:23:00,62.0
2022-08-05 16:24:00,63.0
2022-08-05 16:25:00,64.0
2022-08-05 16:26:00,62.0
2022-08-05 16:27:00,62.0
2022-08-05 16:28:00,64.0
2022-08-05 16:29:00,64.0
2022-08-05 16:30:00,66.0
2022-08-05 16:31:00,63.0
2022-08-05 16:32:00,61.0
2022-08-05 16:33:00,64.0
2022-08-05 16:34:00,61.0
2022-08-05 16:35:00,61.0
2022-08-05 16:36:00,65.0
2022-08-05 16:37:00,62.0
2022-08-05 16:38:00,62.0
2022-08-05 16:39:00,64.0
2022-08-05 16:40:00,64.0
2022-08-05 16:41:00,62.0
2022-08-05 16:42:00,67.0
2022-08-05 16:43:00,67.0
2022-08-05 16:44:00,68.0
2022-08-05 16:45:00,69.0
2022-08-05 16:46:00,69.0
2022-08-05 16:47:00,66.0
2022-08-05 16:48:00,65.0
2022-08-05 16:49:00,66.0
2022-08-05 16:50:00,62.0
2022-08-05 16:51:00,65.0
2022-08-05 16:52:00,62.0
2022-08-05 16:53:00,64.0
2022-08-05 16:54:00,62.0
2022-08-05 16:55:00,64.0
2022-08-05 16:56:00,64.0
2022-08-05 16:57:00,64.0
2022-08-05 16:58:00,63.0
2022-08-05 16:59:00,66.0
2022-08-05 17:00:00,66.0
2022-08-05 17:01:00,67.0
2022-08-05 17:02:00,66.0
2022-08-05 17:03:00,66.0
2022-08-05 17:04:00,66.0
2022-08-05 17:05:00,66.0
2022-08-05 17:06:00,62.0
2022-08-05 17:07:00,65.0
2022-08-05 17:08:00,64.0
2022-08-05 17:09:00,62.0
2022-08-05 17:10:00,63.0
2022-08-05 17:11:00,65.0
2022-08-05 17:12:00,64.0
2022-08-05 17:13:00,64.0
2022-08-05 17:14:00,64.0
2022-08-05 17:15:00,62.0
2022-08-05 17:16:00,64.0
2022-08-05 17:17:00,64.0
2022-08-05 17:18:00,64.0
2022-08-05 17:19:00,62.0
2022-08-05 17:20:00,62.0
2022-08-05 17:21:00,64.0
2022-08-05 17:22:00,66.0
2022-08-05 17:23:00,66.0
2022-08-05 17:24:00,64.0
2022-08-05 17:25:00,62.0
2022-08-05 17:26:00,62.0
2022-08-05 17:27:00,62.0
2022-08-05 17:28:00,62.0
2022-08-05 17:29:00,64.0
2022-08-05 17:30:00,63.0
2022-08-05 17:31:00,61.0
2022-08-05 17:32:00,60.0
2022-08-05 17:33:00,62.0
2022-08-05 17:34:00,67.0
2022-08-05 17:35:00,66.0
2022-08-05 17:36:00,70.0
2022-08-05 17:37:00,69.0
2022-08-05 17:38:00,67.0
2022-08-05 17:39:00,63.0
2022-08-05 17:40:00,65.0
2022-08-05 17:41:00,61.0
2022-08-05 17:42:00,63.0
2022-08-05 17:43:00,65.0
2022-08-05 17:44:00,64.0
2022-08-05 17:45:00,65.0
2022-08-05 17:46:00,64.0
2022-08-05 17:47:00,66.0
2022-08-05 17:48:00,62.0
2022-08-05 17:49:00,64.0
2022-08-05 17:50:00,62.0
2022-08-05 17:51:00,61.0
2022-08-05 17:52:00,65.0
2022-08-05 17:53:00,65.0
2022-08-05 17:54:00,64.0
2022-08-05 17:55:00,64.0
2022-08-05 17:56:00,64.0
2022-08-05 17:57:00,62.0
2022-08-05 17:58:00,65.0
2022-08-05 17:59:00,62.0
2022-08-05 18:00:00,64.0
2022-08-05 18:01:00,64.0
2022-08-05 18:02:00,66.0
2022-08-05 18:03:00,64.0
2022-08-05 18:04:00,63.0
2022-08-05 18:05:00,65.0
2022-08-05 18:06:00,66.0
2022-08-05 18:07:00,62.0
2022-08-05 18:08:00,62.0
2022-08-05 18:09:00,66.0
2022-08-05 18:10:00,64.0
2022-08-05 18:11:00,68.0
2022-08-05 18:12:00,67.0
2022-08-05 18:13:00,63.0
2022-08-05 18:14:00,66.0
2022-08-05 18:15:00,63.0
2022-08-05 18:16:00,66.0
2022-08-05 18:17:00,62.0
2022-08-05 18:18:00,65.0
2022-08-05 18:19:00,69.0
2022-08-05 18:20:00,67.0
2022-08-05 18:21:00,68.0
2022-08-05 18:22:00,62.0
2022-08-05 18:23:00,62.0
2022-08-05 18:24:00,62.0
2022-08-05 18:25:00,64.0
2022-08-05 18:26:00,62.0
2022-08-05 18:27:00,63.0
2022-08-05 18:28:00,63.0
2022-08-05 18:29:00,67.0
2022-08-05 18:30:00,66.0
2022-08-05 18:31:00,63.0
2022-08-05 18:32:00,66.0
2022-08-05 18:33:00,64.0
2022-08-05 18:34:00,64.0
2022-08-05 18:35:00,63.0
2022-08-05 18:36:00,62.0
2022-08-05 18:37:00,60.0
2022-08-05 18:38:00,61.0
2022-08-05 18:39:00,63.0
2022-08-05 18:40:00,62.0
2022-08-05 18:41:00,62.0
2022-08-05 18:42:00,67.0
2022-08-05 18:43:00,70.0
2022-08-05 18:44:00,65.0
2022-08-05 18:45:00,68.0
2022-08-05 18:46:00,68.0
2022-08-05 18:47:00,65.0
2022-08-05 18:48:00,65.0
2022-08-05 18:49:00,65.0
2022-08-05 18:50:00,67.0
2022-08-05 18:51:00,62.0
2022-08-05 18:52:00,60.0
2022-08-05 18:53:00,60.0
2022-08-05 18:54:00,62.0
2022-08-05 18:55:00,62.0
2022-08-05 18:56:00,60.0
2022-08-05 18:57:00,62.0
2022-08-05 18:58:00,62.0
2022-08-05 18:59:00,60.0
2022-08-05 19:00:00,60.0
2022-08-05 19:01:00,63.0
2022-08-05 19:02:00,64.0
2022-08-05 19:03:00,63.0
2022-08-05 19:04:00,67.0
2022-08-05 19:05:00,66.0
2022-08-05 19:06:00,64.0
2022-08-05 19:07:00,66.0
2022-08-05 19:08:00,64.0
2022-08-05 19:09:00,61.0
2022-08-05 19:10:00,60.0
2022-08-05 19:11:00,65.0
2022-08-05 19:12:00,62.0
2022-08-05 19:13:00,62.0
2022-08-05 19:14:00,64.0
2022-08-05 19:15:00,64.0
2022-08-05 19:16:00,62.0
2022-08-05 19:17:00,64.0
2022-08-05 19:18:00,62.0
2022-08-05 19:19:00,60.0
2022-08-05 19:20:00,61.0
2022-08-05 19:21:00,63.0
2022-08-05 19:22:00,68.0
2022-08-05 19:23:00,68.0
2022-08-05 19:24:00,69.0
2022-08-05 19:25:00,65.0
2022-08-05 19:26:00,68.0
2022-08-05 19:27:00,69.0
2022-08-05 19:28:00,68.0
2022-08-05 19:29:00,68.0
2022-08-05 19:30:00,66.0
2022-08-05 19:31:00,71.0
2022-08-05 19:32:00,63.0
2022-08-05 19:33:00,62.0
2022-08-05 19:34:00,62.0
2022-08-05 19:35:00,62.0
2022-08-05 19:36:00,64.0
2022-08-05 19:37:00,60.0
2022-08-05 19:38:00,60.0
2022-08-05 19:39:00,61.0
2022-08-05 19:40:00,62.0
2022-08-05 19:41:00,61.0
2022-08-05 19:42:00,60.0
2022-08-05 19:43:00,60.0
2022-08-05 19:44:00,62.0
2022-08-05 19:45:00,63.0
2022-08-05 19:46:00,62.0
2022-08-05 19:47:00,60.0
2022-08-05 19:48:00,62.0
2022-08-05 19:49:00,61.0
2022-08-05 19:50:00,60.0
2022-08-05 19:51:00,62.0
2022-08-05 19:52:00,62.0
2022-08-05 19:53:00,60.0
2022-08-05 19:54:00,61.0
2022-08-05 19:55:00,60.0
2022-08-05 19:56:00,58.0
2022-08-05 19:57:00,62.0
2022-08-05 19:58:00,59.0
2022-08-05 19:59:00,58.0
2022-08-05 20:00:00,60.0
2022-08-05 20:01:00,60.0
2022-08-05 20:02:00,60.0
2022-08-05 20:03:00,62.0
2022-08-05 20:04:00,60.0
2022-08-05 20:05:00,62.0
2022-08-05 20:06:00,57.0
2022-08-05 20:07:00,58.0
2022-08-05 20:08:00,60.0
2022-08-05 20:09:00,64.0
2022-08-05 20:10:00,60.0
2022-08-05 20:11:00,60.0
2022-08-05 20:12:00,59.0
2022-08-05 20:13:00,57.0
2022-08-05 20:14:00,58.0
2022-08-05 20:15:00,59.0
2022-08-05 20:16:00,56.0
2022-08-05 20:17:00,61.0
2022-08-05 20:18:00,58.0
2022-08-05 20:19:00,57.0
2022-08-05 20:20:00,57.0
2022-08-05 20:21:00,62.0
2022-08-05 20:22:00,60.0
2022-08-05 20:23:00,60.0
2022-08-05 20:24:00,58.0
2022-08-05 20:25:00,61.0
2022-08-05 20:26:00,61.0
2022-08-05 20:27:00,62.0
2022-08-05 20:28:00,60.0
2022-08-05 20:29:00,60.0
2022-08-05 20:30:00,59.0
2022-08-05 20:31:00,56.0
2022-08-05 20:32:00,60.0
2022-08-05 20:33:00,59.0
2022-08-05 20:34:00,58.0
2022-08-05 20:35:00,60.0
2022-08-05 20:36:00,60.0
2022-08-05 20:37:00,58.0
2022-08-05 20:38:00,60.0
2022-08-05 20:39:00,59.0
2022-08-05 20:40:00,56.0
2022-08-05 20:41:00,58.0
2022-08-05 20:42:00,65.0
2022-08-05 20:43:00,56.0
2022-08-05 20:44:00,59.0
2022-08-05 20:45:00,59.0
2022-08-05 20:46:00,56.0
2022-08-05 20:47:00,58.0
2022-08-05 20:48:00,60.0
2022-08-05 20:49:00,60.0
2022-08-05 20:50:00,58.0
2022-08-05 20:51:00,62.0
2022-08-05 20:52:00,62.0
2022-08-05 20:53:00,59.0
2022-08-05 20:54:00,61.0
2022-08-05 20:55:00,62.0
2022-08-05 20:56:00,60.0
2022-08-05 20:57:00,60.0
2022-08-05 20:58:00,58.0
2022-08-05 20:59:00,61.0
2022-08-05 21:00:00,59.0
2022-08-05 21:01:00,60.0
2022-08-05 21:02:00,60.0
2022-08-05 21:03:00,62.0
2022-08-05 21:04:00,58.0
2022-08-05 21:05:00,58.0
2022-08-05 21:06:00,57.0
2022-08-05 21:07:00,57.0
2022-08-05 21:08:00,60.0
2022-08-05 21:09:00,60.0
2022-08-05 21:10:00,60.0
2022-08-05 21:11:00,57.0
2022-08-05 21:12:00,57.0
2022-08-05 21:13:00,56.0
2022-08-05 21:14:00,58.0
2022-08-05 21:15:00,58.0
2022-08-05 21:16:00,58.0
2022-08-05 21:17:00,60.0
2022-08-05 21:18:00,58.0
2022-08-05 21:19:00,57.0
2022-08-05 21:20:00,58.0
2022-08-05 21:21:00,56.0
2022-08-05 21:22:00,60.0
2022-08-05 21:23:00,59.0
2022-08-05 21:24:00,57.0
2022-08-05 21:25:00,56.0
2022-08-05 21:26:00,58.0
2022-08-05 21:27:00,60.0
2022-08-05 21:28:00,60.0
2022-08-05 21:29:00,58.0
2022-08-05 21:30:00,60.0
2022-08-05 21:31:00,58.0
2022-08-05 21:32:00,54.0
2022-08-05 21:33:00,56.0
2022-08-05 21:34:00,59.0
2022-08-05 21:35:00,62.0
2022-08-05 21:36:00,58.0
2022-08-05 21:37:00,59.0
2022-08-05 21:38:00,55.0
2022-08-05 21:39:00,53.0
2022-08-05 21:40:00,54.0
2022-08-05 21:41:00,55.0
2022-08-05 21:42:00,57.0
2022-08-05 21:43:00,60.0
2022-08-05 21:44:00,58.0
2022-08-05 21:45:00,59.0
2022-08-05 21:46:00,57.0
2022-08-05 21:47:00,60.0
2022-08-05 21:48:00,61.0
2022-08-05 21:49:00,60.0
2022-08-05 21:50:00,58.0
2022-08-05 21:51:00,58.0
2022-08-05 21:52:00,55.0
2022-08-05 21:53:00,58.0
2022-08-05 21:54:00,60.0
2022-08-05 21:55:00,60.0
2022-08-05 21:56:00,60.0
2022-08-05 21:57:00,59.0
2022-08-05 21:58:00,56.0
2022-08-05 21:59:00,58.0
2022-08-05 22:00:00,58.0
2022-08-05 22:01:00,58.0
2022-08-05 22:02:00,60.0
2022-08-05 22:03:00,59.0
2022-08-05 22:04:00,59.0
2022-08-05 22:05:00,60.0
2022-08-05 22:06:00,60.0
2022-08-05 22:07:00,60.0
2022-08-05 22:08:00,58.0
2022-08-05 22:09:00,56.0
2022-08-05 22:10:00,58.0
2022-08-05 22:11:00,59.0
2022-08-05 22:12:00,58.0
2022-08-05 22:13:00,57.0
2022-08-05 22:14:00,56.0
2022-08-05 22:15:00,58.0
2022-08-05 22:16:00,59.0
2022-08-05 22:17:00,60.0
2022-08-05 22:18:00,60.0
2022-08-05 22:19:00,58.0
2022-08-05 22:20:00,56.0
2022-08-05 22:21:00,59.0
2022-08-05 22:22:00,58.0
2022-08-05 22:23:00,61.0
2022-08-05 22:24:00,59.0
2022-08-05 22:25:00,62.0
2022-08-05 22:26:00,59.0
2022-08-05 22:27:00,57.0
2022-08-05 22:28:00,60.0
2022-08-05 22:29:00,62.0
2022-08-05 22:30:00,60.0
2022-08-05 22:31:00,59.0
2022-08-05 22:32:00,58.0
2022-08-05 22:33:00,56.0
2022-08-05 22:34:00,59.0
2022-08-05 22:35:00,64.0
2022-08-05 22:36:00,61.0
2022-08-05 22:37:00,58.0
2022-08-05 22:38:00,56.0
2022-08-05 22:39:00,56.0
2022-08-05 22:40:00,56.0
2022-08-05 22:41:00,60.0
2022-08-05 22:42:00,58.0
2022-08-05 22:43:00,56.0
2022-08-05 22:44:00,55.0
2022-08-05 22:45:00,56.0
2022-08-05 22:46:00,55.0
2022-08-05 22:47:00,56.0
2022-08-05 22:48:00,58.0
2022-08-05 22:49:00,56.0
2022-08-05 22:50:00,56.0
2022-08-05 22:51:00,56.0
2022-08-05 22:52:00,57.0
2022-08-05 22:53:00,58.0
2022-08-05 22:54:00,61.0
2022-08-05 22:55:00,61.0
2022-08-05 22:56:00,60.0
2022-08-05 22:57:00,62.0
2022-08-05 22:58:00,60.0
2022-08-05 22:59:00,60.0
2022-08-05 23:00:00,58.0
2022-08-05 23:01:00,59.0
2022-08-05 23:02:00,59.0
2022-08-05 23:03:00,58.0
2022-08-05 23:04:00,60.0
2022-08-05 23:05:00,60.0
2022-08-05 23:06:00,57.0
2022-08-05 23:07:00,58.0
2022-08-05 23:08:00,58.0
2022-08-05 23:09:00,58.0
2022-08-05 23:10:00,57.0
2022-08-05 23:11:00,59.0
2022-08-05 23:12:00,58.0
2022-08-05 23:13:00,56.0
2022-08-05 23:14:00,60.0
2022-08-05 23:15:00,60.0
2022-08-05 23:16:00,59.0
2022-08-05 23:17:00,59.0
2022-08-05 23:18:00,58.0
2022-08-05 23:19:00,55.0
2022-08-05 23:20:00,58.0
2022-08-05 23:21:00,56.0
2022-08-05 23:22:00,57.0
2022-08-05 23:23:00,55.0
2022-08-05 23:24:00,56.0
2022-08-05 23:25:00,57.0
2022-08-05 23:26:00,58.0
2022-08-05 23:27:00,58.0
2022-08-05 23:28:00,58.0
2022-08-05 23:29:00,58.0
2022-08-05 23:30:00,58.0
2022-08-05 23:31:00,58.0
2022-08-05 23:32:00,58.0
2022-08-05 23:33:00,57.0
2022-08-05 23:34:00,57.0
2022-08-05 23:35:00,59.0
2022-08-05 23:36:00,59.0
2022-08-05 23:37:00,58.0
2022-08-05 23:38:00,58.0
2022-08-05 23:39:00,59.0
2022-08-05 23:40:00,56.0
2022-08-05 23:41:00,58.0
2022-08-05 23:42:00,57.0
2022-08-05 23:43:00,58.0
2022-08-05 23:44:00,56.0
2022-08-05 23:45:00,57.0
2022-08-05 23:46:00,58.0
2022-08-05 23:47:00,60.0
2022-08-05 23:48:00,56.0
2022-08-05 23:49:00,57.0
2022-08-05 23:50:00,59.0
2022-08-05 23:51:00,60.0
2022-08-05 23:52:00,57.0
2022-08-05 23:53:00,56.0
2022-08-05 23:54:00,58.0
2022-08-05 23:55:00,54.0
2022-08-05 23:56:00,58.0
2022-08-05 23:57:00,56.0
2022-08-05 23:58:00,57.0
2022-08-05 23:59:00,58.0
2022-08-06 00:00:00,56.0
2022-08-06 00:01:00,58.0
2022-08-06 00:02:00,57.0
2022-08-06 00:03:00,58.0
2022-08-06 00:04:00,57.0
2022-08-06 00:05:00,58.0
2022-08-06 00:06:00,61.0
2022-08-06 00:07:00,54.0
2022-08-06 00:08:00,53.0
2022-08-06 00:09:00,53.0
2022-08-06 00:10:00,55.0
2022-08-06 00:11:00,56.0
2022-08-06 00:12:00,56.0
2022-08-06 00:13:00,55.0
2022-08-06 00:14:00,53.0
2022-08-06 00:15:00,54.0
2022-08-06 00:16:00,56.0
2022-08-06 00:17:00,54.0
2022-08-06 00:18:00,56.0
2022-08-06 00:19:00,56.0
2022-08-06 00:20:00,54.0
2022-08-06 00:21:00,55.0
2022-08-06 00:22:00,57.0
2022-08-06 00:23:00,56.0
2022-08-06 00:24:00,56.0
2022-08-06 00:25:00,54.0
2022-08-06 00:26:00,58.0
2022-08-06 00:27:00,55.0
2022-08-06 00:28:00,56.0
2022-08-06 00:29:00,56.0
2022-08-06 00:30:00,52.0
2022-08-06 00:31:00,54.0
2022-08-06 00:32:00,53.0
2022-08-06 00:33:00,52.0
2022-08-06 00:34:00,50.0
2022-08-06 00:35:00,53.0
2022-08-06 00:36:00,52.0
2022-08-06 00:37:00,53.0
2022-08-06 00:38:00,55.0
2022-08-06 00:39:00,52.0
2022-08-06 00:40:00,54.0
2022-08-06 00:41:00,54.0
2022-08-06 00:42:00,54.0
2022-08-06 00:43:00,52.0
2022-08-06 00:44:00,56.0
2022-08-06 00:45:00,54.0
2022-08-06 00:46:00,54.0
2022-08-06 00:47:00,56.0
2022-08-06 00:48:00,56.0
2022-08-06 00:49:00,56.0
2022-08-06 00:50:00,58.0
2022-08-06 00:51:00,58.0
2022-08-06 00:52:00,58.0
2022-08-06 00:53:00,56.0
2022-08-06 00:54:00,55.0
2022-08-06 00:55:00,56.0
2022-08-06 00:56:00,56.0
2022-08-06 00:57:00,54.0
2022-08-06 00:58:00,54.0
2022-08-06 00:59:00,54.0
2022-08-06 01:00:00,54.0
2022-08-06 01:01:00,56.0
2022-08-06 01:02:00,52.0
2022-08-06 01:03:00,52.0
2022-08-06 01:04:00,54.0
2022-08-06 01:05:00,54.0
2022-08-06 01:06:00,56.0
2022-08-06 01:07:00,56.0
2022-08-06 01:08:00,53.0
2022-08-06 01:09:00,52.0
2022-08-06 01:10:00,53.0
2022-08-06 01:11:00,52.0
2022-08-06 01:12:00,56.0
2022-08-06 01:13:00,52.0
2022-08-06 01:14:00,54.0
2022-08-06 01:15:00,54.0
2022-08-06 01:16:00,54.0
2022-08-06 01:17:00,54.0
2022-08-06 01:18:00,54.0
2022-08-06 01:19:00,59.0
2022-08-06 01:20:00,52.0
2022-08-06 01:21:00,54.0
2022-08-06 01:22:00,55.0
2022-08-06 01:23:00,54.0
2022-08-06 01:24:00,54.0
2022-08-06 01:25:00,54.0
2022-08-06 01:26:00,60.0
2022-08-06 01:27:00,55.0
2022-08-06 01:28:00,58.0
2022-08-06 01:29:00,56.0
2022-08-06 01:30:00,54.0
2022-08-06 01:31:00,56.0
2022-08-06 01:32:00,58.0
2022-08-06 01:33:00,56.0
2022-08-06 01:34:00,56.0
2022-08-06 01:35:00,56.0
2022-08-06 01:36:00,52.0
2022-08-06 01:37:00,52.0
2022-08-06 01:38:00,54.0
2022-08-06 01:39:00,52.0
2022-08-06 01:40:00,52.0
2022-08-06 01:41:00,54.0
2022-08-06 01:42:00,52.0
2022-08-06 01:43:00,50.0
2022-08-06 01:44:00,50.0
2022-08-06 01:45:00,53.0
2022-08-06 01:46:00,50.0
2022-08-06 01:47:00,52.0
2022-08-06 01:48:00,51.0
2022-08-06 01:49:00,53.0
2022-08-06 01:50:00,52.0
2022-08-06 01:51:00,55.0
2022-08-06 01:52:00,56.0
2022-08-06 01:53:00,57.0
2022-08-06 01:54:00,55.0
2022-08-06 01:55:00,50.0
2022-08-06 01:56:00,50.0
2022-08-06 01:57:00,55.0
2022-08-06 01:58:00,52.0
2022-08-06 01:59:00,50.0
2022-08-06 02:00:00,54.0
2022-08-06 02:01:00,53.0
2022-08-06 02:02:00,52.0
2022-08-06 02:03:00,52.0
2022-08-06 02:04:00,53.0
2022-08-06 02:05:00,51.0
2022-08-06 02:06:00,55.0
2022-08-06 02:07:00,52.0
2022-08-06 02:08:00,49.0
2022-08-06 02:09:00,51.0
2022-08-06 02:10:00,54.0
2022-08-06 02:11:00,56.0
2022-08-06 02:12:00,53.0
2022-08-06 02:13:00,54.0
2022-08-06 02:14:00,52.0
2022-08-06 02:15:00,53.0
2022-08-06 02:16:00,52.0
2022-08-06 02:17:00,50.0
2022-08-06 02:18:00,51.0
2022-08-06 02:19:00,53.0
2022-08-06 02:20:00,52.0
2022-08-06 02:21:00,52.0
2022-08-06 02:22:00,52.0
2022-08-06 02:23:00,52.0
2022-08-06 02:24:00,51.0
2022-08-06 02:25:00,54.0
2022-08-06 02:26:00,54.0
2022-08-06 02:27:00,52.0
2022-08-06 02:28:00,52.0
2022-08-06 02:29:00,52.0
2022-08-06 02:30:00,52.0
2022-08-06 02:31:00,52.0
2022-08-06 02:32:00,52.0
2022-08-06 02:33:00,52.0
2022-08-06 02:34:00,50.0
2022-08-06 02:35:00,52.0
2022-08-06 02:36:00,50.0
2022-08-06 02:37:00,50.0
2022-08-06 02:38:00,51.0
2022-08-06 02:39:00,54.0
2022-08-06 02:40:00,54.0
2022-08-06 02:41:00,54.0
2022-08-06 02:42:00,54.0
2022-08-06 02:43:00,54.0
2022-08-06 02:44:00,54.0
2022-08-06 02:45:00,52.0
2022-08-06 02:46:00,52.0
2022-08-06 02:47:00,53.0
2022-08-06 02:48:00,52.0
2022-08-06 02:49:00,52.0
2022-08-06 02:50:00,53.0
2022-08-06 02:51:00,52.0
2022-08-06 02:52:00,52.0
2022-08-06 02:53:00,52.0
2022-08-06 02:54:00,56.0
2022-08-06 02:55:00,52.0
2022-08-06 02:56:00,52.0
2022-08-06 02:57:00,51.0
2022-08-06 02:58:00,55.0
2022-08-06 02:59:00,50.0
2022-08-06 03:00:00,52.0
2022-08-06 03:01:00,54.0
2022-08-06 03:02:00,52.0
2022-08-06 03:03:00,51.0
2022-08-06 03:04:00,51.0
2022-08-06 03:05:00,52.0
2022-08-06 03:06:00,49.0
2022-08-06 03:07:00,50.0
2022-08-06 03:08:00,50.0
2022-08-06 03:09:00,50.0
2022-08-06 03:10:00,49.0
2022-08-06 03:11:00,50.0
2022-08-06 03:12:00,50.0
2022-08-06 03:13:00,52.0
2022-08-06 03:14:00,51.0
2022-08-06 03:15:00,52.0
2022-08-06 03:16:00,51.0
2022-08-06 03:17:00,55.0
2022-08-06 03:18:00,54.0
2022-08-06 03:19:00,51.0
2022-08-06 03:20:00,55.0
2022-08-06 03:21:00,52.0
2022-08-06 03:22:00,50.0
2022-08-06 03:23:00,52.0
2022-08-06 03:24:00,54.0
2022-08-06 03:25:00,52.0
2022-08-06 03:26:00,53.0
2022-08-06 03:27:00,55.0
2022-08-06 03:28:00,51.0
2022-08-06 03:29:00,50.0
2022-08-06 03:30:00,53.0
2022-08-06 03:31:00,57.0
2022-08-06 03:32:00,54.0
2022-08-06 03:33:00,54.0
2022-08-06 03:34:00,53.0
2022-08-06 03:35:00,55.0
2022-08-06 03:36:00,52.0
2022-08-06 03:37:00,52.0
2022-08-06 03:38:00,53.0
2022-08-06 03:39:00,54.0
2022-08-06 03:40:00,54.0
2022-08-06 03:41:00,54.0
2022-08-06 03:42:00,54.0
2022-08-06 03:43:00,53.0
2022-08-06 03:44:00,54.0
2022-08-06 03:45:00,55.0
2022-08-06 03:46:00,55.0
2022-08-06 03:47:00,51.0
2022-08-06 03:48:00,57.0
2022-08-06 03:49:00,56.0
2022-08-06 03:50:00,54.0
2022-08-06 03:51:00,54.0
2022-08-06 03:52:00,56.0
2022-08-06 03:53:00,57.0
2022-08-06 03:54:00,54.0
2022-08-06 03:55:00,53.0
2022-08-06 03:56:00,52.0
2022-08-06 03:57:00,54.0
2022-08-06 03:58:00,53.0
2022-08-06 03:59:00,57.0
2022-08-06 04:00:00,53.0
2022-08-06 04:01:00,50.0
2022-08-06 04:02:00,50.0
2022-08-06 04:03:00,51.0
2022-08-06 04:04:00,52.0
2022-08-06 04:05:00,61.0
2022-08-06 04:06:00,51.0
2022-08-06 04:07:00,54.0
2022-08-06 04:08:00,54.0
2022-08-06 04:09:00,54.0
2022-08-06 04:10:00,57.0
2022-08-06 04:11:00,54.0
2022-08-06 04:12:00,54.0
2022-08-06 04:13:00,54.0
2022-08-06 04:14:00,56.0
2022-08-06 04:15:00,55.0
2022-08-06 04:16:00,54.0
2022-08-06 04:17:00,52.0
2022-08-06 04:18:00,54.0
2022-08-06 04:19:00,51.0
2022-08-06 04:20:00,54.0
2022-08-06 04:21:00,53.0
2022-08-06 04:22:00,55.0
2022-08-06 04:23:00,54.0
2022-08-06 04:24:00,51.0
2022-08-06 04:25:00,54.0
2022-08-06 04:26:00,52.0
2022-08-06 04:27:00,52.0
2022-08-06 04:28:00,54.0
2022-08-06 04:29:00,56.0
2022-08-06 04:30:00,56.0
2022-08-06 04:31:00,56.0
2022-08-06 04:32:00,58.0
2022-08-06 04:33:00,58.0
2022-08-06 04:34:00,57.0
2022-08-06 04:35:00,56.0
2022-08-06 04:36:00,53.0
2022-08-06 04:37:00,53.0
2022-08-06 04:38:00,54.0
2022-08-06 04:39:00,56.0
2022-08-06 04:40:00,53.0
2022-08-06 04:41:00,52.0
2022-08-06 04:42:00,56.0
2022-08-06 04:43:00,53.0
2022-08-06 04:44:00,52.0
2022-08-06 04:45:00,54.0
2022-08-06 04:46:00,53.0
2022-08-06 04:47:00,52.0
2022-08-06 04:48:00,52.0
2022-08-06 04:49:00,53.0
2022-08-06 04:50:00,54.0
2022-08-06 04:51:00,56.0
2022-08-06 04:52:00,57.0
2022-08-06 04:53:00,54.0
2022-08-06 04:54:00,54.0
2022-08-06 04:55:00,54.0
2022-08-06 04:56:00,58.0
2022-08-06 04:57:00,51.0
2022-08-06 04:58:00,54.0
2022-08-06 04:59:00,54.0
2022-08-06 05:00:00,53.0
2022-08-06 05:01:00,52.0
2022-08-06 05:02:00,51.0
2022-08-06 05:03:00,51.0
2022-08-06 05:04:00,55.0
2022-08-06 05:05:00,56.0
2022-08-06 05:06:00,54.0
2022-08-06 05:07:00,56.0
2022-08-06 05:08:00,55.0
2022-08-06 05:09:00,54.0
2022-08-06 05:10:00,54.0
2022-08-06 05:11:00,56.0
2022-08-06 05:12:00,51.0
2022-08-06 05:13:00,54.0
2022-08-06 05:14:00,54.0
2022-08-06 05:15:00,55.0
2022-08-06 05:16:00,54.0
2022-08-06 05:17:00,57.0
2022-08-06 05:18:00,53.0
2022-08-06 05:19:00,54.0
2022-08-06 05:20:00,54.0
2022-08-06 05:21:00,52.0
2022-08-06 05:22:00,56.0
2022-08-06 05:23:00,55.0
2022-08-06 05:24:00,54.0
2022-08-06 05:25:00,61.0
2022-08-06 05:26:00,52.0
2022-08-06 05:27:00,52.0
2022-08-06 05:28:00,54.0
2022-08-06 05:29:00,55.0
2022-08-06 05:30:00,55.0
2022-08-06 05:31:00,53.0
2022-08-06 05:32:00,53.0
2022-08-06 05:33:00,53.0
2022-08-06 05:34:00,54.0
2022-08-06 05:35:00,56.0
2022-08-06 05:36:00,54.0
2022-08-06 05:37:00,55.0
2022-08-06 05:38:00,58.0
2022-08-06 05:39:00,54.0
2022-08-06 05:40:00,56.0
2022-08-06 05:41:00,56.0
2022-08-06 05:42:00,54.0
2022-08-06 05:43:00,53.0
2022-08-06 05:44:00,53.0
2022-08-06 05:45:00,54.0
2022-08-06 05:46:00,55.0
2022-08-06 05:47:00,55.0
2022-08-06 05:48:00,55.0
2022-08-06 05:49:00,54.0
2022-08-06 05:50:00,56.0
2022-08-06 05:51:00,54.0
2022-08-06 05:52:00,56.0
2022-08-06 05:53:00,55.0
2022-08-06 05:54:00,54.0
2022-08-06 05:55:00,56.0
2022-08-06 05:56:00,56.0
2022-08-06 05:57:00,58.0
2022-08-06 05:58:00,55.0
2022-08-06 05:59:00,53.0
2022-08-06 06:00:00,53.0
2022-08-06 06:01:00,54.0
2022-08-06 06:02:00,56.0
2022-08-06 06:03:00,53.0
2022-08-06 06:04:00,55.0
2022-08-06 06:05:00,55.0
2022-08-06 06:06:00,53.0
2022-08-06 06:07:00,58.0
2022-08-06 06:08:00,54.0
2022-08-06 06:09:00,54.0
2022-08-06 06:10:00,59.0
2022-08-06 06:11:00,56.0
2022-08-06 06:12:00,53.0
2022-08-06 06:13:00,56.0
2022-08-06 06:14:00,59.0
2022-08-06 06:15:00,56.0
2022-08-06 06:16:00,54.0
2022-08-06 06:17:00,54.0
2022-08-06 06:18:00,56.0
2022-08-06 06:19:00,56.0
2022-08-06 06:20:00,57.0
2022-08-06 06:21:00,57.0
2022-08-06 06:22:00,55.0
2022-08-06 06:23:00,55.0
2022-08-06 06:24:00,56.0
2022-08-06 06:25:00,54.0
2022-08-06 06:26:00,54.0
2022-08-06 06:27:00,57.0
2022-08-06 06:28:00,54.0
2022-08-06 06:29:00,55.0
2022-08-06 06:30:00,54.0
2022-08-06 06:31:00,54.0
2022-08-06 06:32:00,53.0
2022-08-06 06:33:00,56.0
2022-08-06 06:34:00,53.0
2022-08-06 06:35:00,52.0
2022-08-06 06:36:00,56.0
2022-08-06 06:37:00,59.0
2022-08-06 06:38:00,60.0
2022-08-06 06:39:00,59.0
2022-08-06 06:40:00,55.0
2022-08-06 06:41:00,58.0
2022-08-06 06:42:00,56.0
2022-08-06 06:43:00,56.0
2022-08-06 06:44:00,59.0
2022-08-06 06:45:00,56.0
2022-08-06 06:46:00,56.0
2022-08-06 06:47:00,58.0
2022-08-06 06:48:00,57.0
2022-08-06 06:49:00,56.0
2022-08-06 06:50:00,59.0
2022-08-06 06:51:00,60.0
2022-08-06 06:52:00,57.0
2022-08-06 06:53:00,55.0
2022-08-06 06:54:00,52.0
2022-08-06 06:55:00,58.0
2022-08-06 06:56:00,57.0
2022-08-06 06:57:00,58.0
2022-08-06 06:58:00,57.0
2022-08-06 06:59:00,57.0
2022-08-06 07:00:00,58.0
2022-08-06 07:01:00,58.0
2022-08-06 07:02:00,57.0
2022-08-06 07:03:00,57.0
2022-08-06 07:04:00,57.0
2022-08-06 07:05:00,57.0
2022-08-06 07:06:00,58.0
2022-08-06 07:07:00,58.0
2022-08-06 07:08:00,59.0
2022-08-06 07:09:00,58.0
2022-08-06 07:10:00,56.0
2022-08-06 07:11:00,59.0
2022-08-06 07:12:00,60.0
2022-08-06 07:13:00,62.0
2022-08-06 07:14:00,59.0
2022-08-06 07:15:00,64.0
2022-08-06 07:16:00,65.0
2022-08-06 07:17:00,56.0
2022-08-06 07:18:00,58.0
2022-08-06 07:19:00,56.0
2022-08-06 07:20:00,56.0
2022-08-06 07:21:00,58.0
2022-08-06 07:22:00,58.0
2022-08-06 07:23:00,58.0
2022-08-06 07:24:00,60.0
2022-08-06 07:25:00,60.0
2022-08-06 07:26:00,60.0
2022-08-06 07:27:00,60.0
2022-08-06 07:28:00,59.0
2022-08-06 07:29:00,61.0
2022-08-06 07:30:00,60.0
2022-08-06 07:31:00,58.0
2022-08-06 07:32:00,60.0
2022-08-06 07:33:00,62.0
2022-08-06 07:34:00,60.0
2022-08-06 07:35:00,60.0
2022-08-06 07:36:00,61.0
2022-08-06 07:37:00,60.0
2022-08-06 07:38:00,62.0
2022-08-06 07:39:00,62.0
2022-08-06 07:40:00,60.0
2022-08-06 07:41:00,61.0
2022-08-06 07:42:00,60.0
2022-08-06 07:43:00,58.0
2022-08-06 07:44:00,62.0
2022-08-06 07:45:00,60.0
2022-08-06 07:46:00,59.0
2022-08-06 07:47:00,60.0
2022-08-06 07:48:00,60.0
2022-08-06 07:49:00,58.0
2022-08-06 07:50:00,59.0
2022-08-06 07:51:00,60.0
2022-08-06 07:52:00,60.0
2022-08-06 07:53:00,58.0
2022-08-06 07:54:00,61.0
2022-08-06 07:55:00,59.0
2022-08-06 07:56:00,59.0
2022-08-06 07:57:00,60.0
2022-08-06 07:58:00,58.0
2022-08-06 07:59:00,60.0
2022-08-06 08:00:00,58.0
2022-08-06 08:01:00,60.0
2022-08-06 08:02:00,58.0
2022-08-06 08:03:00,60.0
2022-08-06 08:04:00,62.0
2022-08-06 08:05:00,60.0
2022-08-06 08:06:00,60.0
2022-08-06 08:07:00,62.0
2022-08-06 08:08:00,62.0
2022-08-06 08:09:00,60.0
2022-08-06 08:10:00,61.0
2022-08-06 08:11:00,61.0
2022-08-06 08:12:00,61.0
2022-08-06 08:13:00,61.0
2022-08-06 08:14:00,63.0
2022-08-06 08:15:00,60.0
2022-08-06 08:16:00,61.0
2022-08-06 08:17:00,64.0
2022-08-06 08:18:00,59.0
2022-08-06 08:19:00,67.0
2022-08-06 08:20:00,62.0
2022-08-06 08:21:00,57.0
2022-08-06 08:22:00,57.0
2022-08-06 08:23:00,61.0
2022-08-06 08:24:00,61.0
2022-08-06 08:25:00,59.0
2022-08-06 08:26:00,56.0
2022-08-06 08:27:00,58.0
2022-08-06 08:28:00,56.0
2022-08-06 08:29:00,57.0
2022-08-06 08:30:00,58.0
2022-08-06 08:31:00,61.0
2022-08-06 08:32:00,62.0
2022-08-06 08:33:00,62.0
2022-08-06 08:34:00,58.0
2022-08-06 08:35:00,58.0
2022-08-06 08:36:00,59.0
2022-08-06 08:37:00,62.0
2022-08-06 08:38:00,60.0
2022-08-06 08:39:00,62.0
2022-08-06 08:40:00,60.0
2022-08-06 08:41:00,61.0
2022-08-06 08:42:00,62.0
2022-08-06 08:43:00,60.0
2022-08-06 08:44:00,62.0
2022-08-06 08:45:00,60.0
2022-08-06 08:46:00,62.0
2022-08-06 08:47:00,65.0
2022-08-06 08:48:00,65.0
2022-08-06 08:49:00,59.0
2022-08-06 08:50:00,60.0
2022-08-06 08:51:00,64.0
2022-08-06 08:52:00,58.0
2022-08-06 08:53:00,56.0
2022-08-06 08:54:00,56.0
2022-08-06 08:55:00,55.0
2022-08-06 08:56:00,55.0
2022-08-06 08:57:00,59.0
2022-08-06 08:58:00,62.0
2022-08-06 08:59:00,60.0
2022-08-06 09:00:00,62.0
2022-08-06 09:01:00,58.0
2022-08-06 09:02:00,60.0
2022-08-06 09:03:00,60.0
2022-08-06 09:04:00,58.0
2022-08-06 09:05:00,62.0
2022-08-06 09:06:00,61.0
2022-08-06 09:07:00,61.0
2022-08-06 09:08:00,58.0
2022-08-06 09:09:00,63.0
2022-08-06 09:10:00,64.0
2022-08-06 09:11:00,64.0
2022-08-06 09:12:00,64.0
2022-08-06 09:13:00,64.0
2022-08-06 09:14:00,60.0
2022-08-06 09:15:00,60.0
2022-08-06 09:16:00,56.0
2022-08-06 09:17:00,62.0
2022-08-06 09:18:00,65.0
2022-08-06 09:19:00,62.0
2022-08-06 09:20:00,60.0
2022-08-06 09:21:00,59.0
2022-08-06 09:22:00,58.0
2022-08-06 09:23:00,60.0
2022-08-06 09:24:00,62.0
2022-08-06 09:25:00,62.0
2022-08-06 09:26:00,60.0
2022-08-06 09:27:00,64.0
2022-08-06 09:28:00,62.0
2022-08-06 09:29:00,62.0
2022-08-06 09:30:00,66.0
2022-08-06 09:31:00,59.0
2022-08-06 09:32:00,65.0
2022-08-06 09:33:00,66.0
2022-08-06 09:34:00,62.0
2022-08-06 09:35:00,62.0
2022-08-06 09:36:00,64.0
2022-08-06 09:37:00,59.0
2022-08-06 09:38:00,60.0
2022-08-06 09:39:00,62.0
2022-08-06 09:40:00,62.0
2022-08-06 09:41:00,61.0
2022-08-06 09:42:00,62.0
2022-08-06 09:43:00,62.0
2022-08-06 09:44:00,60.0
2022-08-06 09:45:00,61.0
2022-08-06 09:46:00,63.0
2022-08-06 09:47:00,62.0
2022-08-06 09:48:00,60.0
2022-08-06 09:49:00,59.0
2022-08-06 09:50:00,64.0
2022-08-06 09:51:00,64.0
2022-08-06 09:52:00,66.0
2022-08-06 09:53:00,64.0
2022-08-06 09:54:00,60.0
2022-08-06 09:55:00,62.0
2022-08-06 09:56:00,62.0
2022-08-06 09:57:00,63.0
2022-08-06 09:58:00,62.0
2022-08-06 09:59:00,61.0
2022-08-06 10:00:00,62.0
2022-08-06 10:01:00,58.0
2022-08-06 10:02:00,62.0
2022-08-06 10:03:00,62.0
2022-08-06 10:04:00,60.0
2022-08-06 10:05:00,60.0
2022-08-06 10:06:00,62.0
2022-08-06 10:07:00,64.0
2022-08-06 10:08:00,63.0
2022-08-06 10:09:00,62.0
2022-08-06 10:10:00,61.0
2022-08-06 10:11:00,64.0
2022-08-06 10:12:00,66.0
2022-08-06 10:13:00,62.0
2022-08-06 10:14:00,62.0
2022-08-06 10:15:00,66.0
2022-08-06 10:16:00,62.0
2022-08-06 10:17:00,63.0
2022-08-06 10:18:00,65.0
2022-08-06 10:19:00,66.0
2022-08-06 10:20:00,64.0
2022-08-06 10:21:00,66.0
2022-08-06 10:22:00,66.0
2022-08-06 10:23:00,63.0
2022-08-06 10:24:00,66.0
2022-08-06 10:25:00,68.0
2022-08-06 10:26:00,66.0
2022-08-06 10:27:00,67.0
2022-08-06 10:28:00,66.0
2022-08-06 10:29:00,66.0
2022-08-06 10:30:00,64.0
2022-08-06 10:31:00,64.0
2022-08-06 10:32:00,63.0
2022-08-06 10:33:00,62.0
2022-08-06 10:34:00,67.0
2022-08-06 10:35:00,62.0
2022-08-06 10:36:00,62.0
2022-08-06 10:37:00,64.0
2022-08-06 10:38:00,64.0
2022-08-06 10:39:00,62.0
2022-08-06 10:40:00,62.0
2022-08-06 10:41:00,64.0
2022-08-06 10:42:00,65.0
2022-08-06 10:43:00,66.0
2022-08-06 10:44:00,66.0
2022-08-06 10:45:00,64.0
2022-08-06 10:46:00,66.0
2022-08-06 10:47:00,64.0
2022-08-06 10:48:00,61.0
2022-08-06 10:49:00,64.0
2022-08-06 10:50:00,64.0
2022-08-06 10:51:00,62.0
2022-08-06 10:52:00,63.0
2022-08-06 10:53:00,66.0
2022-08-06 10:54:00,64.0
2022-08-06 10:55:00,66.0
2022-08-06 10:56:00,64.0
2022-08-06 10:57:00,65.0
2022-08-06 10:58:00,60.0
2022-08-06 10:59:00,65.0
2022-08-06 11:00:00,70.0
2022-08-06 11:01:00,62.0
2022-08-06 11:02:00,65.0
2022-08-06 11:03:00,67.0
2022-08-06 11:04:00,60.0
2022-08-06 11:05:00,63.0
2022-08-06 11:06:00,68.0
2022-08-06 11:07:00,61.0
2022-08-06 11:08:00,66.0
2022-08-06 11:09:00,65.0
2022-08-06 11:10:00,64.0
2022-08-06 11:11:00,64.0
2022-08-06 11:12:00,66.0
2022-08-06 11:13:00,64.0
2022-08-06 11:14:00,63.0
2022-08-06 11:15:00,67.0
2022-08-06 11:16:00,66.0
2022-08-06 11:17:00,61.0
2022-08-06 11:18:00,62.0
2022-08-06 11:19:00,60.0
2022-08-06 11:20:00,62.0
2022-08-06 11:21:00,62.0
2022-08-06 11:22:00,61.0
2022-08-06 11:23:00,63.0
2022-08-06 11:24:00,61.0
2022-08-06 11:25:00,61.0
2022-08-06 11:26:00,63.0
2022-08-06 11:27:00,62.0
2022-08-06 11:28:00,62.0
2022-08-06 11:29:00,64.0
2022-08-06 11:30:00,64.0
2022-08-06 11:31:00,66.0
2022-08-06 11:32:00,64.0
2022-08-06 11:33:00,66.0
2022-08-06 11:34:00,64.0
2022-08-06 11:35:00,66.0
2022-08-06 11:36:00,68.0
2022-08-06 11:37:00,64.0
2022-08-06 11:38:00,65.0
2022-08-06 11:39:00,68.0
2022-08-06 11:40:00,66.0
2022-08-06 11:41:00,64.0
2022-08-06 11:42:00,66.0
2022-08-06 11:43:00,66.0
2022-08-06 11:44:00,66.0
2022-08-06 11:45:00,64.0
2022-08-06 11:46:00,64.0
2022-08-06 11:47:00,64.0
2022-08-06 11:48:00,64.0
2022-08-06 11:49:00,62.0
2022-08-06 11:50:00,62.0
2022-08-06 11:51:00,62.0
2022-08-06 11:52:00,62.0
2022-08-06 11:53:00,60.0
2022-08-06 11:54:00,60.0
2022-08-06 11:55:00,60.0
2022-08-06 11:56:00,62.0
2022-08-06 11:57:00,64.0
2022-08-06 11:58:00,64.0
2022-08-06 11:59:00,65.0
2022-08-06 12:00:00,64.0
2022-08-06 12:01:00,62.0
2022-08-06 12:02:00,64.0
2022-08-06 12:03:00,64.0
2022-08-06 12:04:00,64.0
2022-08-06 12:05:00,64.0
2022-08-06 12:06:00,66.0
2022-08-06 12:07:00,64.0
2022-08-06 12:08:00,64.0
2022-08-06 12:09:00,65.0
2022-08-06 12:10:00,63.0
2022-08-06 12:11:00,62.0
2022-08-06 12:12:00,66.0
2022-08-06 12:13:00,63.0
2022-08-06 12:14:00,64.0
2022-08-06 12:15:00,66.0
2022-08-06 12:16:00,66.0
2022-08-06 12:17:00,63.0
2022-08-06 12:18:00,66.0
2022-08-06 12:19:00,68.0
2022-08-06 12:20:00,60.0
2022-08-06 12:21:00,63.0
2022-08-06 12:22:00,68.0
2022-08-06 12:23:00,62.0
2022-08-06 12:24:00,61.0
2022-08-06 12:25:00,63.0
2022-08-06 12:26:00,58.0
2022-08-06 12:27:00,59.0
2022-08-06 12:28:00,62.0
2022-08-06 12:29:00,60.0
2022-08-06 12:30:00,66.0
2022-08-06 12:31:00,63.0
2022-08-06 12:32:00,59.0
2022-08-06 12:33:00,60.0
2022-08-06 12:34:00,62.0
2022-08-06 12:35:00,65.0
2022-08-06 12:36:00,61.0
2022-08-06 12:37:00,63.0
2022-08-06 12:38:00,64.0
2022-08-06 12:39:00,63.0
2022-08-06 12:40:00,64.0
2022-08-06 12:41:00,62.0
2022-08-06 12:42:00,63.0
2022-08-06 12:43:00,64.0
2022-08-06 12:44:00,63.0
2022-08-06 12:45:00,64.0
2022-08-06 12:46:00,64.0
2022-08-06 12:47:00,65.0
2022-08-06 12:48:00,63.0
2022-08-06 12:49:00,64.0
2022-08-06 12:50:00,64.0
2022-08-06 12:51:00,64.0
2022-08-06 12:52:00,65.0
2022-08-06 12:53:00,62.0
2022-08-06 12:54:00,62.0
2022-08-06 12:55:00,62.0
2022-08-06 12:56:00,62.0
2022-08-06 12:57:00,64.0
2022-08-06 12:58:00,64.0
2022-08-06 12:59:00,62.0
2022-08-06 13:00:00,64.0
2022-08-06 13:01:00,64.0
2022-08-06 13:02:00,62.0
2022-08-06 13:03:00,63.0
2022-08-06 13:04:00,64.0
2022-08-06 13:05:00,63.0
2022-08-06 13:06:00,63.0
2022-08-06 13:07:00,67.0
2022-08-06 13:08:00,63.0
2022-08-06 13:09:00,62.0
2022-08-06 13:10:00,68.0
2022-08-06 13:11:00,61.0
2022-08-06 13:12:00,59.0
2022-08-06 13:13:00,63.0
2022-08-06 13:14:00,63.0
2022-08-06 13:15:00,60.0
2022-08-06 13:16:00,65.0
2022-08-06 13:17:00,62.0
2022-08-06 13:18:00,61.0
2022-08-06 13:19:00,62.0
2022-08-06 13:20:00,62.0
2022-08-06 13:21:00,63.0
2022-08-06 13:22:00,64.0
2022-08-06 13:23:00,62.0
2022-08-06 13:24:00,63.0
2022-08-06 13:25:00,62.0
2022-08-06 13:26:00,65.0
2022-08-06 13:27:00,62.0
2022-08-06 13:28:00,64.0
2022-08-06 13:29:00,65.0
2022-08-06 13:30:00,65.0
2022-08-06 13:31:00,63.0
2022-08-06 13:32:00,64.0
2022-08-06 13:33:00,66.0
2022-08-06 13:34:00,64.0
2022-08-06 13:35:00,64.0
2022-08-06 13:36:00,65.0
2022-08-06 13:37:00,64.0
2022-08-06 13:38:00,68.0
2022-08-06 13:39:00,65.0
2022-08-06 13:40:00,66.0
2022-08-06 13:41:00,70.0
2022-08-06 13:42:00,64.0
2022-08-06 13:43:00,67.0
2022-08-06 13:44:00,66.0
2022-08-06 13:45:00,68.0
2022-08-06 13:46:00,68.0
2022-08-06 13:47:00,69.0
2022-08-06 13:48:00,70.0
2022-08-06 13:49:00,67.0
2022-08-06 13:50:00,61.0
2022-08-06 13:51:00,68.0
2022-08-06 13:52:00,68.0
2022-08-06 13:53:00,68.0
2022-08-06 13:54:00,62.0
2022-08-06 13:55:00,64.0
2022-08-06 13:56:00,66.0
2022-08-06 13:57:00,64.0
2022-08-06 13:58:00,67.0
2022-08-06 13:59:00,64.0
2022-08-06 14:00:00,66.0
2022-08-06 14:01:00,64.0
2022-08-06 14:02:00,64.0
2022-08-06 14:03:00,61.0
2022-08-06 14:04:00,60.0
2022-08-06 14:05:00,60.0
2022-08-06 14:06:00,65.0
2022-08-06 14:07:00,63.0
2022-08-06 14:08:00,62.0
2022-08-06 14:09:00,61.0
2022-08-06 14:10:00,64.0
2022-08-06 14:11:00,61.0
2022-08-06 14:12:00,65.0
2022-08-06 14:13:00,64.0
2022-08-06 14:14:00,62.0
2022-08-06 14:15:00,62.0
2022-08-06 14:16:00,62.0
2022-08-06 14:17:00,62.0
2022-08-06 14:18:00,64.0
2022-08-06 14:19:00,64.0
2022-08-06 14:20:00,64.0
2022-08-06 14:21:00,62.0
2022-08-06 14:22:00,64.0
2022-08-06 14:23:00,63.0
2022-08-06 14:24:00,64.0
2022-08-06 14:25:00,66.0
2022-08-06 14:26:00,62.0
2022-08-06 14:27:00,64.0
2022-08-06 14:28:00,65.0
2022-08-06 14:29:00,62.0
2022-08-06 14:30:00,65.0
2022-08-06 14:31:00,64.0
2022-08-06 14:32:00,64.0
2022-08-06 14:33:00,65.0
2022-08-06 14:34:00,64.0
2022-08-06 14:35:00,65.0
2022-08-06 14:36:00,65.0
2022-08-06 14:37:00,64.0
2022-08-06 14:38:00,63.0
2022-08-06 14:39:00,66.0
2022-08-06 14:40:00,63.0
2022-08-06 14:41:00,63.0
2022-08-06 14:42:00,62.0
2022-08-06 14:43:00,62.0
2022-08-06 14:44:00,62.0
2022-08-06 14:45:00,63.0
2022-08-06 14:46:00,62.0
2022-08-06 14:47:00,64.0
2022-08-06 14:48:00,64.0
2022-08-06 14:49:00,63.0
2022-08-06 14:50:00,64.0
2022-08-06 14:51:00,64.0
2022-08-06 14:52:00,63.0
2022-08-06 14:53:00,64.0
2022-08-06 14:54:00,64.0
2022-08-06 14:55:00,62.0
2022-08-06 14:56:00,62.0
2022-08-06 14:57:00,62.0
2022-08-06 14:58:00,62.0
2022-08-06 14:59:00,64.0
2022-08-06 15:00:00,63.0
2022-08-06 15:01:00,64.0
2022-08-06 15:02:00,62.0
2022-08-06 15:03:00,64.0
2022-08-06 15:04:00,64.0
2022-08-06 15:05:00,62.0
2022-08-06 15:06:00,64.0
2022-08-06 15:07:00,63.0
2022-08-06 15:08:00,63.0
2022-08-06 15:09:00,63.0
2022-08-06 15:10:00,64.0
2022-08-06 15:11:00,63.0
2022-08-06 15:12:00,64.0
2022-08-06 15:13:00,64.0
2022-08-06 15:14:00,65.0
2022-08-06 15:15:00,66.0
2022-08-06 15:16:00,63.0
2022-08-06 15:17:00,60.0
2022-08-06 15:18:00,64.0
2022-08-06 15:19:00,66.0
2022-08-06 15:20:00,62.0
2022-08-06 15:21:00,66.0
2022-08-06 15:22:00,65.0
2022-08-06 15:23:00,62.0
2022-08-06 15:24:00,70.0
2022-08-06 15:25:00,64.0
2022-08-06 15:26:00,64.0
2022-08-06 15:27:00,64.0
2022-08-06 15:28:00,64.0
2022-08-06 15:29:00,64.0
2022-08-06 15:30:00,66.0
2022-08-06 15:31:00,60.0
2022-08-06 15:32:00,61.0
2022-08-06 15:33:00,65.0
2022-08-06 15:34:00,63.0
2022-08-06 15:35:00,62.0
2022-08-06 15:36:00,64.0
2022-08-06 15:37:00,63.0
2022-08-06 15:38:00,67.0
2022-08-06 15:39:00,63.0
2022-08-06 15:40:00,63.0
2022-08-06 15:41:00,68.0
2022-08-06 15:42:00,66.0
2022-08-06 15:43:00,65.0
2022-08-06 15:44:00,62.0
2022-08-06 15:45:00,62.0
2022-08-06 15:46:00,59.0
2022-08-06 15:47:00,60.0
2022-08-06 15:48:00,62.0
2022-08-06 15:49:00,60.0
2022-08-06 15:50:00,63.0
2022-08-06 15:51:00,63.0
2022-08-06 15:52:00,60.0
2022-08-06 15:53:00,60.0
2022-08-06 15:54:00,66.0
2022-08-06 15:55:00,57.0
2022-08-06 15:56:00,65.0
2022-08-06 15:57:00,62.0
2022-08-06 15:58:00,58.0
2022-08-06 15:59:00,58.0
2022-08-06 16:00:00,63.0
2022-08-06 16:01:00,75.0
2022-08-06 16:02:00,62.0
2022-08-06 16:03:00,61.0
2022-08-06 16:04:00,61.0
2022-08-06 16:05:00,60.0
2022-08-06 16:06:00,63.0
2022-08-06 16:07:00,64.0
2022-08-06 16:08:00,62.0
2022-08-06 16:09:00,64.0
2022-08-06 16:10:00,66.0
2022-08-06 16:11:00,64.0
2022-08-06 16:12:00,66.0
2022-08-06 16:13:00,64.0
2022-08-06 16:14:00,65.0
2022-08-06 16:15:00,64.0
2022-08-06 16:16:00,66.0
2022-08-06 16:17:00,55.0
2022-08-06 16:18:00,63.0
2022-08-06 16:19:00,62.0
2022-08-06 16:20:00,70.0
2022-08-06 16:21:00,63.0
2022-08-06 16:22:00,64.0
2022-08-06 16:23:00,59.0
2022-08-06 16:24:00,58.0
2022-08-06 16:25:00,62.0
2022-08-06 16:26:00,58.0
2022-08-06 16:27:00,62.0
2022-08-06 16:28:00,64.0
2022-08-06 16:29:00,64.0
2022-08-06 16:30:00,66.0
2022-08-06 16:31:00,63.0
2022-08-06 16:32:00,64.0
2022-08-06 16:33:00,64.0
2022-08-06 16:34:00,62.0
2022-08-06 16:35:00,64.0
2022-08-06 16:36:00,64.0
2022-08-06 16:37:00,61.0
2022-08-06 16:38:00,64.0
2022-08-06 16:39:00,61.0
2022-08-06 16:40:00,64.0
2022-08-06 16:41:00,59.0
2022-08-06 16:42:00,60.0
2022-08-06 16:43:00,64.0
2022-08-06 16:44:00,66.0
2022-08-06 16:45:00,69.0
2022-08-06 16:46:00,62.0
2022-08-06 16:47:00,62.0
2022-08-06 16:48:00,67.0
2022-08-06 16:49:00,62.0
2022-08-06 16:50:00,60.0
2022-08-06 16:51:00,59.0
2022-08-06 16:52:00,57.0
2022-08-06 16:53:00,60.0
2022-08-06 16:54:00,65.0
2022-08-06 16:55:00,59.0
2022-08-06 16:56:00,60.0
2022-08-06 16:57:00,67.0
2022-08-06 16:58:00,57.0
2022-08-06 16:59:00,59.0
2022-08-06 17:00:00,66.0
2022-08-06 17:01:00,72.0
2022-08-06 17:02:00,63.0
2022-08-06 17:03:00,59.0
2022-08-06 17:04:00,62.0
2022-08-06 17:05:00,67.0
2022-08-06 17:06:00,58.0
2022-08-06 17:07:00,58.0
2022-08-06 17:08:00,62.0
2022-08-06 17:09:00,59.0
2022-08-06 17:10:00,61.0
2022-08-06 17:11:00,59.0
2022-08-06 17:12:00,65.0
2022-08-06 17:13:00,59.0
2022-08-06 17:14:00,61.0
2022-08-06 17:15:00,58.0
2022-08-06 17:16:00,61.0
2022-08-06 17:17:00,64.0
2022-08-06 17:18:00,64.0
2022-08-06 17:19:00,62.0
2022-08-06 17:20:00,64.0
2022-08-06 17:21:00,64.0
2022-08-06 17:22:00,66.0
2022-08-06 17:23:00,66.0
2022-08-06 17:24:00,64.0
2022-08-06 17:25:00,62.0
2022-08-06 17:26:00,62.0
2022-08-06 17:27:00,64.0
2022-08-06 17:28:00,61.0
2022-08-06 17:29:00,56.0
2022-08-06 17:30:00,61.0
2022-08-06 17:31:00,59.0
2022-08-06 17:32:00,60.0
2022-08-06 17:33:00,59.0
2022-08-06 17:34:00,66.0
2022-08-06 17:35:00,64.0
2022-08-06 17:36:00,69.0
2022-08-06 17:37:00,64.0
2022-08-06 17:38:00,63.0
2022-08-06 17:39:00,63.0
2022-08-06 17:40:00,62.0
2022-08-06 17:41:00,60.0
2022-08-06 17:42:00,62.0
2022-08-06 17:43:00,62.0
2022-08-06 17:44:00,63.0
2022-08-06 17:45:00,64.0
2022-08-06 17:46:00,63.0
2022-08-06 17:47:00,65.0
2022-08-06 17:48:00,63.0
2022-08-06 17:49:00,64.0
2022-08-06 17:50:00,64.0
2022-08-06 17:51:00,64.0
2022-08-06 17:52:00,63.0
2022-08-06 17:53:00,62.0
2022-08-06 17:54:00,63.0
2022-08-06 17:55:00,64.0
2022-08-06 17:56:00,63.0
2022-08-06 17:57:00,62.0
2022-08-06 17:58:00,64.0
2022-08-06 17:59:00,60.0
2022-08-06 18:00:00,62.0
2022-08-06 18:01:00,62.0
2022-08-06 18:02:00,63.0
2022-08-06 18:03:00,62.0
2022-08-06 18:04:00,56.0
2022-08-06 18:05:00,60.0
2022-08-06 18:06:00,64.0
2022-08-06 18:07:00,62.0
2022-08-06 18:08:00,62.0
2022-08-06 18:09:00,66.0
2022-08-06 18:10:00,64.0
2022-08-06 18:11:00,63.0
2022-08-06 18:12:00,64.0
2022-08-06 18:13:00,63.0
2022-08-06 18:14:00,62.0
2022-08-06 18:15:00,62.0
2022-08-06 18:16:00,63.0
2022-08-06 18:17:00,65.0
2022-08-06 18:18:00,63.0
2022-08-06 18:19:00,59.0
2022-08-06 18:20:00,66.0
2022-08-06 18:21:00,71.0
2022-08-06 18:22:00,66.0
2022-08-06 18:23:00,59.0
2022-08-06 18:24:00,61.0
2022-08-06 18:25:00,62.0
2022-08-06 18:26:00,57.0
2022-08-06 18:27:00,59.0
2022-08-06 18:28:00,57.0
2022-08-06 18:29:00,58.0
2022-08-06 18:30:00,64.0
2022-08-06 18:31:00,62.0
2022-08-06 18:32:00,68.0
2022-08-06 18:33:00,68.0
2022-08-06 18:34:00,67.0
2022-08-06 18:35:00,63.0
2022-08-06 18:36:00,64.0
2022-08-06 18:37:00,60.0
2022-08-06 18:38:00,61.0
2022-08-06 18:39:00,63.0
2022-08-06 18:40:00,62.0
2022-08-06 18:41:00,62.0
2022-08-06 18:42:00,62.0
2022-08-06 18:43:00,63.0
2022-08-06 18:44:00,61.0
2022-08-06 18:45:00,62.0
2022-08-06 18:46:00,64.0
2022-08-06 18:47:00,64.0
2022-08-06 18:48:00,64.0
2022-08-06 18:49:00,66.0
2022-08-06 18:50:00,64.0
2022-08-06 18:51:00,66.0
2022-08-06 18:52:00,62.0
2022-08-06 18:53:00,64.0
2022-08-06 18:54:00,67.0
2022-08-06 18:55:00,64.0
2022-08-06 18:56:00,61.0
2022-08-06 18:57:00,66.0
2022-08-06 18:58:00,61.0
2022-08-06 18:59:00,62.0
2022-08-06 19:00:00,62.0
2022-08-06 19:01:00,60.0
2022-08-06 19:02:00,62.0
2022-08-06 19:03:00,65.0
2022-08-06 19:04:00,63.0
2022-08-06 19:05:00,63.0
2022-08-06 19:06:00,66.0
2022-08-06 19:07:00,64.0
2022-08-06 19:08:00,67.0
2022-08-06 19:09:00,58.0
2022-08-06 19:10:00,64.0
2022-08-06 19:11:00,68.0
2022-08-06 19:12:00,62.0
2022-08-06 19:13:00,62.0
2022-08-06 19:14:00,62.0
2022-08-06 19:15:00,66.0
2022-08-06 19:16:00,65.0
2022-08-06 19:17:00,62.0
2022-08-06 19:18:00,62.0
2022-08-06 19:19:00,60.0
2022-08-06 19:20:00,61.0
2022-08-06 19:21:00,62.0
2022-08-06 19:22:00,62.0
2022-08-06 19:23:00,62.0
2022-08-06 19:24:00,62.0
2022-08-06 19:25:00,61.0
2022-08-06 19:26:00,61.0
2022-08-06 19:27:00,63.0
2022-08-06 19:28:00,62.0
2022-08-06 19:29:00,62.0
2022-08-06 19:30:00,63.0
2022-08-06 19:31:00,62.0
2022-08-06 19:32:00,60.0
2022-08-06 19:33:00,62.0
2022-08-06 19:34:00,61.0
2022-08-06 19:35:00,60.0
2022-08-06 19:36:00,61.0
2022-08-06 19:37:00,60.0
2022-08-06 19:38:00,59.0
2022-08-06 19:39:00,61.0
2022-08-06 19:40:00,60.0
2022-08-06 19:41:00,61.0
2022-08-06 19:42:00,60.0
2022-08-06 19:43:00,60.0
2022-08-06 19:44:00,62.0
2022-08-06 19:45:00,62.0
2022-08-06 19:46:00,62.0
2022-08-06 19:47:00,60.0
2022-08-06 19:48:00,62.0
2022-08-06 19:49:00,62.0
2022-08-06 19:50:00,60.0
2022-08-06 19:51:00,60.0
2022-08-06 19:52:00,58.0
2022-08-06 19:53:00,60.0
2022-08-06 19:54:00,61.0
2022-08-06 19:55:00,60.0
2022-08-06 19:56:00,58.0
2022-08-06 19:57:00,61.0
2022-08-06 19:58:00,59.0
2022-08-06 19:59:00,58.0
2022-08-06 20:00:00,60.0
2022-08-06 20:01:00,58.0
2022-08-06 20:02:00,59.0
2022-08-06 20:03:00,60.0
2022-08-06 20:04:00,59.0
2022-08-06 20:05:00,60.0
2022-08-06 20:06:00,60.0
2022-08-06 20:07:00,58.0
2022-08-06 20:08:00,60.0
2022-08-06 20:09:00,60.0
2022-08-06 20:10:00,58.0
2022-08-06 20:11:00,60.0
2022-08-06 20:12:00,60.0
2022-08-06 20:13:00,58.0
2022-08-06 20:14:00,60.0
2022-08-06 20:15:00,60.0
2022-08-06 20:16:00,58.0
2022-08-06 20:17:00,59.0
2022-08-06 20:18:00,58.0
2022-08-06 20:19:00,58.0
2022-08-06 20:20:00,60.0
2022-08-06 20:21:00,58.0
2022-08-06 20:22:00,60.0
2022-08-06 20:23:00,60.0
2022-08-06 20:24:00,58.0
2022-08-06 20:25:00,61.0
2022-08-06 20:26:00,61.0
2022-08-06 20:27:00,62.0
2022-08-06 20:28:00,60.0
2022-08-06 20:29:00,60.0
2022-08-06 20:30:00,59.0
2022-08-06 20:31:00,56.0
2022-08-06 20:32:00,60.0
2022-08-06 20:33:00,59.0
2022-08-06 20:34:00,60.0
2022-08-06 20:35:00,59.0
2022-08-06 20:36:00,60.0
2022-08-06 20:37:00,58.0
2022-08-06 20:38:00,60.0
2022-08-06 20:39:00,59.0
2022-08-06 20:40:00,56.0
2022-08-06 20:41:00,59.0
2022-08-06 20:42:00,62.0
2022-08-06 20:43:00,56.0
2022-08-06 20:44:00,58.0
2022-08-06 20:45:00,59.0
2022-08-06 20:46:00,58.0
2022-08-06 20:47:00,58.0
2022-08-06 20:48:00,60.0
2022-08-06 20:49:00,58.0
2022-08-06 20:50:00,58.0
2022-08-06 20:51:00,62.0
2022-08-06 20:52:00,62.0
2022-08-06 20:53:00,59.0
2022-08-06 20:54:00,61.0
2022-08-06 20:55:00,62.0
2022-08-06 20:56:00,60.0
2022-08-06 20:57:00,60.0
2022-08-06 20:58:00,58.0
2022-08-06 20:59:00,61.0
2022-08-06 21:00:00,59.0
2022-08-06 21:01:00,60.0
2022-08-06 21:02:00,60.0
2022-08-06 21:03:00,61.0
2022-08-06 21:04:00,58.0
2022-08-06 21:05:00,60.0
2022-08-06 21:06:00,60.0
2022-08-06 21:07:00,58.0
2022-08-06 21:08:00,58.0
2022-08-06 21:09:00,57.0
2022-08-06 21:10:00,58.0
2022-08-06 21:11:00,58.0
2022-08-06 21:12:00,58.0
2022-08-06 21:13:00,56.0
2022-08-06 21:14:00,58.0
2022-08-06 21:15:00,58.0
2022-08-06 21:16:00,58.0
2022-08-06 21:17:00,61.0
2022-08-06 21:18:00,63.0
2022-08-06 21:19:00,63.0
2022-08-06 21:20:00,65.0
2022-08-06 21:21:00,61.0
2022-08-06 21:22:00,61.0
2022-08-06 21:23:00,57.0
2022-08-06 21:24:00,60.0
2022-08-06 21:25:00,62.0
2022-08-06 21:26:00,62.0
2022-08-06 21:27:00,54.0
2022-08-06 21:28:00,53.0
2022-08-06 21:29:00,57.0
2022-08-06 21:30:00,56.0
2022-08-06 21:31:00,61.0
2022-08-06 21:32:00,56.0
2022-08-06 21:33:00,58.0
2022-08-06 21:34:00,54.0
2022-08-06 21:35:00,61.0
2022-08-06 21:36:00,58.0
2022-08-06 21:37:00,57.0
2022-08-06 21:38:00,57.0
2022-08-06 21:39:00,60.0
2022-08-06 21:40:00,57.0
2022-08-06 21:41:00,56.0
2022-08-06 21:42:00,56.0
2022-08-06 21:43:00,56.0
2022-08-06 21:44:00,56.0
2022-08-06 21:45:00,57.0
2022-08-06 21:46:00,58.0
2022-08-06 21:47:00,54.0
2022-08-06 21:48:00,62.0
2022-08-06 21:49:00,56.0
2022-08-06 21:50:00,56.0
2022-08-06 21:51:00,58.0
2022-08-06 21:52:00,64.0
2022-08-06 21:53:00,60.0
2022-08-06 21:54:00,58.0
2022-08-06 21:55:00,60.0
2022-08-06 21:56:00,62.0
2022-08-06 21:57:00,54.0
2022-08-06 21:58:00,56.0
2022-08-06 21:59:00,56.0
2022-08-06 22:00:00,54.0
2022-08-06 22:01:00,54.0
2022-08-06 22:02:00,56.0
2022-08-06 22:03:00,55.0
2022-08-06 22:04:00,54.0
2022-08-06 22:05:00,57.0
2022-08-06 22:06:00,56.0
2022-08-06 22:07:00,60.0
2022-08-06 22:08:00,58.0
2022-08-06 22:09:00,56.0
2022-08-06 22:10:00,58.0
2022-08-06 22:11:00,59.0
2022-08-06 22:12:00,58.0
2022-08-06 22:13:00,58.0
2022-08-06 22:14:00,57.0
2022-08-06 22:15:00,57.0
2022-08-06 22:16:00,59.0
2022-08-06 22:17:00,60.0
2022-08-06 22:18:00,60.0
2022-08-06 22:19:00,59.0
2022-08-06 22:20:00,57.0
2022-08-06 22:21:00,58.0
2022-08-06 22:22:00,58.0
2022-08-06 22:23:00,61.0
2022-08-06 22:24:00,59.0
2022-08-06 22:25:00,62.0
2022-08-06 22:26:00,59.0
2022-08-06 22:27:00,57.0
2022-08-06 22:28:00,60.0
2022-08-06 22:29:00,62.0
2022-08-06 22:30:00,60.0
2022-08-06 22:31:00,59.0
2022-08-06 22:32:00,58.0
2022-08-06 22:33:00,56.0
2022-08-06 22:34:00,58.0
2022-08-06 22:35:00,60.0
2022-08-06 22:36:00,60.0
2022-08-06 22:37:00,58.0
2022-08-06 22:38:00,56.0
2022-08-06 22:39:00,58.0
2022-08-06 22:40:00,57.0
2022-08-06 22:41:00,58.0
2022-08-06 22:42:00,58.0
2022-08-06 22:43:00,56.0
2022-08-06 22:44:00,55.0
2022-08-06 22:45:00,56.0
2022-08-06 22:46:00,55.0
2022-08-06 22:47:00,56.0
2022-08-06 22:48:00,58.0
2022-08-06 22:49:00,56.0
2022-08-06 22:50:00,56.0
2022-08-06 22:51:00,56.0
2022-08-06 22:52:00,56.0
2022-08-06 22:53:00,56.0
2022-08-06 22:54:00,56.0
2022-08-06 22:55:00,58.0
2022-08-06 22:56:00,60.0
2022-08-06 22:57:00,58.0
2022-08-06 22:58:00,58.0
2022-08-06 22:59:00,58.0
2022-08-06 23:00:00,58.0
2022-08-06 23:01:00,57.0
2022-08-06 23:02:00,58.0
2022-08-06 23:03:00,56.0
2022-08-06 23:04:00,60.0
2022-08-06 23:05:00,60.0
2022-08-06 23:06:00,56.0
2022-08-06 23:07:00,58.0
2022-08-06 23:08:00,58.0
2022-08-06 23:09:00,58.0
2022-08-06 23:10:00,57.0
2022-08-06 23:11:00,59.0
2022-08-06 23:12:00,58.0
2022-08-06 23:13:00,58.0
2022-08-06 23:14:00,58.0
2022-08-06 23:15:00,59.0
2022-08-06 23:16:00,58.0
2022-08-06 23:17:00,57.0
2022-08-06 23:18:00,62.0
2022-08-06 23:19:00,58.0
2022-08-06 23:20:00,60.0
2022-08-06 23:21:00,56.0
2022-08-06 23:22:00,56.0
2022-08-06 23:23:00,59.0
2022-08-06 23:24:00,58.0
2022-08-06 23:25:00,60.0
2022-08-06 23:26:00,57.0
2022-08-06 23:27:00,58.0
2022-08-06 23:28:00,59.0
2022-08-06 23:29:00,58.0
2022-08-06 23:30:00,58.0
2022-08-06 23:31:00,58.0
2022-08-06 23:32:00,58.0
2022-08-06 23:33:00,57.0
2022-08-06 23:34:00,57.0
2022-08-06 23:35:00,59.0
2022-08-06 23:36:00,59.0
2022-08-06 23:37:00,58.0
2022-08-06 23:38:00,59.0
2022-08-06 23:39:00,61.0
2022-08-06 23:40:00,57.0
2022-08-06 23:41:00,59.0
2022-08-06 23:42:00,58.0
2022-08-06 23:43:00,58.0
2022-08-06 23:44:00,56.0
2022-08-06 23:45:00,56.0
2022-08-06 23:46:00,59.0
2022-08-06 23:47:00,58.0
2022-08-06 23:48:00,54.0
2022-08-06 23:49:00,57.0
2022-08-06 23:50:00,54.0
2022-08-06 23:51:00,58.0
2022-08-06 23:52:00,58.0
2022-08-06 23:53:00,58.0
2022-08-06 23:54:00,58.0
2022-08-06 23:55:00,58.0
2022-08-06 23:56:00,56.0
2022-08-06 23:57:00,56.0
2022-08-06 23:58:00,58.0
2022-08-06 23:59:00,60.0
2022-08-07 00:00:00,55.0
2022-08-07 00:01:00,58.0
2022-08-07 00:02:00,57.0
2022-08-07 00:03:00,56.0
2022-08-07 00:04:00,56.0
2022-08-07 00:05:00,56.0
2022-08-07 00:06:00,56.0
2022-08-07 00:07:00,57.0
2022-08-07 00:08:00,56.0
2022-08-07 00:09:00,56.0
2022-08-07 00:10:00,56.0
2022-08-07 00:11:00,56.0
2022-08-07 00:12:00,56.0
2022-08-07 00:13:00,56.0
2022-08-07 00:14:00,54.0
2022-08-07 00:15:00,57.0
2022-08-07 00:16:00,58.0
2022-08-07 00:17:00,53.0
2022-08-07 00:18:00,55.0
2022-08-07 00:19:00,53.0
2022-08-07 00:20:00,53.0
2022-08-07 00:21:00,53.0
2022-08-07 00:22:00,56.0
2022-08-07 00:23:00,54.0
2022-08-07 00:24:00,53.0
2022-08-07 00:25:00,55.0
2022-08-07 00:26:00,54.0
2022-08-07 00:27:00,50.0
2022-08-07 00:28:00,53.0
2022-08-07 00:29:00,50.0
2022-08-07 00:30:00,51.0
2022-08-07 00:31:00,54.0
2022-08-07 00:32:00,53.0
2022-08-07 00:33:00,51.0
2022-08-07 00:34:00,50.0
2022-08-07 00:35:00,54.0
2022-08-07 00:36:00,51.0
2022-08-07 00:37:00,52.0
2022-08-07 00:38:00,55.0
2022-08-07 00:39:00,52.0
2022-08-07 00:40:00,54.0
2022-08-07 00:41:00,54.0
2022-08-07 00:42:00,54.0
2022-08-07 00:43:00,52.0
2022-08-07 00:44:00,56.0
2022-08-07 00:45:00,54.0
2022-08-07 00:46:00,54.0
2022-08-07 00:47:00,56.0
2022-08-07 00:48:00,56.0
2022-08-07 00:49:00,56.0
2022-08-07 00:50:00,58.0
2022-08-07 00:51:00,58.0
2022-08-07 00:52:00,58.0
2022-08-07 00:53:00,56.0
2022-08-07 00:54:00,55.0
2022-08-07 00:55:00,56.0
2022-08-07 00:56:00,56.0
2022-08-07 00:57:00,54.0
2022-08-07 00:58:00,50.0
2022-08-07 00:59:00,54.0
2022-08-07 01:00:00,53.0
2022-08-07 01:01:00,56.0
2022-08-07 01:02:00,53.0
2022-08-07 01:03:00,54.0
2022-08-07 01:04:00,54.0
2022-08-07 01:05:00,54.0
2022-08-07 01:06:00,55.0
2022-08-07 01:07:00,56.0
2022-08-07 01:08:00,53.0
2022-08-07 01:09:00,52.0
2022-08-07 01:10:00,53.0
2022-08-07 01:11:00,52.0
2022-08-07 01:12:00,56.0
2022-08-07 01:13:00,52.0
2022-08-07 01:14:00,54.0
2022-08-07 01:15:00,54.0
2022-08-07 01:16:00,54.0
2022-08-07 01:17:00,54.0
2022-08-07 01:18:00,54.0
2022-08-07 01:19:00,55.0
2022-08-07 01:20:00,53.0
2022-08-07 01:21:00,52.0
2022-08-07 01:22:00,53.0
2022-08-07 01:23:00,52.0
2022-08-07 01:24:00,54.0
2022-08-07 01:25:00,54.0
2022-08-07 01:26:00,54.0
2022-08-07 01:27:00,54.0
2022-08-07 01:28:00,54.0
2022-08-07 01:29:00,53.0
2022-08-07 01:30:00,54.0
2022-08-07 01:31:00,52.0
2022-08-07 01:32:00,56.0
2022-08-07 01:33:00,56.0
2022-08-07 01:34:00,54.0
2022-08-07 01:35:00,54.0
2022-08-07 01:36:00,50.0
2022-08-07 01:37:00,50.0
2022-08-07 01:38:00,54.0
2022-08-07 01:39:00,52.0
2022-08-07 01:40:00,51.0
2022-08-07 01:41:00,53.0
2022-08-07 01:42:00,52.0
2022-08-07 01:43:00,50.0
2022-08-07 01:44:00,48.0
2022-08-07 01:45:00,52.0
2022-08-07 01:46:00,50.0
2022-08-07 01:47:00,50.0
2022-08-07 01:48:00,51.0
2022-08-07 01:49:00,50.0
2022-08-07 01:50:00,51.0
2022-08-07 01:51:00,50.0
2022-08-07 01:52:00,50.0
2022-08-07 01:53:00,53.0
2022-08-07 01:54:00,56.0
2022-08-07 01:55:00,52.0
2022-08-07 01:56:00,51.0
2022-08-07 01:57:00,49.0
2022-08-07 01:58:00,52.0
2022-08-07 01:59:00,52.0
2022-08-07 02:00:00,52.0
2022-08-07 02:01:00,52.0
2022-08-07 02:02:00,53.0
2022-08-07 02:03:00,50.0
2022-08-07 02:04:00,51.0
2022-08-07 02:05:00,55.0
2022-08-07 02:06:00,50.0
2022-08-07 02:07:00,52.0
2022-08-07 02:08:00,51.0
2022-08-07 02:09:00,53.0
2022-08-07 02:10:00,51.0
2022-08-07 02:11:00,53.0
2022-08-07 02:12:00,54.0
2022-08-07 02:13:00,55.0
2022-08-07 02:14:00,52.0
2022-08-07 02:15:00,54.0
2022-08-07 02:16:00,51.0
2022-08-07 02:17:00,48.0
2022-08-07 02:18:00,54.0
2022-08-07 02:19:00,51.0
2022-08-07 02:20:00,53.0
2022-08-07 02:21:00,52.0
2022-08-07 02:22:00,50.0
2022-08-07 02:23:00,50.0
2022-08-07 02:24:00,51.0
2022-08-07 02:25:00,50.0
2022-08-07 02:26:00,51.0
2022-08-07 02:27:00,51.0
2022-08-07 02:28:00,53.0
2022-08-07 02:29:00,52.0
2022-08-07 02:30:00,54.0
2022-08-07 02:31:00,55.0
2022-08-07 02:32:00,56.0
2022-08-07 02:33:00,54.0
2022-08-07 02:34:00,55.0
2022-08-07 02:35:00,53.0
2022-08-07 02:36:00,50.0
2022-08-07 02:37:00,54.0
2022-08-07 02:38:00,52.0
2022-08-07 02:39:00,56.0
2022-08-07 02:40:00,55.0
2022-08-07 02:41:00,53.0
2022-08-07 02:42:00,57.0
2022-08-07 02:43:00,60.0
2022-08-07 02:44:00,58.0
2022-08-07 02:45:00,56.0
2022-08-07 02:46:00,60.0
2022-08-07 02:47:00,58.0
2022-08-07 02:48:00,58.0
2022-08-07 02:49:00,55.0
2022-08-07 02:50:00,56.0
2022-08-07 02:51:00,56.0
2022-08-07 02:52:00,57.0
2022-08-07 02:53:00,52.0
2022-08-07 02:54:00,53.0
2022-08-07 02:55:00,54.0
2022-08-07 02:56:00,53.0
2022-08-07 02:57:00,51.0
2022-08-07 02:58:00,52.0
2022-08-07 02:59:00,51.0
2022-08-07 03:00:00,52.0
2022-08-07 03:01:00,52.0
2022-08-07 03:02:00,50.0
2022-08-07 03:03:00,55.0
2022-08-07 03:04:00,53.0
2022-08-07 03:05:00,51.0
2022-08-07 03:06:00,51.0
2022-08-07 03:07:00,53.0
2022-08-07 03:08:00,54.0
2022-08-07 03:09:00,54.0
2022-08-07 03:10:00,51.0
2022-08-07 03:11:00,53.0
2022-08-07 03:12:00,53.0
2022-08-07 03:13:00,53.0
2022-08-07 03:14:00,55.0
2022-08-07 03:15:00,53.0
2022-08-07 03:16:00,51.0
2022-08-07 03:17:00,55.0
2022-08-07 03:18:00,52.0
2022-08-07 03:19:00,54.0
2022-08-07 03:20:00,49.0
2022-08-07 03:21:00,51.0
2022-08-07 03:22:00,52.0
2022-08-07 03:23:00,53.0
2022-08-07 03:24:00,53.0
2022-08-07 03:25:00,52.0
2022-08-07 03:26:00,56.0
2022-08-07 03:27:00,52.0
2022-08-07 03:28:00,52.0
2022-08-07 03:29:00,55.0
2022-08-07 03:30:00,49.0
2022-08-07 03:31:00,54.0
2022-08-07 03:32:00,52.0
2022-08-07 03:33:00,53.0
2022-08-07 03:34:00,51.0
2022-08-07 03:35:00,52.0
2022-08-07 03:36:00,52.0
2022-08-07 03:37:00,50.0
2022-08-07 03:38:00,52.0
2022-08-07 03:39:00,51.0
2022-08-07 03:40:00,52.0
2022-08-07 03:41:00,54.0
2022-08-07 03:42:00,51.0
2022-08-07 03:43:00,54.0
2022-08-07 03:44:00,54.0
2022-08-07 03:45:00,52.0
2022-08-07 03:46:00,53.0
2022-08-07 03:47:00,52.0
2022-08-07 03:48:00,49.0
2022-08-07 03:49:00,51.0
2022-08-07 03:50:00,53.0
2022-08-07 03:51:00,53.0
2022-08-07 03:52:00,53.0
2022-08-07 03:53:00,53.0
2022-08-07 03:54:00,51.0
2022-08-07 03:55:00,51.0
2022-08-07 03:56:00,57.0
2022-08-07 03:57:00,53.0
2022-08-07 03:58:00,50.0
2022-08-07 03:59:00,53.0
2022-08-07 04:00:00,52.0
2022-08-07 04:01:00,53.0
2022-08-07 04:02:00,51.0
2022-08-07 04:03:00,51.0
2022-08-07 04:04:00,50.0
2022-08-07 04:05:00,53.0
2022-08-07 04:06:00,57.0
2022-08-07 04:07:00,56.0
2022-08-07 04:08:00,53.0
2022-08-07 04:09:00,51.0
2022-08-07 04:10:00,55.0
2022-08-07 04:11:00,53.0
2022-08-07 04:12:00,55.0
2022-08-07 04:13:00,51.0
2022-08-07 04:14:00,54.0
2022-08-07 04:15:00,54.0
2022-08-07 04:16:00,53.0
2022-08-07 04:17:00,55.0
2022-08-07 04:18:00,58.0
2022-08-07 04:19:00,52.0
2022-08-07 04:20:00,53.0
2022-08-07 04:21:00,56.0
2022-08-07 04:22:00,54.0
2022-08-07 04:23:00,56.0
2022-08-07 04:24:00,56.0
2022-08-07 04:25:00,52.0
2022-08-07 04:26:00,52.0
2022-08-07 04:27:00,50.0
2022-08-07 04:28:00,48.0
2022-08-07 04:29:00,50.0
2022-08-07 04:30:00,51.0
2022-08-07 04:31:00,49.0
2022-08-07 04:32:00,51.0
2022-08-07 04:33:00,49.0
2022-08-07 04:34:00,51.0
2022-08-07 04:35:00,56.0
2022-08-07 04:36:00,49.0
2022-08-07 04:37:00,51.0
2022-08-07 04:38:00,52.0
2022-08-07 04:39:00,50.0
2022-08-07 04:40:00,52.0
2022-08-07 04:41:00,53.0
2022-08-07 04:42:00,51.0
2022-08-07 04:43:00,50.0
2022-08-07 04:44:00,50.0
2022-08-07 04:45:00,48.0
2022-08-07 04:46:00,51.0
2022-08-07 04:47:00,51.0
2022-08-07 04:48:00,48.0
2022-08-07 04:49:00,49.0
2022-08-07 04:50:00,50.0
2022-08-07 04:51:00,53.0
2022-08-07 04:52:00,56.0
2022-08-07 04:53:00,54.0
2022-08-07 04:54:00,53.0
2022-08-07 04:55:00,50.0
2022-08-07 04:56:00,52.0
2022-08-07 04:57:00,51.0
2022-08-07 04:58:00,53.0
2022-08-07 04:59:00,54.0
2022-08-07 05:00:00,55.0
2022-08-07 05:01:00,52.0
2022-08-07 05:02:00,51.0
2022-08-07 05:03:00,50.0
2022-08-07 05:04:00,50.0
2022-08-07 05:05:00,53.0
2022-08-07 05:06:00,54.0
2022-08-07 05:07:00,56.0
2022-08-07 05:08:00,54.0
2022-08-07 05:09:00,52.0
2022-08-07 05:10:00,54.0
2022-08-07 05:11:00,52.0
2022-08-07 05:12:00,54.0
2022-08-07 05:13:00,54.0
2022-08-07 05:14:00,54.0
2022-08-07 05:15:00,52.0
2022-08-07 05:16:00,52.0
2022-08-07 05:17:00,50.0
2022-08-07 05:18:00,54.0
2022-08-07 05:19:00,54.0
2022-08-07 05:20:00,52.0
2022-08-07 05:21:00,50.0
2022-08-07 05:22:00,57.0
2022-08-07 05:23:00,53.0
2022-08-07 05:24:00,51.0
2022-08-07 05:25:00,51.0
2022-08-07 05:26:00,50.0
2022-08-07 05:27:00,51.0
2022-08-07 05:28:00,49.0
2022-08-07 05:29:00,50.0
2022-08-07 05:30:00,52.0
2022-08-07 05:31:00,48.0
2022-08-07 05:32:00,51.0
2022-08-07 05:33:00,53.0
2022-08-07 05:34:00,51.0
2022-08-07 05:35:00,56.0
2022-08-07 05:36:00,54.0
2022-08-07 05:37:00,49.0
2022-08-07 05:38:00,53.0
2022-08-07 05:39:00,48.0
2022-08-07 05:40:00,55.0
2022-08-07 05:41:00,52.0
2022-08-07 05:42:00,49.0
2022-08-07 05:43:00,49.0
2022-08-07 05:44:00,49.0
2022-08-07 05:45:00,50.0
2022-08-07 05:46:00,49.0
2022-08-07 05:47:00,49.0
2022-08-07 05:48:00,50.0
2022-08-07 05:49:00,50.0
2022-08-07 05:50:00,48.0
2022-08-07 05:51:00,49.0
2022-08-07 05:52:00,52.0
2022-08-07 05:53:00,53.0
2022-08-07 05:54:00,50.0
2022-08-07 05:55:00,50.0
2022-08-07 05:56:00,50.0
2022-08-07 05:57:00,50.0
2022-08-07 05:58:00,49.0
2022-08-07 05:59:00,52.0
2022-08-07 06:00:00,52.0
2022-08-07 06:01:00,51.0
2022-08-07 06:02:00,55.0
2022-08-07 06:03:00,50.0
2022-08-07 06:04:00,54.0
2022-08-07 06:05:00,54.0
2022-08-07 06:06:00,53.0
2022-08-07 06:07:00,52.0
2022-08-07 06:08:00,52.0
2022-08-07 06:09:00,52.0
2022-08-07 06:10:00,54.0
2022-08-07 06:11:00,52.0
2022-08-07 06:12:00,52.0
2022-08-07 06:13:00,54.0
2022-08-07 06:14:00,53.0
2022-08-07 06:15:00,52.0
2022-08-07 06:16:00,53.0
2022-08-07 06:17:00,57.0
2022-08-07 06:18:00,56.0
2022-08-07 06:19:00,58.0
2022-08-07 06:20:00,57.0
2022-08-07 06:21:00,58.0
2022-08-07 06:22:00,56.0
2022-08-07 06:23:00,56.0
2022-08-07 06:24:00,54.0
2022-08-07 06:25:00,55.0
2022-08-07 06:26:00,54.0
2022-08-07 06:27:00,56.0
2022-08-07 06:28:00,52.0
2022-08-07 06:29:00,51.0
2022-08-07 06:30:00,54.0
2022-08-07 06:31:00,52.0
2022-08-07 06:32:00,52.0
2022-08-07 06:33:00,58.0
2022-08-07 06:34:00,54.0
2022-08-07 06:35:00,53.0
2022-08-07 06:36:00,56.0
2022-08-07 06:37:00,56.0
2022-08-07 06:38:00,55.0
2022-08-07 06:39:00,56.0
2022-08-07 06:40:00,54.0
2022-08-07 06:41:00,56.0
2022-08-07 06:42:00,53.0
2022-08-07 06:43:00,54.0
2022-08-07 06:44:00,55.0
2022-08-07 06:45:00,56.0
2022-08-07 06:46:00,56.0
2022-08-07 06:47:00,54.0
2022-08-07 06:48:00,54.0
2022-08-07 06:49:00,55.0
2022-08-07 06:50:00,53.0
2022-08-07 06:51:00,54.0
2022-08-07 06:52:00,54.0
2022-08-07 06:53:00,56.0
2022-08-07 06:54:00,57.0
2022-08-07 06:55:00,54.0
2022-08-07 06:56:00,54.0
2022-08-07 06:57:00,52.0
2022-08-07 06:58:00,57.0
2022-08-07 06:59:00,57.0
2022-08-07 07:00:00,58.0
2022-08-07 07:01:00,58.0
2022-08-07 07:02:00,57.0
2022-08-07 07:03:00,57.0
2022-08-07 07:04:00,57.0
2022-08-07 07:05:00,57.0
2022-08-07 07:06:00,58.0
2022-08-07 07:07:00,58.0
2022-08-07 07:08:00,56.0
2022-08-07 07:09:00,54.0
2022-08-07 07:10:00,52.0
2022-08-07 07:11:00,53.0
2022-08-07 07:12:00,55.0
2022-08-07 07:13:00,57.0
2022-08-07 07:14:00,54.0
2022-08-07 07:15:00,57.0
2022-08-07 07:16:00,54.0
2022-08-07 07:17:00,53.0
2022-08-07 07:18:00,56.0
2022-08-07 07:19:00,55.0
2022-08-07 07:20:00,50.0
2022-08-07 07:21:00,50.0
2022-08-07 07:22:00,56.0
2022-08-07 07:23:00,53.0
2022-08-07 07:24:00,55.0
2022-08-07 07:25:00,56.0
2022-08-07 07:26:00,54.0
2022-08-07 07:27:00,56.0
2022-08-07 07:28:00,51.0
2022-08-07 07:29:00,53.0
2022-08-07 07:30:00,52.0
2022-08-07 07:31:00,57.0
2022-08-07 07:32:00,52.0
2022-08-07 07:33:00,54.0
2022-08-07 07:34:00,60.0
2022-08-07 07:35:00,53.0
2022-08-07 07:36:00,51.0
2022-08-07 07:37:00,55.0
2022-08-07 07:38:00,53.0
2022-08-07 07:39:00,58.0
2022-08-07 07:40:00,57.0
2022-08-07 07:41:00,53.0
2022-08-07 07:42:00,53.0
2022-08-07 07:43:00,53.0
2022-08-07 07:44:00,54.0
2022-08-07 07:45:00,55.0
2022-08-07 07:46:00,56.0
2022-08-07 07:47:00,53.0
2022-08-07 07:48:00,60.0
2022-08-07 07:49:00,58.0
2022-08-07 07:50:00,59.0
2022-08-07 07:51:00,60.0
2022-08-07 07:52:00,60.0
2022-08-07 07:53:00,58.0
2022-08-07 07:54:00,61.0
2022-08-07 07:55:00,59.0
2022-08-07 07:56:00,59.0
2022-08-07 07:57:00,60.0
2022-08-07 07:58:00,54.0
2022-08-07 07:59:00,56.0
2022-08-07 08:00:00,52.0
2022-08-07 08:01:00,54.0
2022-08-07 08:02:00,52.0
2022-08-07 08:03:00,53.0
2022-08-07 08:04:00,57.0
2022-08-07 08:05:00,57.0
2022-08-07 08:06:00,56.0
2022-08-07 08:07:00,62.0
2022-08-07 08:08:00,62.0
2022-08-07 08:09:00,60.0
2022-08-07 08:10:00,61.0
2022-08-07 08:11:00,61.0
2022-08-07 08:12:00,61.0
2022-08-07 08:13:00,61.0
2022-08-07 08:14:00,63.0
2022-08-07 08:15:00,60.0
2022-08-07 08:16:00,61.0
2022-08-07 08:17:00,62.0
2022-08-07 08:18:00,60.0
2022-08-07 08:19:00,60.0
2022-08-07 08:20:00,63.0
2022-08-07 08:21:00,60.0
2022-08-07 08:22:00,59.0
2022-08-07 08:23:00,61.0
2022-08-07 08:24:00,60.0
2022-08-07 08:25:00,60.0
2022-08-07 08:26:00,62.0
2022-08-07 08:27:00,60.0
2022-08-07 08:28:00,60.0
2022-08-07 08:29:00,62.0
2022-08-07 08:30:00,60.0
2022-08-07 08:31:00,61.0
2022-08-07 08:32:00,62.0
2022-08-07 08:33:00,63.0
2022-08-07 08:34:00,60.0
2022-08-07 08:35:00,60.0
2022-08-07 08:36:00,61.0
2022-08-07 08:37:00,61.0
2022-08-07 08:38:00,60.0
2022-08-07 08:39:00,62.0
2022-08-07 08:40:00,60.0
2022-08-07 08:41:00,61.0
2022-08-07 08:42:00,62.0
2022-08-07 08:43:00,60.0
2022-08-07 08:44:00,62.0
2022-08-07 08:45:00,60.0
2022-08-07 08:46:00,62.0
2022-08-07 08:47:00,62.0
2022-08-07 08:48:00,62.0
2022-08-07 08:49:00,61.0
2022-08-07 08:50:00,62.0
2022-08-07 08:51:00,62.0
2022-08-07 08:52:00,60.0
2022-08-07 08:53:00,61.0
2022-08-07 08:54:00,61.0
2022-08-07 08:55:00,60.0
2022-08-07 08:56:00,60.0
2022-08-07 08:57:00,60.0
2022-08-07 08:58:00,62.0
2022-08-07 08:59:00,62.0
2022-08-07 09:00:00,62.0
2022-08-07 09:01:00,62.0
2022-08-07 09:02:00,61.0
2022-08-07 09:03:00,62.0
2022-08-07 09:04:00,60.0
2022-08-07 09:05:00,62.0
2022-08-07 09:06:00,62.0
2022-08-07 09:07:00,63.0
2022-08-07 09:08:00,62.0
2022-08-07 09:09:00,62.0
2022-08-07 09:10:00,62.0
2022-08-07 09:11:00,60.0
2022-08-07 09:12:00,63.0
2022-08-07 09:13:00,62.0
2022-08-07 09:14:00,61.0
2022-08-07 09:15:00,61.0
2022-08-07 09:16:00,59.0
2022-08-07 09:17:00,62.0
2022-08-07 09:18:00,62.0
2022-08-07 09:19:00,61.0
2022-08-07 09:20:00,62.0
2022-08-07 09:21:00,60.0
2022-08-07 09:22:00,60.0
2022-08-07 09:23:00,62.0
2022-08-07 09:24:00,62.0
2022-08-07 09:25:00,61.0
2022-08-07 09:26:00,60.0
2022-08-07 09:27:00,55.0
2022-08-07 09:28:00,55.0
2022-08-07 09:29:00,54.0
2022-08-07 09:30:00,59.0
2022-08-07 09:31:00,57.0
2022-08-07 09:32:00,59.0
2022-08-07 09:33:00,54.0
2022-08-07 09:34:00,60.0
2022-08-07 09:35:00,51.0
2022-08-07 09:36:00,53.0
2022-08-07 09:37:00,53.0
2022-08-07 09:38:00,58.0
2022-08-07 09:39:00,67.0
2022-08-07 09:40:00,65.0
2022-08-07 09:41:00,57.0
2022-08-07 09:42:00,55.0
2022-08-07 09:43:00,55.0
2022-08-07 09:44:00,57.0
2022-08-07 09:45:00,55.0
2022-08-07 09:46:00,66.0
2022-08-07 09:47:00,58.0
2022-08-07 09:48:00,54.0
2022-08-07 09:49:00,55.0
2022-08-07 09:50:00,53.0
2022-08-07 09:51:00,59.0
2022-08-07 09:52:00,56.0
2022-08-07 09:53:00,58.0
2022-08-07 09:54:00,56.0
2022-08-07 09:55:00,53.0
2022-08-07 09:56:00,53.0
2022-08-07 09:57:00,54.0
2022-08-07 09:58:00,55.0
2022-08-07 09:59:00,58.0
2022-08-07 10:00:00,56.0
2022-08-07 10:01:00,58.0
2022-08-07 10:02:00,62.0
2022-08-07 10:03:00,57.0
2022-08-07 10:04:00,62.0
2022-08-07 10:05:00,58.0
2022-08-07 10:06:00,59.0
2022-08-07 10:07:00,55.0
2022-08-07 10:08:00,54.0
2022-08-07 10:09:00,53.0
2022-08-07 10:10:00,60.0
2022-08-07 10:11:00,62.0
2022-08-07 10:12:00,67.0
2022-08-07 10:13:00,55.0
2022-08-07 10:14:00,54.0
2022-08-07 10:15:00,55.0
2022-08-07 10:16:00,55.0
2022-08-07 10:17:00,60.0
2022-08-07 10:18:00,62.0
2022-08-07 10:19:00,61.0
2022-08-07 10:20:00,61.0
2022-08-07 10:21:00,62.0
2022-08-07 10:22:00,60.0
2022-08-07 10:23:00,62.0
2022-08-07 10:24:00,62.0
2022-08-07 10:25:00,60.0
2022-08-07 10:26:00,62.0
2022-08-07 10:27:00,65.0
2022-08-07 10:28:00,63.0
2022-08-07 10:29:00,65.0
2022-08-07 10:30:00,63.0
2022-08-07 10:31:00,62.0
2022-08-07 10:32:00,63.0
2022-08-07 10:33:00,62.0
2022-08-07 10:34:00,61.0
2022-08-07 10:35:00,62.0
2022-08-07 10:36:00,62.0
2022-08-07 10:37:00,61.0
2022-08-07 10:38:00,63.0
2022-08-07 10:39:00,62.0
2022-08-07 10:40:00,60.0
2022-08-07 10:41:00,62.0
2022-08-07 10:42:00,65.0
2022-08-07 10:43:00,62.0
2022-08-07 10:44:00,62.0
2022-08-07 10:45:00,62.0
2022-08-07 10:46:00,62.0
2022-08-07 10:47:00,60.0
2022-08-07 10:48:00,55.0
2022-08-07 10:49:00,54.0
2022-08-07 10:50:00,58.0
2022-08-07 10:51:00,59.0
2022-08-07 10:52:00,59.0
2022-08-07 10:53:00,63.0
2022-08-07 10:54:00,54.0
2022-08-07 10:55:00,58.0
2022-08-07 10:56:00,58.0
2022-08-07 10:57:00,62.0
2022-08-07 10:58:00,64.0
2022-08-07 10:59:00,61.0
2022-08-07 11:00:00,56.0
2022-08-07 11:01:00,60.0
2022-08-07 11:02:00,56.0
2022-08-07 11:03:00,57.0
2022-08-07 11:04:00,57.0
2022-08-07 11:05:00,62.0
2022-08-07 11:06:00,65.0
2022-08-07 11:07:00,60.0
2022-08-07 11:08:00,60.0
2022-08-07 11:09:00,58.0
2022-08-07 11:10:00,61.0
2022-08-07 11:11:00,60.0
2022-08-07 11:12:00,62.0
2022-08-07 11:13:00,55.0
2022-08-07 11:14:00,55.0
2022-08-07 11:15:00,57.0
2022-08-07 11:16:00,58.0
2022-08-07 11:17:00,60.0
2022-08-07 11:18:00,62.0
2022-08-07 11:19:00,60.0
2022-08-07 11:20:00,66.0
2022-08-07 11:21:00,64.0
2022-08-07 11:22:00,62.0
2022-08-07 11:23:00,65.0
2022-08-07 11:24:00,61.0
2022-08-07 11:25:00,61.0
2022-08-07 11:26:00,64.0
2022-08-07 11:27:00,64.0
2022-08-07 11:28:00,62.0
2022-08-07 11:29:00,64.0
2022-08-07 11:30:00,64.0
2022-08-07 11:31:00,66.0
2022-08-07 11:32:00,64.0
2022-08-07 11:33:00,66.0
2022-08-07 11:34:00,64.0
2022-08-07 11:35:00,66.0
2022-08-07 11:36:00,68.0
2022-08-07 11:37:00,64.0
2022-08-07 11:38:00,64.0
2022-08-07 11:39:00,65.0
2022-08-07 11:40:00,66.0
2022-08-07 11:41:00,64.0
2022-08-07 11:42:00,65.0
2022-08-07 11:43:00,64.0
2022-08-07 11:44:00,64.0
2022-08-07 11:45:00,64.0
2022-08-07 11:46:00,64.0
2022-08-07 11:47:00,64.0
2022-08-07 11:48:00,64.0
2022-08-07 11:49:00,60.0
2022-08-07 11:50:00,60.0
2022-08-07 11:51:00,59.0
2022-08-07 11:52:00,62.0
2022-08-07 11:53:00,58.0
2022-08-07 11:54:00,56.0
2022-08-07 11:55:00,56.0
2022-08-07 11:56:00,59.0
2022-08-07 11:57:00,65.0
2022-08-07 11:58:00,62.0
2022-08-07 11:59:00,62.0
2022-08-07 12:00:00,58.0
2022-08-07 12:01:00,55.0
2022-08-07 12:02:00,54.0
2022-08-07 12:03:00,59.0
2022-08-07 12:04:00,59.0
2022-08-07 12:05:00,62.0
2022-08-07 12:06:00,67.0
2022-08-07 12:07:00,64.0
2022-08-07 12:08:00,65.0
2022-08-07 12:09:00,62.0
2022-08-07 12:10:00,64.0
2022-08-07 12:11:00,62.0
2022-08-07 12:12:00,67.0
2022-08-07 12:13:00,64.0
2022-08-07 12:14:00,64.0
2022-08-07 12:15:00,60.0
2022-08-07 12:16:00,68.0
2022-08-07 12:17:00,64.0
2022-08-07 12:18:00,64.0
2022-08-07 12:19:00,65.0
2022-08-07 12:20:00,62.0
2022-08-07 12:21:00,64.0
2022-08-07 12:22:00,63.0
2022-08-07 12:23:00,64.0
2022-08-07 12:24:00,64.0
2022-08-07 12:25:00,63.0
2022-08-07 12:26:00,62.0
2022-08-07 12:27:00,60.0
2022-08-07 12:28:00,68.0
2022-08-07 12:29:00,60.0
2022-08-07 12:30:00,64.0
2022-08-07 12:31:00,62.0
2022-08-07 12:32:00,64.0
2022-08-07 12:33:00,61.0
2022-08-07 12:34:00,61.0
2022-08-07 12:35:00,57.0
2022-08-07 12:36:00,56.0
2022-08-07 12:37:00,58.0
2022-08-07 12:38:00,68.0
2022-08-07 12:39:00,68.0
2022-08-07 12:40:00,65.0
2022-08-07 12:41:00,62.0
2022-08-07 12:42:00,58.0
2022-08-07 12:43:00,69.0
2022-08-07 12:44:00,63.0
2022-08-07 12:45:00,64.0
2022-08-07 12:46:00,72.0
2022-08-07 12:47:00,74.0
2022-08-07 12:48:00,64.0
2022-08-07 12:49:00,65.0
2022-08-07 12:50:00,67.0
2022-08-07 12:51:00,64.0
2022-08-07 12:52:00,65.0
2022-08-07 12:53:00,59.0
2022-08-07 12:54:00,60.0
2022-08-07 12:55:00,57.0
2022-08-07 12:56:00,60.0
2022-08-07 12:57:00,66.0
2022-08-07 12:58:00,64.0
2022-08-07 12:59:00,62.0
2022-08-07 13:00:00,64.0
2022-08-07 13:01:00,64.0
2022-08-07 13:02:00,62.0
2022-08-07 13:03:00,63.0
2022-08-07 13:04:00,64.0
2022-08-07 13:05:00,63.0
2022-08-07 13:06:00,63.0
2022-08-07 13:07:00,64.0
2022-08-07 13:08:00,58.0
2022-08-07 13:09:00,60.0
2022-08-07 13:10:00,59.0
2022-08-07 13:11:00,64.0
2022-08-07 13:12:00,68.0
2022-08-07 13:13:00,68.0
2022-08-07 13:14:00,67.0
2022-08-07 13:15:00,65.0
2022-08-07 13:16:00,60.0
2022-08-07 13:17:00,62.0
2022-08-07 13:18:00,61.0
2022-08-07 13:19:00,62.0
2022-08-07 13:20:00,62.0
2022-08-07 13:21:00,63.0
2022-08-07 13:22:00,64.0
2022-08-07 13:23:00,62.0
2022-08-07 13:24:00,63.0
2022-08-07 13:25:00,62.0
2022-08-07 13:26:00,65.0
2022-08-07 13:27:00,62.0
2022-08-07 13:28:00,64.0
2022-08-07 13:29:00,65.0
2022-08-07 13:30:00,65.0
2022-08-07 13:31:00,63.0
2022-08-07 13:32:00,64.0
2022-08-07 13:33:00,66.0
2022-08-07 13:34:00,64.0
2022-08-07 13:35:00,64.0
2022-08-07 13:36:00,65.0
2022-08-07 13:37:00,64.0
2022-08-07 13:38:00,67.0
2022-08-07 13:39:00,66.0
2022-08-07 13:40:00,66.0
2022-08-07 13:41:00,69.0
2022-08-07 13:42:00,65.0
2022-08-07 13:43:00,69.0
2022-08-07 13:44:00,67.0
2022-08-07 13:45:00,68.0
2022-08-07 13:46:00,68.0
2022-08-07 13:47:00,70.0
2022-08-07 13:48:00,74.0
2022-08-07 13:49:00,67.0
2022-08-07 13:50:00,57.0
2022-08-07 13:51:00,72.0
2022-08-07 13:52:00,76.0
2022-08-07 13:53:00,71.0
2022-08-07 13:54:00,60.0
2022-08-07 13:55:00,72.0
2022-08-07 13:56:00,60.0
2022-08-07 13:57:00,63.0
2022-08-07 13:58:00,65.0
2022-08-07 13:59:00,62.0
2022-08-07 14:00:00,65.0
2022-08-07 14:01:00,72.0
2022-08-07 14:02:00,65.0
2022-08-07 14:03:00,58.0
2022-08-07 14:04:00,58.0
2022-08-07 14:05:00,60.0
2022-08-07 14:06:00,65.0
2022-08-07 14:07:00,64.0
2022-08-07 14:08:00,62.0
2022-08-07 14:09:00,61.0
2022-08-07 14:10:00,64.0
2022-08-07 14:11:00,61.0
2022-08-07 14:12:00,65.0
2022-08-07 14:13:00,64.0
2022-08-07 14:14:00,62.0
2022-08-07 14:15:00,62.0
2022-08-07 14:16:00,62.0
2022-08-07 14:17:00,62.0
2022-08-07 14:18:00,64.0
2022-08-07 14:19:00,64.0
2022-08-07 14:20:00,64.0
2022-08-07 14:21:00,62.0
2022-08-07 14:22:00,64.0
2022-08-07 14:23:00,63.0
2022-08-07 14:24:00,64.0
2022-08-07 14:25:00,66.0
2022-08-07 14:26:00,62.0
2022-08-07 14:27:00,64.0
2022-08-07 14:28:00,65.0
2022-08-07 14:29:00,62.0
2022-08-07 14:30:00,65.0
2022-08-07 14:31:00,64.0
2022-08-07 14:32:00,64.0
2022-08-07 14:33:00,65.0
2022-08-07 14:34:00,64.0
2022-08-07 14:35:00,65.0
2022-08-07 14:36:00,65.0
2022-08-07 14:37:00,64.0
2022-08-07 14:38:00,66.0
2022-08-07 14:39:00,62.0
2022-08-07 14:40:00,58.0
2022-08-07 14:41:00,54.0
2022-08-07 14:42:00,55.0
2022-08-07 14:43:00,61.0
2022-08-07 14:44:00,59.0
2022-08-07 14:45:00,61.0
2022-08-07 14:46:00,64.0
2022-08-07 14:47:00,64.0
2022-08-07 14:48:00,56.0
2022-08-07 14:49:00,60.0
2022-08-07 14:50:00,64.0
2022-08-07 14:51:00,61.0
2022-08-07 14:52:00,66.0
2022-08-07 14:53:00,65.0
2022-08-07 14:54:00,57.0
2022-08-07 14:55:00,59.0
2022-08-07 14:56:00,56.0
2022-08-07 14:57:00,58.0
2022-08-07 14:58:00,66.0
2022-08-07 14:59:00,66.0
2022-08-07 15:00:00,63.0
2022-08-07 15:01:00,64.0
2022-08-07 15:02:00,60.0
2022-08-07 15:03:00,60.0
2022-08-07 15:04:00,60.0
2022-08-07 15:05:00,61.0
2022-08-07 15:06:00,63.0
2022-08-07 15:07:00,56.0
2022-08-07 15:08:00,60.0
2022-08-07 15:09:00,56.0
2022-08-07 15:10:00,58.0
2022-08-07 15:11:00,59.0
2022-08-07 15:12:00,58.0
2022-08-07 15:13:00,57.0
2022-08-07 15:14:00,56.0
2022-08-07 15:15:00,56.0
2022-08-07 15:16:00,58.0
2022-08-07 15:17:00,60.0
2022-08-07 15:18:00,60.0
2022-08-07 15:19:00,63.0
2022-08-07 15:20:00,55.0
2022-08-07 15:21:00,58.0
2022-08-07 15:22:00,60.0
2022-08-07 15:23:00,60.0
2022-08-07 15:24:00,67.0
2022-08-07 15:25:00,63.0
2022-08-07 15:26:00,61.0
2022-08-07 15:27:00,67.0
2022-08-07 15:28:00,63.0
2022-08-07 15:29:00,64.0
2022-08-07 15:30:00,66.0
2022-08-07 15:31:00,64.0
2022-08-07 15:32:00,64.0
2022-08-07 15:33:00,66.0
2022-08-07 15:34:00,64.0
2022-08-07 15:35:00,65.0
2022-08-07 15:36:00,64.0
2022-08-07 15:37:00,65.0
2022-08-07 15:38:00,62.0
2022-08-07 15:39:00,59.0
2022-08-07 15:40:00,58.0
2022-08-07 15:41:00,57.0
2022-08-07 15:42:00,55.0
2022-08-07 15:43:00,56.0
2022-08-07 15:44:00,55.0
2022-08-07 15:45:00,60.0
2022-08-07 15:46:00,60.0
2022-08-07 15:47:00,61.0
2022-08-07 15:48:00,59.0
2022-08-07 15:49:00,58.0
2022-08-07 15:50:00,55.0
2022-08-07 15:51:00,60.0
2022-08-07 15:52:00,60.0
2022-08-07 15:53:00,60.0
2022-08-07 15:54:00,55.0
2022-08-07 15:55:00,61.0
2022-08-07 15:56:00,56.0
2022-08-07 15:57:00,57.0
2022-08-07 15:58:00,59.0
2022-08-07 15:59:00,57.0
2022-08-07 16:00:00,60.0
2022-08-07 16:01:00,57.0
2022-08-07 16:02:00,62.0
2022-08-07 16:03:00,58.0
2022-08-07 16:04:00,60.0
2022-08-07 16:05:00,57.0
2022-08-07 16:06:00,58.0
2022-08-07 16:07:00,62.0
2022-08-07 16:08:00,62.0
2022-08-07 16:09:00,63.0
2022-08-07 16:10:00,63.0
2022-08-07 16:11:00,63.0
2022-08-07 16:12:00,62.0
2022-08-07 16:13:00,62.0
2022-08-07 16:14:00,64.0
2022-08-07 16:15:00,62.0
2022-08-07 16:16:00,66.0
2022-08-07 16:17:00,62.0
2022-08-07 16:18:00,63.0
2022-08-07 16:19:00,64.0
2022-08-07 16:20:00,68.0
2022-08-07 16:21:00,66.0
2022-08-07 16:22:00,64.0
2022-08-07 16:23:00,62.0
2022-08-07 16:24:00,63.0
2022-08-07 16:25:00,64.0
2022-08-07 16:26:00,62.0
2022-08-07 16:27:00,62.0
2022-08-07 16:28:00,64.0
2022-08-07 16:29:00,64.0
2022-08-07 16:30:00,66.0
2022-08-07 16:31:00,63.0
2022-08-07 16:32:00,64.0
2022-08-07 16:33:00,64.0
2022-08-07 16:34:00,62.0
2022-08-07 16:35:00,64.0
2022-08-07 16:36:00,64.0
2022-08-07 16:37:00,66.0
2022-08-07 16:38:00,63.0
2022-08-07 16:39:00,66.0
2022-08-07 16:40:00,64.0
2022-08-07 16:41:00,64.0
2022-08-07 16:42:00,63.0
2022-08-07 16:43:00,65.0
2022-08-07 16:44:00,66.0
2022-08-07 16:45:00,67.0
2022-08-07 16:46:00,66.0
2022-08-07 16:47:00,65.0
2022-08-07 16:48:00,66.0
2022-08-07 16:49:00,65.0
2022-08-07 16:50:00,64.0
2022-08-07 16:51:00,64.0
2022-08-07 16:52:00,62.0
2022-08-07 16:53:00,64.0
2022-08-07 16:54:00,62.0
2022-08-07 16:55:00,64.0
2022-08-07 16:56:00,64.0
2022-08-07 16:57:00,64.0
2022-08-07 16:58:00,63.0
2022-08-07 16:59:00,66.0
2022-08-07 17:00:00,66.0
2022-08-07 17:01:00,67.0
2022-08-07 17:02:00,66.0
2022-08-07 17:03:00,66.0
2022-08-07 17:04:00,66.0
2022-08-07 17:05:00,66.0
2022-08-07 17:06:00,62.0
2022-08-07 17:07:00,65.0
2022-08-07 17:08:00,64.0
2022-08-07 17:09:00,62.0
2022-08-07 17:10:00,63.0
2022-08-07 17:11:00,65.0
2022-08-07 17:12:00,64.0
2022-08-07 17:13:00,64.0
2022-08-07 17:14:00,64.0
2022-08-07 17:15:00,64.0
2022-08-07 17:16:00,64.0
2022-08-07 17:17:00,64.0
2022-08-07 17:18:00,64.0
2022-08-07 17:19:00,62.0
2022-08-07 17:20:00,64.0
2022-08-07 17:21:00,64.0
2022-08-07 17:22:00,66.0
2022-08-07 17:23:00,66.0
2022-08-07 17:24:00,64.0
2022-08-07 17:25:00,62.0
2022-08-07 17:26:00,62.0
2022-08-07 17:27:00,62.0
2022-08-07 17:28:00,62.0
2022-08-07 17:29:00,64.0
2022-08-07 17:30:00,63.0
2022-08-07 17:31:00,61.0
2022-08-07 17:32:00,62.0
2022-08-07 17:33:00,62.0
2022-08-07 17:34:00,63.0
2022-08-07 17:35:00,65.0
2022-08-07 17:36:00,64.0
2022-08-07 17:37:00,63.0
2022-08-07 17:38:00,63.0
2022-08-07 17:39:00,63.0
2022-08-07 17:40:00,62.0
2022-08-07 17:41:00,60.0
2022-08-07 17:42:00,62.0
2022-08-07 17:43:00,62.0
2022-08-07 17:44:00,63.0
2022-08-07 17:45:00,64.0
2022-08-07 17:46:00,63.0
2022-08-07 17:47:00,65.0
2022-08-07 17:48:00,63.0
2022-08-07 17:49:00,64.0
2022-08-07 17:50:00,64.0
2022-08-07 17:51:00,64.0
2022-08-07 17:52:00,63.0
2022-08-07 17:53:00,62.0
2022-08-07 17:54:00,63.0
2022-08-07 17:55:00,64.0
2022-08-07 17:56:00,63.0
2022-08-07 17:57:00,64.0
2022-08-07 17:58:00,64.0
2022-08-07 17:59:00,64.0
2022-08-07 18:00:00,66.0
2022-08-07 18:01:00,68.0
2022-08-07 18:02:00,66.0
2022-08-07 18:03:00,64.0
2022-08-07 18:04:00,63.0
2022-08-07 18:05:00,65.0
2022-08-07 18:06:00,66.0
2022-08-07 18:07:00,62.0
2022-08-07 18:08:00,62.0
2022-08-07 18:09:00,66.0
2022-08-07 18:10:00,64.0
2022-08-07 18:11:00,63.0
2022-08-07 18:12:00,64.0
2022-08-07 18:13:00,63.0
2022-08-07 18:14:00,62.0
2022-08-07 18:15:00,62.0
2022-08-07 18:16:00,63.0
2022-08-07 18:17:00,64.0
2022-08-07 18:18:00,64.0
2022-08-07 18:19:00,61.0
2022-08-07 18:20:00,64.0
2022-08-07 18:21:00,65.0
2022-08-07 18:22:00,62.0
2022-08-07 18:23:00,62.0
2022-08-07 18:24:00,62.0
2022-08-07 18:25:00,64.0
2022-08-07 18:26:00,62.0
2022-08-07 18:27:00,63.0
2022-08-07 18:28:00,63.0
2022-08-07 18:29:00,67.0
2022-08-07 18:30:00,66.0
2022-08-07 18:31:00,63.0
2022-08-07 18:32:00,66.0
2022-08-07 18:33:00,64.0
2022-08-07 18:34:00,64.0
2022-08-07 18:35:00,63.0
2022-08-07 18:36:00,62.0
2022-08-07 18:37:00,60.0
2022-08-07 18:38:00,61.0
2022-08-07 18:39:00,63.0
2022-08-07 18:40:00,62.0
2022-08-07 18:41:00,62.0
2022-08-07 18:42:00,62.0
2022-08-07 18:43:00,63.0
2022-08-07 18:44:00,61.0
2022-08-07 18:45:00,62.0
2022-08-07 18:46:00,64.0
2022-08-07 18:47:00,64.0
2022-08-07 18:48:00,64.0
2022-08-07 18:49:00,62.0
2022-08-07 18:50:00,62.0
2022-08-07 18:51:00,62.0
2022-08-07 18:52:00,60.0
2022-08-07 18:53:00,60.0
2022-08-07 18:54:00,62.0
2022-08-07 18:55:00,62.0
2022-08-07 18:56:00,60.0
2022-08-07 18:57:00,62.0
2022-08-07 18:58:00,62.0
2022-08-07 18:59:00,60.0
2022-08-07 19:00:00,60.0
2022-08-07 19:01:00,63.0
2022-08-07 19:02:00,62.0
2022-08-07 19:03:00,61.0
2022-08-07 19:04:00,62.0
2022-08-07 19:05:00,63.0
2022-08-07 19:06:00,62.0
2022-08-07 19:07:00,62.0
2022-08-07 19:08:00,66.0
2022-08-07 19:09:00,60.0
2022-08-07 19:10:00,60.0
2022-08-07 19:11:00,65.0
2022-08-07 19:12:00,62.0
2022-08-07 19:13:00,62.0
2022-08-07 19:14:00,62.0
2022-08-07 19:15:00,62.0
2022-08-07 19:16:00,62.0
2022-08-07 19:17:00,62.0
2022-08-07 19:18:00,62.0
2022-08-07 19:19:00,60.0
2022-08-07 19:20:00,61.0
2022-08-07 19:21:00,62.0
2022-08-07 19:22:00,62.0
2022-08-07 19:23:00,62.0
2022-08-07 19:24:00,62.0
2022-08-07 19:25:00,61.0
2022-08-07 19:26:00,61.0
2022-08-07 19:27:00,63.0
2022-08-07 19:28:00,62.0
2022-08-07 19:29:00,62.0
2022-08-07 19:30:00,63.0
2022-08-07 19:31:00,62.0
2022-08-07 19:32:00,60.0
2022-08-07 19:33:00,62.0
2022-08-07 19:34:00,61.0
2022-08-07 19:35:00,60.0
2022-08-07 19:36:00,61.0
2022-08-07 19:37:00,60.0
2022-08-07 19:38:00,59.0
2022-08-07 19:39:00,61.0
2022-08-07 19:40:00,60.0
2022-08-07 19:41:00,61.0
2022-08-07 19:42:00,60.0
2022-08-07 19:43:00,60.0
2022-08-07 19:44:00,62.0
2022-08-07 19:45:00,62.0
2022-08-07 19:46:00,62.0
2022-08-07 19:47:00,60.0
2022-08-07 19:48:00,62.0
2022-08-07 19:49:00,62.0
2022-08-07 19:50:00,60.0
2022-08-07 19:51:00,60.0
2022-08-07 19:52:00,58.0
2022-08-07 19:53:00,60.0
2022-08-07 19:54:00,61.0
2022-08-07 19:55:00,60.0
2022-08-07 19:56:00,58.0
2022-08-07 19:57:00,61.0
2022-08-07 19:58:00,59.0
2022-08-07 19:59:00,58.0
2022-08-07 20:00:00,60.0
2022-08-07 20:01:00,58.0
2022-08-07 20:02:00,59.0
2022-08-07 20:03:00,60.0
2022-08-07 20:04:00,59.0
2022-08-07 20:05:00,60.0
2022-08-07 20:06:00,60.0
2022-08-07 20:07:00,58.0
2022-08-07 20:08:00,60.0
2022-08-07 20:09:00,60.0
2022-08-07 20:10:00,58.0
2022-08-07 20:11:00,60.0
2022-08-07 20:12:00,60.0
2022-08-07 20:13:00,58.0
2022-08-07 20:14:00,60.0
2022-08-07 20:15:00,60.0
2022-08-07 20:16:00,58.0
2022-08-07 20:17:00,59.0
2022-08-07 20:18:00,58.0
2022-08-07 20:19:00,58.0
2022-08-07 20:20:00,60.0
2022-08-07 20:21:00,58.0
2022-08-07 20:22:00,60.0
2022-08-07 20:23:00,60.0
2022-08-07 20:24:00,58.0
2022-08-07 20:25:00,61.0
2022-08-07 20:26:00,61.0
2022-08-07 20:27:00,62.0
2022-08-07 20:28:00,60.0
2022-08-07 20:29:00,60.0
2022-08-07 20:30:00,59.0
2022-08-07 20:31:00,56.0
2022-08-07 20:32:00,60.0
2022-08-07 20:33:00,59.0
2022-08-07 20:34:00,60.0
2022-08-07 20:35:00,59.0
2022-08-07 20:36:00,60.0
2022-08-07 20:37:00,58.0
2022-08-07 20:38:00,60.0
2022-08-07 20:39:00,59.0
2022-08-07 20:40:00,56.0
2022-08-07 20:41:00,59.0
2022-08-07 20:42:00,62.0
2022-08-07 20:43:00,56.0
2022-08-07 20:44:00,58.0
2022-08-07 20:45:00,59.0
2022-08-07 20:46:00,58.0
2022-08-07 20:47:00,58.0
2022-08-07 20:48:00,60.0
2022-08-07 20:49:00,58.0
2022-08-07 20:50:00,58.0
2022-08-07 20:51:00,62.0
2022-08-07 20:52:00,62.0
2022-08-07 20:53:00,59.0
2022-08-07 20:54:00,61.0
2022-08-07 20:55:00,62.0
2022-08-07 20:56:00,60.0
2022-08-07 20:57:00,60.0
2022-08-07 20:58:00,58.0
2022-08-07 20:59:00,61.0
2022-08-07 21:00:00,59.0
2022-08-07 21:01:00,60.0
2022-08-07 21:02:00,60.0
2022-08-07 21:03:00,61.0
2022-08-07 21:04:00,58.0
2022-08-07 21:05:00,60.0
2022-08-07 21:06:00,60.0
2022-08-07 21:07:00,58.0
2022-08-07 21:08:00,58.0
2022-08-07 21:09:00,57.0
2022-08-07 21:10:00,58.0
2022-08-07 21:11:00,58.0
2022-08-07 21:12:00,58.0
2022-08-07 21:13:00,54.0
2022-08-07 21:14:00,59.0
2022-08-07 21:15:00,59.0
2022-08-07 21:16:00,56.0
2022-08-07 21:17:00,54.0
2022-08-07 21:18:00,54.0
2022-08-07 21:19:00,55.0
2022-08-07 21:20:00,56.0
2022-08-07 21:21:00,57.0
2022-08-07 21:22:00,57.0
2022-08-07 21:23:00,56.0
2022-08-07 21:24:00,54.0
2022-08-07 21:25:00,58.0
2022-08-07 21:26:00,56.0
2022-08-07 21:27:00,61.0
2022-08-07 21:28:00,60.0
2022-08-07 21:29:00,59.0
2022-08-07 21:30:00,60.0
2022-08-07 21:31:00,59.0
2022-08-07 21:32:00,58.0
2022-08-07 21:33:00,54.0
2022-08-07 21:34:00,58.0
2022-08-07 21:35:00,58.0
2022-08-07 21:36:00,60.0
2022-08-07 21:37:00,55.0
2022-08-07 21:38:00,56.0
2022-08-07 21:39:00,58.0
2022-08-07 21:40:00,57.0
2022-08-07 21:41:00,60.0
2022-08-07 21:42:00,59.0
2022-08-07 21:43:00,56.0
2022-08-07 21:44:00,52.0
2022-08-07 21:45:00,54.0
2022-08-07 21:46:00,58.0
2022-08-07 21:47:00,59.0
2022-08-07 21:48:00,57.0
2022-08-07 21:49:00,59.0
2022-08-07 21:50:00,55.0
2022-08-07 21:51:00,56.0
2022-08-07 21:52:00,58.0
2022-08-07 21:53:00,58.0
2022-08-07 21:54:00,58.0
2022-08-07 21:55:00,59.0
2022-08-07 21:56:00,60.0
2022-08-07 21:57:00,60.0
2022-08-07 21:58:00,58.0
2022-08-07 21:59:00,58.0
2022-08-07 22:00:00,58.0
2022-08-07 22:01:00,58.0
2022-08-07 22:02:00,56.0
2022-08-07 22:03:00,56.0
2022-08-07 22:04:00,59.0
2022-08-07 22:05:00,54.0
2022-08-07 22:06:00,54.0
2022-08-07 22:07:00,59.0
2022-08-07 22:08:00,58.0
2022-08-07 22:09:00,54.0
2022-08-07 22:10:00,55.0
2022-08-07 22:11:00,54.0
2022-08-07 22:12:00,54.0
2022-08-07 22:13:00,58.0
2022-08-07 22:14:00,58.0
2022-08-07 22:15:00,56.0
2022-08-07 22:16:00,58.0
2022-08-07 22:17:00,55.0
2022-08-07 22:18:00,54.0
2022-08-07 22:19:00,59.0
2022-08-07 22:20:00,57.0
2022-08-07 22:21:00,58.0
2022-08-07 22:22:00,58.0
2022-08-07 22:23:00,61.0
2022-08-07 22:24:00,59.0
2022-08-07 22:25:00,62.0
2022-08-07 22:26:00,59.0
2022-08-07 22:27:00,57.0
2022-08-07 22:28:00,60.0
2022-08-07 22:29:00,62.0
2022-08-07 22:30:00,60.0
2022-08-07 22:31:00,59.0
2022-08-07 22:32:00,58.0
2022-08-07 22:33:00,56.0
2022-08-07 22:34:00,58.0
2022-08-07 22:35:00,60.0
2022-08-07 22:36:00,60.0
2022-08-07 22:37:00,58.0
2022-08-07 22:38:00,56.0
2022-08-07 22:39:00,58.0
2022-08-07 22:40:00,57.0
2022-08-07 22:41:00,58.0
2022-08-07 22:42:00,58.0
2022-08-07 22:43:00,56.0
2022-08-07 22:44:00,55.0
2022-08-07 22:45:00,56.0
2022-08-07 22:46:00,55.0
2022-08-07 22:47:00,56.0
2022-08-07 22:48:00,58.0
2022-08-07 22:49:00,56.0
2022-08-07 22:50:00,56.0
2022-08-07 22:51:00,56.0
2022-08-07 22:52:00,56.0
2022-08-07 22:53:00,56.0
2022-08-07 22:54:00,56.0
2022-08-07 22:55:00,58.0
2022-08-07 22:56:00,60.0
2022-08-07 22:57:00,60.0
2022-08-07 22:58:00,60.0
2022-08-07 22:59:00,60.0
2022-08-07 23:00:00,58.0
2022-08-07 23:01:00,58.0
2022-08-07 23:02:00,58.0
2022-08-07 23:03:00,58.0
2022-08-07 23:04:00,60.0
2022-08-07 23:05:00,60.0
2022-08-07 23:06:00,57.0
2022-08-07 23:07:00,58.0
2022-08-07 23:08:00,58.0
2022-08-07 23:09:00,58.0
2022-08-07 23:10:00,57.0
2022-08-07 23:11:00,59.0
2022-08-07 23:12:00,58.0
2022-08-07 23:13:00,58.0
2022-08-07 23:14:00,58.0
2022-08-07 23:15:00,59.0
2022-08-07 23:16:00,58.0
2022-08-07 23:17:00,58.0
2022-08-07 23:18:00,60.0
2022-08-07 23:19:00,58.0
2022-08-07 23:20:00,60.0
2022-08-07 23:21:00,60.0
2022-08-07 23:22:00,58.0
2022-08-07 23:23:00,59.0
2022-08-07 23:24:00,58.0
2022-08-07 23:25:00,58.0
2022-08-07 23:26:00,58.0
2022-08-07 23:27:00,58.0
2022-08-07 23:28:00,59.0
2022-08-07 23:29:00,58.0
2022-08-07 23:30:00,58.0
2022-08-07 23:31:00,58.0
2022-08-07 23:32:00,58.0
2022-08-07 23:33:00,57.0
2022-08-07 23:34:00,57.0
2022-08-07 23:35:00,59.0
2022-08-07 23:36:00,59.0
2022-08-07 23:37:00,58.0
2022-08-07 23:38:00,58.0
2022-08-07 23:39:00,59.0
2022-08-07 23:40:00,56.0
2022-08-07 23:41:00,58.0
2022-08-07 23:42:00,57.0
2022-08-07 23:43:00,58.0
2022-08-07 23:44:00,56.0
2022-08-07 23:45:00,57.0
2022-08-07 23:46:00,58.0
2022-08-07 23:47:00,57.0
2022-08-07 23:48:00,56.0
2022-08-07 23:49:00,56.0
2022-08-07 23:50:00,56.0
2022-08-07 23:51:00,57.0
2022-08-07 23:52:00,58.0
2022-08-07 23:53:00,56.0
2022-08-07 23:54:00,56.0
2022-08-07 23:55:00,57.0
2022-08-07 23:56:00,56.0
2022-08-07 23:57:00,56.0
2022-08-07 23:58:00,57.0
2022-08-07 23:59:00,58.0
2022-08-08 00:00:00,56.0
2022-08-08 00:01:00,58.0
2022-08-08 00:02:00,57.0
2022-08-08 00:03:00,56.0
2022-08-08 00:04:00,56.0
2022-08-08 00:05:00,58.0
2022-08-08 00:06:00,56.0
2022-08-08 00:07:00,57.0
2022-08-08 00:08:00,56.0
2022-08-08 00:09:00,56.0
2022-08-08 00:10:00,55.0
2022-08-08 00:11:00,57.0
2022-08-08 00:12:00,56.0
2022-08-08 00:13:00,56.0
2022-08-08 00:14:00,54.0
2022-08-08 00:15:00,56.0
2022-08-08 00:16:00,57.0
2022-08-08 00:17:00,54.0
2022-08-08 00:18:00,56.0
2022-08-08 00:19:00,56.0
2022-08-08 00:20:00,54.0
2022-08-08 00:21:00,55.0
2022-08-08 00:22:00,57.0
2022-08-08 00:23:00,55.0
2022-08-08 00:24:00,55.0
2022-08-08 00:25:00,51.0
2022-08-08 00:26:00,51.0
2022-08-08 00:27:00,53.0
2022-08-08 00:28:00,55.0
2022-08-08 00:29:00,59.0
2022-08-08 00:30:00,54.0
2022-08-08 00:31:00,49.0
2022-08-08 00:32:00,49.0
2022-08-08 00:33:00,51.0
2022-08-08 00:34:00,50.0
2022-08-08 00:35:00,50.0
2022-08-08 00:36:00,52.0
2022-08-08 00:37:00,54.0
2022-08-08 00:38:00,52.0
2022-08-08 00:39:00,49.0
2022-08-08 00:40:00,51.0
2022-08-08 00:41:00,53.0
2022-08-08 00:42:00,54.0
2022-08-08 00:43:00,52.0
2022-08-08 00:44:00,56.0
2022-08-08 00:45:00,54.0
2022-08-08 00:46:00,54.0
2022-08-08 00:47:00,56.0
2022-08-08 00:48:00,56.0
2022-08-08 00:49:00,56.0
2022-08-08 00:50:00,58.0
2022-08-08 00:51:00,58.0
2022-08-08 00:52:00,58.0
2022-08-08 00:53:00,58.0
2022-08-08 00:54:00,55.0
2022-08-08 00:55:00,52.0
2022-08-08 00:56:00,56.0
2022-08-08 00:57:00,57.0
2022-08-08 00:58:00,49.0
2022-08-08 00:59:00,53.0
2022-08-08 01:00:00,50.0
2022-08-08 01:01:00,51.0
2022-08-08 01:02:00,53.0
2022-08-08 01:03:00,53.0
2022-08-08 01:04:00,56.0
2022-08-08 01:05:00,54.0
2022-08-08 01:06:00,56.0
2022-08-08 01:07:00,56.0
2022-08-08 01:08:00,53.0
2022-08-08 01:09:00,52.0
2022-08-08 01:10:00,53.0
2022-08-08 01:11:00,52.0
2022-08-08 01:12:00,56.0
2022-08-08 01:13:00,50.0
2022-08-08 01:14:00,50.0
2022-08-08 01:15:00,51.0
2022-08-08 01:16:00,49.0
2022-08-08 01:17:00,51.0
2022-08-08 01:18:00,50.0
2022-08-08 01:19:00,49.0
2022-08-08 01:20:00,49.0
2022-08-08 01:21:00,51.0
2022-08-08 01:22:00,53.0
2022-08-08 01:23:00,56.0
2022-08-08 01:24:00,56.0
2022-08-08 01:25:00,54.0
2022-08-08 01:26:00,54.0
2022-08-08 01:27:00,54.0
2022-08-08 01:28:00,58.0
2022-08-08 01:29:00,56.0
2022-08-08 01:30:00,54.0
2022-08-08 01:31:00,54.0
2022-08-08 01:32:00,56.0
2022-08-08 01:33:00,56.0
2022-08-08 01:34:00,55.0
2022-08-08 01:35:00,54.0
2022-08-08 01:36:00,52.0
2022-08-08 01:37:00,52.0
2022-08-08 01:38:00,54.0
2022-08-08 01:39:00,52.0
2022-08-08 01:40:00,52.0
2022-08-08 01:41:00,54.0
2022-08-08 01:42:00,52.0
2022-08-08 01:43:00,50.0
2022-08-08 01:44:00,50.0
2022-08-08 01:45:00,53.0
2022-08-08 01:46:00,50.0
2022-08-08 01:47:00,52.0
2022-08-08 01:48:00,52.0
2022-08-08 01:49:00,50.0
2022-08-08 01:50:00,52.0
2022-08-08 01:51:00,52.0
2022-08-08 01:52:00,52.0
2022-08-08 01:53:00,54.0
2022-08-08 01:54:00,55.0
2022-08-08 01:55:00,52.0
2022-08-08 01:56:00,54.0
2022-08-08 01:57:00,55.0
2022-08-08 01:58:00,53.0
2022-08-08 01:59:00,52.0
2022-08-08 02:00:00,54.0
2022-08-08 02:01:00,53.0
2022-08-08 02:02:00,53.0
2022-08-08 02:03:00,54.0
2022-08-08 02:04:00,54.0
2022-08-08 02:05:00,54.0
2022-08-08 02:06:00,52.0
2022-08-08 02:07:00,52.0
2022-08-08 02:08:00,52.0
2022-08-08 02:09:00,52.0
2022-08-08 02:10:00,53.0
2022-08-08 02:11:00,54.0
2022-08-08 02:12:00,53.0
2022-08-08 02:13:00,52.0
2022-08-08 02:14:00,50.0
2022-08-08 02:15:00,50.0
2022-08-08 02:16:00,50.0
2022-08-08 02:17:00,48.0
2022-08-08 02:18:00,50.0
2022-08-08 02:19:00,52.0
2022-08-08 02:20:00,51.0
2022-08-08 02:21:00,50.0
2022-08-08 02:22:00,50.0
2022-08-08 02:23:00,56.0
2022-08-08 02:24:00,49.0
2022-08-08 02:25:00,50.0
2022-08-08 02:26:00,49.0
2022-08-08 02:27:00,47.0
2022-08-08 02:28:00,48.0
2022-08-08 02:29:00,48.0
2022-08-08 02:30:00,48.0
2022-08-08 02:31:00,48.0
2022-08-08 02:32:00,47.0
2022-08-08 02:33:00,48.0
2022-08-08 02:34:00,48.0
2022-08-08 02:35:00,51.0
2022-08-08 02:36:00,52.0
2022-08-08 02:37:00,47.0
2022-08-08 02:38:00,50.0
2022-08-08 02:39:00,49.0
2022-08-08 02:40:00,49.0
2022-08-08 02:41:00,51.0
2022-08-08 02:42:00,48.0
2022-08-08 02:43:00,47.0
2022-08-08 02:44:00,48.0
2022-08-08 02:45:00,48.0
2022-08-08 02:46:00,52.0
2022-08-08 02:47:00,48.0
2022-08-08 02:48:00,50.0
2022-08-08 02:49:00,49.0
2022-08-08 02:50:00,54.0
2022-08-08 02:51:00,50.0
2022-08-08 02:52:00,52.0
2022-08-08 02:53:00,63.0
2022-08-08 02:54:00,52.0
2022-08-08 02:55:00,47.0
2022-08-08 02:56:00,47.0
2022-08-08 02:57:00,49.0
2022-08-08 02:58:00,50.0
2022-08-08 02:59:00,47.0
2022-08-08 03:00:00,49.0
2022-08-08 03:01:00,48.0
2022-08-08 03:02:00,52.0
2022-08-08 03:03:00,48.0
2022-08-08 03:04:00,51.0
2022-08-08 03:05:00,50.0
2022-08-08 03:06:00,49.0
2022-08-08 03:07:00,51.0
2022-08-08 03:08:00,50.0
2022-08-08 03:09:00,49.0
2022-08-08 03:10:00,50.0
2022-08-08 03:11:00,51.0
2022-08-08 03:12:00,53.0
2022-08-08 03:13:00,50.0
2022-08-08 03:14:00,49.0
2022-08-08 03:15:00,50.0
2022-08-08 03:16:00,53.0
2022-08-08 03:17:00,48.0
2022-08-08 03:18:00,47.0
2022-08-08 03:19:00,47.0
2022-08-08 03:20:00,49.0
2022-08-08 03:21:00,48.0
2022-08-08 03:22:00,51.0
2022-08-08 03:23:00,53.0
2022-08-08 03:24:00,54.0
2022-08-08 03:25:00,52.0
2022-08-08 03:26:00,55.0
2022-08-08 03:27:00,54.0
2022-08-08 03:28:00,54.0
2022-08-08 03:29:00,54.0
2022-08-08 03:30:00,52.0
2022-08-08 03:31:00,54.0
2022-08-08 03:32:00,52.0
2022-08-08 03:33:00,54.0
2022-08-08 03:34:00,54.0
2022-08-08 03:35:00,53.0
2022-08-08 03:36:00,52.0
2022-08-08 03:37:00,52.0
2022-08-08 03:38:00,53.0
2022-08-08 03:39:00,52.0
2022-08-08 03:40:00,53.0
2022-08-08 03:41:00,54.0
2022-08-08 03:42:00,54.0
2022-08-08 03:43:00,54.0
2022-08-08 03:44:00,56.0
2022-08-08 03:45:00,54.0
2022-08-08 03:46:00,52.0
2022-08-08 03:47:00,52.0
2022-08-08 03:48:00,55.0
2022-08-08 03:49:00,56.0
2022-08-08 03:50:00,53.0
2022-08-08 03:51:00,54.0
2022-08-08 03:52:00,54.0
2022-08-08 03:53:00,56.0
2022-08-08 03:54:00,54.0
2022-08-08 03:55:00,53.0
2022-08-08 03:56:00,55.0
2022-08-08 03:57:00,54.0
2022-08-08 03:58:00,54.0
2022-08-08 03:59:00,55.0
2022-08-08 04:00:00,54.0
2022-08-08 04:01:00,55.0
2022-08-08 04:02:00,55.0
2022-08-08 04:03:00,54.0
2022-08-08 04:04:00,54.0
2022-08-08 04:05:00,54.0
2022-08-08 04:06:00,54.0
2022-08-08 04:07:00,54.0
2022-08-08 04:08:00,54.0
2022-08-08 04:09:00,54.0
2022-08-08 04:10:00,57.0
2022-08-08 04:11:00,54.0
2022-08-08 04:12:00,54.0
2022-08-08 04:13:00,54.0
2022-08-08 04:14:00,56.0
2022-08-08 04:15:00,55.0
2022-08-08 04:16:00,54.0
2022-08-08 04:17:00,55.0
2022-08-08 04:18:00,56.0
2022-08-08 04:19:00,54.0
2022-08-08 04:20:00,56.0
2022-08-08 04:21:00,56.0
2022-08-08 04:22:00,56.0
2022-08-08 04:23:00,53.0
2022-08-08 04:24:00,49.0
2022-08-08 04:25:00,52.0
2022-08-08 04:26:00,50.0
2022-08-08 04:27:00,51.0
2022-08-08 04:28:00,51.0
2022-08-08 04:29:00,54.0
2022-08-08 04:30:00,55.0
2022-08-08 04:31:00,49.0
2022-08-08 04:32:00,52.0
2022-08-08 04:33:00,55.0
2022-08-08 04:34:00,55.0
2022-08-08 04:35:00,56.0
2022-08-08 04:36:00,57.0
2022-08-08 04:37:00,52.0
2022-08-08 04:38:00,53.0
2022-08-08 04:39:00,57.0
2022-08-08 04:40:00,55.0
2022-08-08 04:41:00,56.0
2022-08-08 04:42:00,60.0
2022-08-08 04:43:00,58.0
2022-08-08 04:44:00,52.0
2022-08-08 04:45:00,54.0
2022-08-08 04:46:00,54.0
2022-08-08 04:47:00,52.0
2022-08-08 04:48:00,51.0
2022-08-08 04:49:00,52.0
2022-08-08 04:50:00,52.0
2022-08-08 04:51:00,56.0
2022-08-08 04:52:00,54.0
2022-08-08 04:53:00,54.0
2022-08-08 04:54:00,53.0
2022-08-08 04:55:00,50.0
2022-08-08 04:56:00,52.0
2022-08-08 04:57:00,52.0
2022-08-08 04:58:00,56.0
2022-08-08 04:59:00,53.0
2022-08-08 05:00:00,54.0
2022-08-08 05:01:00,55.0
2022-08-08 05:02:00,55.0
2022-08-08 05:03:00,54.0
2022-08-08 05:04:00,57.0
2022-08-08 05:05:00,58.0
2022-08-08 05:06:00,56.0
2022-08-08 05:07:00,57.0
2022-08-08 05:08:00,56.0
2022-08-08 05:09:00,54.0
2022-08-08 05:10:00,54.0
2022-08-08 05:11:00,56.0
2022-08-08 05:12:00,56.0
2022-08-08 05:13:00,50.0
2022-08-08 05:14:00,52.0
2022-08-08 05:15:00,53.0
2022-08-08 05:16:00,54.0
2022-08-08 05:17:00,51.0
2022-08-08 05:18:00,54.0
2022-08-08 05:19:00,54.0
2022-08-08 05:20:00,52.0
2022-08-08 05:21:00,54.0
2022-08-08 05:22:00,54.0
2022-08-08 05:23:00,54.0
2022-08-08 05:24:00,54.0
2022-08-08 05:25:00,56.0
2022-08-08 05:26:00,54.0
2022-08-08 05:27:00,52.0
2022-08-08 05:28:00,54.0
2022-08-08 05:29:00,55.0
2022-08-08 05:30:00,55.0
2022-08-08 05:31:00,53.0
2022-08-08 05:32:00,53.0
2022-08-08 05:33:00,50.0
2022-08-08 05:34:00,51.0
2022-08-08 05:35:00,52.0
2022-08-08 05:36:00,55.0
2022-08-08 05:37:00,52.0
2022-08-08 05:38:00,52.0
2022-08-08 05:39:00,54.0
2022-08-08 05:40:00,51.0
2022-08-08 05:41:00,54.0
2022-08-08 05:42:00,54.0
2022-08-08 05:43:00,53.0
2022-08-08 05:44:00,53.0
2022-08-08 05:45:00,54.0
2022-08-08 05:46:00,55.0
2022-08-08 05:47:00,55.0
2022-08-08 05:48:00,55.0
2022-08-08 05:49:00,54.0
2022-08-08 05:50:00,56.0
2022-08-08 05:51:00,54.0
2022-08-08 05:52:00,50.0
2022-08-08 05:53:00,51.0
2022-08-08 05:54:00,57.0
2022-08-08 05:55:00,54.0
2022-08-08 05:56:00,56.0
2022-08-08 05:57:00,54.0
2022-08-08 05:58:00,52.0
2022-08-08 05:59:00,51.0
2022-08-08 06:00:00,54.0
2022-08-08 06:01:00,53.0
2022-08-08 06:02:00,52.0
2022-08-08 06:03:00,50.0
2022-08-08 06:04:00,53.0
2022-08-08 06:05:00,56.0
2022-08-08 06:06:00,51.0
2022-08-08 06:07:00,55.0
2022-08-08 06:08:00,55.0
2022-08-08 06:09:00,55.0
2022-08-08 06:10:00,56.0
2022-08-08 06:11:00,53.0
2022-08-08 06:12:00,54.0
2022-08-08 06:13:00,57.0
2022-08-08 06:14:00,55.0
2022-08-08 06:15:00,53.0
2022-08-08 06:16:00,57.0
2022-08-08 06:17:00,54.0
2022-08-08 06:18:00,53.0
2022-08-08 06:19:00,56.0
2022-08-08 06:20:00,56.0
2022-08-08 06:21:00,54.0
2022-08-08 06:22:00,55.0
2022-08-08 06:23:00,55.0
2022-08-08 06:24:00,53.0
2022-08-08 06:25:00,53.0
2022-08-08 06:26:00,59.0
2022-08-08 06:27:00,53.0
2022-08-08 06:28:00,54.0
2022-08-08 06:29:00,56.0
2022-08-08 06:30:00,53.0
2022-08-08 06:31:00,53.0
2022-08-08 06:32:00,55.0
2022-08-08 06:33:00,58.0
2022-08-08 06:34:00,56.0
2022-08-08 06:35:00,58.0
2022-08-08 06:36:00,56.0
2022-08-08 06:37:00,58.0
2022-08-08 06:38:00,58.0
2022-08-08 06:39:00,58.0
2022-08-08 06:40:00,58.0
2022-08-08 06:41:00,60.0
2022-08-08 06:42:00,56.0
2022-08-08 06:43:00,54.0
2022-08-08 06:44:00,57.0
2022-08-08 06:45:00,54.0
2022-08-08 06:46:00,53.0
2022-08-08 06:47:00,54.0
2022-08-08 06:48:00,57.0
2022-08-08 06:49:00,55.0
2022-08-08 06:50:00,55.0
2022-08-08 06:51:00,57.0
2022-08-08 06:52:00,58.0
2022-08-08 06:53:00,56.0
2022-08-08 06:54:00,58.0
2022-08-08 06:55:00,58.0
2022-08-08 06:56:00,58.0
2022-08-08 06:57:00,58.0
2022-08-08 06:58:00,57.0
2022-08-08 06:59:00,57.0
2022-08-08 07:00:00,58.0
2022-08-08 07:01:00,58.0
2022-08-08 07:02:00,57.0
2022-08-08 07:03:00,57.0
2022-08-08 07:04:00,57.0
2022-08-08 07:05:00,57.0
2022-08-08 07:06:00,58.0
2022-08-08 07:07:00,58.0
2022-08-08 07:08:00,58.0
2022-08-08 07:09:00,58.0
2022-08-08 07:10:00,55.0
2022-08-08 07:11:00,58.0
2022-08-08 07:12:00,58.0
2022-08-08 07:13:00,59.0
2022-08-08 07:14:00,58.0
2022-08-08 07:15:00,60.0
2022-08-08 07:16:00,57.0
2022-08-08 07:17:00,56.0
2022-08-08 07:18:00,58.0
2022-08-08 07:19:00,56.0
2022-08-08 07:20:00,56.0
2022-08-08 07:21:00,58.0
2022-08-08 07:22:00,58.0
2022-08-08 07:23:00,55.0
2022-08-08 07:24:00,58.0
2022-08-08 07:25:00,58.0
2022-08-08 07:26:00,56.0
2022-08-08 07:27:00,58.0
2022-08-08 07:28:00,55.0
2022-08-08 07:29:00,57.0
2022-08-08 07:30:00,59.0
2022-08-08 07:31:00,57.0
2022-08-08 07:32:00,56.0
2022-08-08 07:33:00,60.0
2022-08-08 07:34:00,58.0
2022-08-08 07:35:00,58.0
2022-08-08 07:36:00,58.0
2022-08-08 07:37:00,60.0
2022-08-08 07:38:00,58.0
2022-08-08 07:39:00,61.0
2022-08-08 07:40:00,60.0
2022-08-08 07:41:00,59.0
2022-08-08 07:42:00,60.0
2022-08-08 07:43:00,60.0
2022-08-08 07:44:00,57.0
2022-08-08 07:45:00,58.0
2022-08-08 07:46:00,58.0
2022-08-08 07:47:00,61.0
2022-08-08 07:48:00,58.0
2022-08-08 07:49:00,59.0
2022-08-08 07:50:00,57.0
2022-08-08 07:51:00,58.0
2022-08-08 07:52:00,60.0
2022-08-08 07:53:00,58.0
2022-08-08 07:54:00,61.0
2022-08-08 07:55:00,59.0
2022-08-08 07:56:00,59.0
2022-08-08 07:57:00,60.0
2022-08-08 07:58:00,58.0
2022-08-08 07:59:00,60.0
2022-08-08 08:00:00,58.0
2022-08-08 08:01:00,60.0
2022-08-08 08:02:00,56.0
2022-08-08 08:03:00,57.0
2022-08-08 08:04:00,61.0
2022-08-08 08:05:00,60.0
2022-08-08 08:06:00,58.0
2022-08-08 08:07:00,57.0
2022-08-08 08:08:00,61.0
2022-08-08 08:09:00,59.0
2022-08-08 08:10:00,56.0
2022-08-08 08:11:00,59.0
2022-08-08 08:12:00,60.0
2022-08-08 08:13:00,60.0
2022-08-08 08:14:00,57.0
2022-08-08 08:15:00,59.0
2022-08-08 08:16:00,59.0
2022-08-08 08:17:00,61.0
2022-08-08 08:18:00,60.0
2022-08-08 08:19:00,56.0
2022-08-08 08:20:00,59.0
2022-08-08 08:21:00,61.0
2022-08-08 08:22:00,56.0
2022-08-08 08:23:00,61.0
2022-08-08 08:24:00,60.0
2022-08-08 08:25:00,60.0
2022-08-08 08:26:00,62.0
2022-08-08 08:27:00,60.0
2022-08-08 08:28:00,60.0
2022-08-08 08:29:00,62.0
2022-08-08 08:30:00,60.0
2022-08-08 08:31:00,61.0
2022-08-08 08:32:00,62.0
2022-08-08 08:33:00,58.0
2022-08-08 08:34:00,65.0
2022-08-08 08:35:00,58.0
2022-08-08 08:36:00,64.0
2022-08-08 08:37:00,59.0
2022-08-08 08:38:00,58.0
2022-08-08 08:39:00,60.0
2022-08-08 08:40:00,61.0
2022-08-08 08:41:00,57.0
2022-08-08 08:42:00,59.0
2022-08-08 08:43:00,61.0
2022-08-08 08:44:00,57.0
2022-08-08 08:45:00,60.0
2022-08-08 08:46:00,63.0
2022-08-08 08:47:00,58.0
2022-08-08 08:48:00,61.0
2022-08-08 08:49:00,61.0
2022-08-08 08:50:00,58.0
2022-08-08 08:51:00,56.0
2022-08-08 08:52:00,63.0
2022-08-08 08:53:00,59.0
2022-08-08 08:54:00,58.0
2022-08-08 08:55:00,61.0
2022-08-08 08:56:00,58.0
2022-08-08 08:57:00,57.0
2022-08-08 08:58:00,61.0
2022-08-08 08:59:00,59.0
2022-08-08 09:00:00,57.0
2022-08-08 09:01:00,59.0
2022-08-08 09:02:00,60.0
2022-08-08 09:03:00,56.0
2022-08-08 09:04:00,60.0
2022-08-08 09:05:00,61.0
2022-08-08 09:06:00,61.0
2022-08-08 09:07:00,58.0
2022-08-08 09:08:00,60.0
2022-08-08 09:09:00,61.0
2022-08-08 09:10:00,59.0
2022-08-08 09:11:00,59.0
2022-08-08 09:12:00,60.0
2022-08-08 09:13:00,57.0
2022-08-08 09:14:00,58.0
2022-08-08 09:15:00,58.0
2022-08-08 09:16:00,58.0
2022-08-08 09:17:00,61.0
2022-08-08 09:18:00,61.0
2022-08-08 09:19:00,58.0
2022-08-08 09:20:00,60.0
2022-08-08 09:21:00,60.0
2022-08-08 09:22:00,57.0
2022-08-08 09:23:00,62.0
2022-08-08 09:24:00,62.0
2022-08-08 09:25:00,58.0
2022-08-08 09:26:00,59.0
2022-08-08 09:27:00,62.0
2022-08-08 09:28:00,58.0
2022-08-08 09:29:00,61.0
2022-08-08 09:30:00,61.0
2022-08-08 09:31:00,58.0
2022-08-08 09:32:00,60.0
2022-08-08 09:33:00,57.0
2022-08-08 09:34:00,58.0
2022-08-08 09:35:00,57.0
2022-08-08 09:36:00,61.0
2022-08-08 09:37:00,60.0
2022-08-08 09:38:00,58.0
2022-08-08 09:39:00,58.0
2022-08-08 09:40:00,58.0
2022-08-08 09:41:00,57.0
2022-08-08 09:42:00,63.0
2022-08-08 09:43:00,62.0
2022-08-08 09:44:00,60.0
2022-08-08 09:45:00,61.0
2022-08-08 09:46:00,63.0
2022-08-08 09:47:00,60.0
2022-08-08 09:48:00,62.0
2022-08-08 09:49:00,60.0
2022-08-08 09:50:00,61.0
2022-08-08 09:51:00,62.0
2022-08-08 09:52:00,62.0
2022-08-08 09:53:00,62.0
2022-08-08 09:54:00,60.0
2022-08-08 09:55:00,60.0
2022-08-08 09:56:00,62.0
2022-08-08 09:57:00,63.0
2022-08-08 09:58:00,62.0
2022-08-08 09:59:00,61.0
2022-08-08 10:00:00,62.0
2022-08-08 10:01:00,58.0
2022-08-08 10:02:00,62.0
2022-08-08 10:03:00,60.0
2022-08-08 10:04:00,60.0
2022-08-08 10:05:00,63.0
2022-08-08 10:06:00,60.0
2022-08-08 10:07:00,62.0
2022-08-08 10:08:00,60.0
2022-08-08 10:09:00,60.0
2022-08-08 10:10:00,62.0
2022-08-08 10:11:00,63.0
2022-08-08 10:12:00,60.0
2022-08-08 10:13:00,60.0
2022-08-08 10:14:00,62.0
2022-08-08 10:15:00,60.0
2022-08-08 10:16:00,58.0
2022-08-08 10:17:00,60.0
2022-08-08 10:18:00,63.0
2022-08-08 10:19:00,59.0
2022-08-08 10:20:00,61.0
2022-08-08 10:21:00,60.0
2022-08-08 10:22:00,59.0
2022-08-08 10:23:00,62.0
2022-08-08 10:24:00,62.0
2022-08-08 10:25:00,60.0
2022-08-08 10:26:00,62.0
2022-08-08 10:27:00,65.0
2022-08-08 10:28:00,63.0
2022-08-08 10:29:00,65.0
2022-08-08 10:30:00,63.0
2022-08-08 10:31:00,62.0
2022-08-08 10:32:00,63.0
2022-08-08 10:33:00,62.0
2022-08-08 10:34:00,61.0
2022-08-08 10:35:00,62.0
2022-08-08 10:36:00,62.0
2022-08-08 10:37:00,61.0
2022-08-08 10:38:00,63.0
2022-08-08 10:39:00,62.0
2022-08-08 10:40:00,60.0
2022-08-08 10:41:00,62.0
2022-08-08 10:42:00,65.0
2022-08-08 10:43:00,62.0
2022-08-08 10:44:00,62.0
2022-08-08 10:45:00,62.0
2022-08-08 10:46:00,62.0
2022-08-08 10:47:00,60.0
2022-08-08 10:48:00,61.0
2022-08-08 10:49:00,62.0
2022-08-08 10:50:00,60.0
2022-08-08 10:51:00,62.0
2022-08-08 10:52:00,61.0
2022-08-08 10:53:00,62.0
2022-08-08 10:54:00,62.0
2022-08-08 10:55:00,61.0
2022-08-08 10:56:00,62.0
2022-08-08 10:57:00,63.0
2022-08-08 10:58:00,62.0
2022-08-08 10:59:00,63.0
2022-08-08 11:00:00,63.0
2022-08-08 11:01:00,62.0
2022-08-08 11:02:00,62.0
2022-08-08 11:03:00,64.0
2022-08-08 11:04:00,62.0
2022-08-08 11:05:00,64.0
2022-08-08 11:06:00,65.0
2022-08-08 11:07:00,62.0
2022-08-08 11:08:00,64.0
2022-08-08 11:09:00,62.0
2022-08-08 11:10:00,61.0
2022-08-08 11:11:00,61.0
2022-08-08 11:12:00,64.0
2022-08-08 11:13:00,63.0
2022-08-08 11:14:00,60.0
2022-08-08 11:15:00,62.0
2022-08-08 11:16:00,61.0
2022-08-08 11:17:00,61.0
2022-08-08 11:18:00,62.0
2022-08-08 11:19:00,60.0
2022-08-08 11:20:00,62.0
2022-08-08 11:21:00,62.0
2022-08-08 11:22:00,61.0
2022-08-08 11:23:00,63.0
2022-08-08 11:24:00,61.0
2022-08-08 11:25:00,61.0
2022-08-08 11:26:00,63.0
2022-08-08 11:27:00,62.0
2022-08-08 11:28:00,62.0
2022-08-08 11:29:00,64.0
2022-08-08 11:30:00,64.0
2022-08-08 11:31:00,66.0
2022-08-08 11:32:00,64.0
2022-08-08 11:33:00,66.0
2022-08-08 11:34:00,64.0
2022-08-08 11:35:00,66.0
2022-08-08 11:36:00,68.0
2022-08-08 11:37:00,64.0
2022-08-08 11:38:00,64.0
2022-08-08 11:39:00,65.0
2022-08-08 11:40:00,66.0
2022-08-08 11:41:00,64.0
2022-08-08 11:42:00,65.0
2022-08-08 11:43:00,64.0
2022-08-08 11:44:00,64.0
2022-08-08 11:45:00,64.0
2022-08-08 11:46:00,64.0
2022-08-08 11:47:00,64.0
2022-08-08 11:48:00,64.0
2022-08-08 11:49:00,62.0
2022-08-08 11:50:00,62.0
2022-08-08 11:51:00,62.0
2022-08-08 11:52:00,62.0
2022-08-08 11:53:00,60.0
2022-08-08 11:54:00,60.0
2022-08-08 11:55:00,60.0
2022-08-08 11:56:00,62.0
2022-08-08 11:57:00,64.0
2022-08-08 11:58:00,62.0
2022-08-08 11:59:00,62.0
2022-08-08 12:00:00,64.0
2022-08-08 12:01:00,62.0
2022-08-08 12:02:00,62.0
2022-08-08 12:03:00,62.0
2022-08-08 12:04:00,63.0
2022-08-08 12:05:00,64.0
2022-08-08 12:06:00,66.0
2022-08-08 12:07:00,64.0
2022-08-08 12:08:00,64.0
2022-08-08 12:09:00,64.0
2022-08-08 12:10:00,64.0
2022-08-08 12:11:00,62.0
2022-08-08 12:12:00,66.0
2022-08-08 12:13:00,64.0
2022-08-08 12:14:00,65.0
2022-08-08 12:15:00,63.0
2022-08-08 12:16:00,64.0
2022-08-08 12:17:00,64.0
2022-08-08 12:18:00,64.0
2022-08-08 12:19:00,65.0
2022-08-08 12:20:00,62.0
2022-08-08 12:21:00,64.0
2022-08-08 12:22:00,63.0
2022-08-08 12:23:00,64.0
2022-08-08 12:24:00,64.0
2022-08-08 12:25:00,63.0
2022-08-08 12:26:00,62.0
2022-08-08 12:27:00,60.0
2022-08-08 12:28:00,64.0
2022-08-08 12:29:00,62.0
2022-08-08 12:30:00,64.0
2022-08-08 12:31:00,62.0
2022-08-08 12:32:00,64.0
2022-08-08 12:33:00,62.0
2022-08-08 12:34:00,62.0
2022-08-08 12:35:00,64.0
2022-08-08 12:36:00,62.0
2022-08-08 12:37:00,63.0
2022-08-08 12:38:00,64.0
2022-08-08 12:39:00,63.0
2022-08-08 12:40:00,64.0
2022-08-08 12:41:00,62.0
2022-08-08 12:42:00,63.0
2022-08-08 12:43:00,64.0
2022-08-08 12:44:00,63.0
2022-08-08 12:45:00,64.0
2022-08-08 12:46:00,64.0
2022-08-08 12:47:00,65.0
2022-08-08 12:48:00,63.0
2022-08-08 12:49:00,64.0
2022-08-08 12:50:00,64.0
2022-08-08 12:51:00,64.0
2022-08-08 12:52:00,65.0
2022-08-08 12:53:00,62.0
2022-08-08 12:54:00,62.0
2022-08-08 12:55:00,62.0
2022-08-08 12:56:00,62.0
2022-08-08 12:57:00,64.0
2022-08-08 12:58:00,64.0
2022-08-08 12:59:00,62.0
2022-08-08 13:00:00,64.0
2022-08-08 13:01:00,64.0
2022-08-08 13:02:00,62.0
2022-08-08 13:03:00,63.0
2022-08-08 13:04:00,64.0
2022-08-08 13:05:00,63.0
2022-08-08 13:06:00,63.0
2022-08-08 13:07:00,64.0
2022-08-08 13:08:00,64.0
2022-08-08 13:09:00,60.0
2022-08-08 13:10:00,61.0
2022-08-08 13:11:00,64.0
2022-08-08 13:12:00,64.0
2022-08-08 13:13:00,64.0
2022-08-08 13:14:00,64.0
2022-08-08 13:15:00,64.0
2022-08-08 13:16:00,65.0
2022-08-08 13:17:00,62.0
2022-08-08 13:18:00,61.0
2022-08-08 13:19:00,62.0
2022-08-08 13:20:00,62.0
2022-08-08 13:21:00,63.0
2022-08-08 13:22:00,64.0
2022-08-08 13:23:00,62.0
2022-08-08 13:24:00,63.0
2022-08-08 13:25:00,62.0
2022-08-08 13:26:00,65.0
2022-08-08 13:27:00,62.0
2022-08-08 13:28:00,64.0
2022-08-08 13:29:00,65.0
2022-08-08 13:30:00,65.0
2022-08-08 13:31:00,63.0
2022-08-08 13:32:00,64.0
2022-08-08 13:33:00,66.0
2022-08-08 13:34:00,64.0
2022-08-08 13:35:00,64.0
2022-08-08 13:36:00,65.0
2022-08-08 13:37:00,64.0
2022-08-08 13:38:00,67.0
2022-08-08 13:39:00,66.0
2022-08-08 13:40:00,66.0
2022-08-08 13:41:00,69.0
2022-08-08 13:42:00,65.0
2022-08-08 13:43:00,69.0
2022-08-08 13:44:00,67.0
2022-08-08 13:45:00,68.0
2022-08-08 13:46:00,68.0
2022-08-08 13:47:00,70.0
2022-08-08 13:48:00,70.0
2022-08-08 13:49:00,67.0
2022-08-08 13:50:00,61.0
2022-08-08 13:51:00,68.0
2022-08-08 13:52:00,70.0
2022-08-08 13:53:00,68.0
2022-08-08 13:54:00,64.0
2022-08-08 13:55:00,69.0
2022-08-08 13:56:00,65.0
2022-08-08 13:57:00,64.0
2022-08-08 13:58:00,67.0
2022-08-08 13:59:00,64.0
2022-08-08 14:00:00,66.0
2022-08-08 14:01:00,64.0
2022-08-08 14:02:00,64.0
2022-08-08 14:03:00,61.0
2022-08-08 14:04:00,60.0
2022-08-08 14:05:00,60.0
2022-08-08 14:06:00,65.0
2022-08-08 14:07:00,63.0
2022-08-08 14:08:00,62.0
2022-08-08 14:09:00,61.0
2022-08-08 14:10:00,64.0
2022-08-08 14:11:00,61.0
2022-08-08 14:12:00,65.0
2022-08-08 14:13:00,64.0
2022-08-08 14:14:00,62.0
2022-08-08 14:15:00,62.0
2022-08-08 14:16:00,62.0
2022-08-08 14:17:00,62.0
2022-08-08 14:18:00,64.0
2022-08-08 14:19:00,64.0
2022-08-08 14:20:00,64.0
2022-08-08 14:21:00,62.0
2022-08-08 14:22:00,64.0
2022-08-08 14:23:00,63.0
2022-08-08 14:24:00,64.0
2022-08-08 14:25:00,66.0
2022-08-08 14:26:00,62.0
2022-08-08 14:27:00,64.0
2022-08-08 14:28:00,65.0
2022-08-08 14:29:00,62.0
2022-08-08 14:30:00,65.0
2022-08-08 14:31:00,64.0
2022-08-08 14:32:00,64.0
2022-08-08 14:33:00,65.0
2022-08-08 14:34:00,64.0
2022-08-08 14:35:00,65.0
2022-08-08 14:36:00,65.0
2022-08-08 14:37:00,64.0
2022-08-08 14:38:00,63.0
2022-08-08 14:39:00,66.0
2022-08-08 14:40:00,63.0
2022-08-08 14:41:00,63.0
2022-08-08 14:42:00,62.0
2022-08-08 14:43:00,62.0
2022-08-08 14:44:00,62.0
2022-08-08 14:45:00,63.0
2022-08-08 14:46:00,62.0
2022-08-08 14:47:00,64.0
2022-08-08 14:48:00,64.0
2022-08-08 14:49:00,63.0
2022-08-08 14:50:00,64.0
2022-08-08 14:51:00,64.0
2022-08-08 14:52:00,63.0
2022-08-08 14:53:00,64.0
2022-08-08 14:54:00,64.0
2022-08-08 14:55:00,62.0
2022-08-08 14:56:00,62.0
2022-08-08 14:57:00,62.0
2022-08-08 14:58:00,62.0
2022-08-08 14:59:00,64.0
2022-08-08 15:00:00,63.0
2022-08-08 15:01:00,64.0
2022-08-08 15:02:00,62.0
2022-08-08 15:03:00,64.0
2022-08-08 15:04:00,64.0
2022-08-08 15:05:00,62.0
2022-08-08 15:06:00,64.0
2022-08-08 15:07:00,63.0
2022-08-08 15:08:00,63.0
2022-08-08 15:09:00,63.0
2022-08-08 15:10:00,64.0
2022-08-08 15:11:00,63.0
2022-08-08 15:12:00,64.0
2022-08-08 15:13:00,66.0
2022-08-08 15:14:00,66.0
2022-08-08 15:15:00,66.0
2022-08-08 15:16:00,63.0
2022-08-08 15:17:00,66.0
2022-08-08 15:18:00,66.0
2022-08-08 15:19:00,64.0
2022-08-08 15:20:00,66.0
2022-08-08 15:21:00,64.0
2022-08-08 15:22:00,62.0
2022-08-08 15:23:00,62.0
2022-08-08 15:24:00,65.0
2022-08-08 15:25:00,61.0
2022-08-08 15:26:00,62.0
2022-08-08 15:27:00,63.0
2022-08-08 15:28:00,61.0
2022-08-08 15:29:00,63.0
2022-08-08 15:30:00,65.0
2022-08-08 15:31:00,60.0
2022-08-08 15:32:00,63.0
2022-08-08 15:33:00,66.0
2022-08-08 15:34:00,64.0
2022-08-08 15:35:00,65.0
2022-08-08 15:36:00,64.0
2022-08-08 15:37:00,65.0
2022-08-08 15:38:00,64.0
2022-08-08 15:39:00,66.0
2022-08-08 15:40:00,68.0
2022-08-08 15:41:00,67.0
2022-08-08 15:42:00,64.0
2022-08-08 15:43:00,62.0
2022-08-08 15:44:00,57.0
2022-08-08 15:45:00,60.0
2022-08-08 15:46:00,64.0
2022-08-08 15:47:00,58.0
2022-08-08 15:48:00,61.0
2022-08-08 15:49:00,63.0
2022-08-08 15:50:00,61.0
2022-08-08 15:51:00,59.0
2022-08-08 15:52:00,62.0
2022-08-08 15:53:00,59.0
2022-08-08 15:54:00,58.0
2022-08-08 15:55:00,61.0
2022-08-08 15:56:00,59.0
2022-08-08 15:57:00,59.0
2022-08-08 15:58:00,60.0
2022-08-08 15:59:00,60.0
2022-08-08 16:00:00,64.0
2022-08-08 16:01:00,62.0
2022-08-08 16:02:00,63.0
2022-08-08 16:03:00,62.0
2022-08-08 16:04:00,60.0
2022-08-08 16:05:00,63.0
2022-08-08 16:06:00,62.0
2022-08-08 16:07:00,60.0
2022-08-08 16:08:00,64.0
2022-08-08 16:09:00,62.0
2022-08-08 16:10:00,61.0
2022-08-08 16:11:00,62.0
2022-08-08 16:12:00,60.0
2022-08-08 16:13:00,62.0
2022-08-08 16:14:00,64.0
2022-08-08 16:15:00,62.0
2022-08-08 16:16:00,66.0
2022-08-08 16:17:00,62.0
2022-08-08 16:18:00,63.0
2022-08-08 16:19:00,64.0
2022-08-08 16:20:00,68.0
2022-08-08 16:21:00,66.0
2022-08-08 16:22:00,64.0
2022-08-08 16:23:00,61.0
2022-08-08 16:24:00,62.0
2022-08-08 16:25:00,62.0
2022-08-08 16:26:00,64.0
2022-08-08 16:27:00,62.0
2022-08-08 16:28:00,60.0
2022-08-08 16:29:00,62.0
2022-08-08 16:30:00,65.0
2022-08-08 16:31:00,60.0
2022-08-08 16:32:00,61.0
2022-08-08 16:33:00,60.0
2022-08-08 16:34:00,58.0
2022-08-08 16:35:00,58.0
2022-08-08 16:36:00,59.0
2022-08-08 16:37:00,61.0
2022-08-08 16:38:00,60.0
2022-08-08 16:39:00,60.0
2022-08-08 16:40:00,61.0
2022-08-08 16:41:00,59.0
2022-08-08 16:42:00,59.0
2022-08-08 16:43:00,65.0
2022-08-08 16:44:00,66.0
2022-08-08 16:45:00,67.0
2022-08-08 16:46:00,66.0
2022-08-08 16:47:00,65.0
2022-08-08 16:48:00,66.0
2022-08-08 16:49:00,65.0
2022-08-08 16:50:00,64.0
2022-08-08 16:51:00,64.0
2022-08-08 16:52:00,59.0
2022-08-08 16:53:00,57.0
2022-08-08 16:54:00,57.0
2022-08-08 16:55:00,61.0
2022-08-08 16:56:00,58.0
2022-08-08 16:57:00,58.0
2022-08-08 16:58:00,60.0
2022-08-08 16:59:00,60.0
2022-08-08 17:00:00,57.0
2022-08-08 17:01:00,58.0
2022-08-08 17:02:00,66.0
2022-08-08 17:03:00,62.0
2022-08-08 17:04:00,64.0
2022-08-08 17:05:00,63.0
2022-08-08 17:06:00,62.0
2022-08-08 17:07:00,62.0
2022-08-08 17:08:00,62.0
2022-08-08 17:09:00,62.0
2022-08-08 17:10:00,62.0
2022-08-08 17:11:00,64.0
2022-08-08 17:12:00,64.0
2022-08-08 17:13:00,62.0
2022-08-08 17:14:00,64.0
2022-08-08 17:15:00,63.0
2022-08-08 17:16:00,61.0
2022-08-08 17:17:00,64.0
2022-08-08 17:18:00,63.0
2022-08-08 17:19:00,60.0
2022-08-08 17:20:00,64.0
2022-08-08 17:21:00,64.0
2022-08-08 17:22:00,62.0
2022-08-08 17:23:00,66.0
2022-08-08 17:24:00,64.0
2022-08-08 17:25:00,62.0
2022-08-08 17:26:00,62.0
2022-08-08 17:27:00,62.0
2022-08-08 17:28:00,62.0
2022-08-08 17:29:00,64.0
2022-08-08 17:30:00,63.0
2022-08-08 17:31:00,61.0
2022-08-08 17:32:00,62.0
2022-08-08 17:33:00,62.0
2022-08-08 17:34:00,63.0
2022-08-08 17:35:00,65.0
2022-08-08 17:36:00,64.0
2022-08-08 17:37:00,63.0
2022-08-08 17:38:00,63.0
2022-08-08 17:39:00,63.0
2022-08-08 17:40:00,62.0
2022-08-08 17:41:00,60.0
2022-08-08 17:42:00,62.0
2022-08-08 17:43:00,62.0
2022-08-08 17:44:00,63.0
2022-08-08 17:45:00,64.0
2022-08-08 17:46:00,63.0
2022-08-08 17:47:00,65.0
2022-08-08 17:48:00,63.0
2022-08-08 17:49:00,64.0
2022-08-08 17:50:00,64.0
2022-08-08 17:51:00,64.0
2022-08-08 17:52:00,63.0
2022-08-08 17:53:00,62.0
2022-08-08 17:54:00,63.0
2022-08-08 17:55:00,64.0
2022-08-08 17:56:00,63.0
2022-08-08 17:57:00,64.0
2022-08-08 17:58:00,64.0
2022-08-08 17:59:00,64.0
2022-08-08 18:00:00,66.0
2022-08-08 18:01:00,68.0
2022-08-08 18:02:00,66.0
2022-08-08 18:03:00,64.0
2022-08-08 18:04:00,63.0
2022-08-08 18:05:00,65.0
2022-08-08 18:06:00,66.0
2022-08-08 18:07:00,62.0
2022-08-08 18:08:00,62.0
2022-08-08 18:09:00,66.0
2022-08-08 18:10:00,64.0
2022-08-08 18:11:00,63.0
2022-08-08 18:12:00,64.0
2022-08-08 18:13:00,63.0
2022-08-08 18:14:00,62.0
2022-08-08 18:15:00,60.0
2022-08-08 18:16:00,62.0
2022-08-08 18:17:00,64.0
2022-08-08 18:18:00,63.0
2022-08-08 18:19:00,61.0
2022-08-08 18:20:00,64.0
2022-08-08 18:21:00,64.0
2022-08-08 18:22:00,62.0
2022-08-08 18:23:00,57.0
2022-08-08 18:24:00,60.0
2022-08-08 18:25:00,56.0
2022-08-08 18:26:00,57.0
2022-08-08 18:27:00,60.0
2022-08-08 18:28:00,57.0
2022-08-08 18:29:00,59.0
2022-08-08 18:30:00,60.0
2022-08-08 18:31:00,59.0
2022-08-08 18:32:00,56.0
2022-08-08 18:33:00,64.0
2022-08-08 18:34:00,61.0
2022-08-08 18:35:00,62.0
2022-08-08 18:36:00,64.0
2022-08-08 18:37:00,60.0
2022-08-08 18:38:00,61.0
2022-08-08 18:39:00,62.0
2022-08-08 18:40:00,62.0
2022-08-08 18:41:00,62.0
2022-08-08 18:42:00,62.0
2022-08-08 18:43:00,62.0
2022-08-08 18:44:00,61.0
2022-08-08 18:45:00,64.0
2022-08-08 18:46:00,64.0
2022-08-08 18:47:00,63.0
2022-08-08 18:48:00,62.0
2022-08-08 18:49:00,62.0
2022-08-08 18:50:00,61.0
2022-08-08 18:51:00,60.0
2022-08-08 18:52:00,59.0
2022-08-08 18:53:00,59.0
2022-08-08 18:54:00,59.0
2022-08-08 18:55:00,60.0
2022-08-08 18:56:00,57.0
2022-08-08 18:57:00,56.0
2022-08-08 18:58:00,59.0
2022-08-08 18:59:00,57.0
2022-08-08 19:00:00,58.0
2022-08-08 19:01:00,58.0
2022-08-08 19:02:00,62.0
2022-08-08 19:03:00,58.0
2022-08-08 19:04:00,57.0
2022-08-08 19:05:00,64.0
2022-08-08 19:06:00,58.0
2022-08-08 19:07:00,56.0
2022-08-08 19:08:00,58.0
2022-08-08 19:09:00,59.0
2022-08-08 19:10:00,57.0
2022-08-08 19:11:00,60.0
2022-08-08 19:12:00,59.0
2022-08-08 19:13:00,62.0
2022-08-08 19:14:00,62.0
2022-08-08 19:15:00,62.0
2022-08-08 19:16:00,62.0
2022-08-08 19:17:00,62.0
2022-08-08 19:18:00,62.0
2022-08-08 19:19:00,60.0
2022-08-08 19:20:00,61.0
2022-08-08 19:21:00,62.0
2022-08-08 19:22:00,62.0
2022-08-08 19:23:00,58.0
2022-08-08 19:24:00,58.0
2022-08-08 19:25:00,57.0
2022-08-08 19:26:00,56.0
2022-08-08 19:27:00,60.0
2022-08-08 19:28:00,61.0
2022-08-08 19:29:00,61.0
2022-08-08 19:30:00,59.0
2022-08-08 19:31:00,60.0
2022-08-08 19:32:00,59.0
2022-08-08 19:33:00,59.0
2022-08-08 19:34:00,59.0
2022-08-08 19:35:00,57.0
2022-08-08 19:36:00,58.0
2022-08-08 19:37:00,55.0
2022-08-08 19:38:00,59.0
2022-08-08 19:39:00,58.0
2022-08-08 19:40:00,58.0
2022-08-08 19:41:00,54.0
2022-08-08 19:42:00,56.0
2022-08-08 19:43:00,60.0
2022-08-08 19:44:00,62.0
2022-08-08 19:45:00,62.0
2022-08-08 19:46:00,62.0
2022-08-08 19:47:00,60.0
2022-08-08 19:48:00,62.0
2022-08-08 19:49:00,62.0
2022-08-08 19:50:00,60.0
2022-08-08 19:51:00,60.0
2022-08-08 19:52:00,56.0
2022-08-08 19:53:00,58.0
2022-08-08 19:54:00,56.0
2022-08-08 19:55:00,57.0
2022-08-08 19:56:00,57.0
2022-08-08 19:57:00,60.0
2022-08-08 19:58:00,58.0
2022-08-08 19:59:00,57.0
2022-08-08 20:00:00,57.0
2022-08-08 20:01:00,58.0
2022-08-08 20:02:00,57.0
2022-08-08 20:03:00,58.0
2022-08-08 20:04:00,57.0
2022-08-08 20:05:00,58.0
2022-08-08 20:06:00,58.0
2022-08-08 20:07:00,55.0
2022-08-08 20:08:00,59.0
2022-08-08 20:09:00,56.0
2022-08-08 20:10:00,56.0
2022-08-08 20:11:00,56.0
2022-08-08 20:12:00,60.0
2022-08-08 20:13:00,56.0
2022-08-08 20:14:00,61.0
2022-08-08 20:15:00,57.0
2022-08-08 20:16:00,56.0
2022-08-08 20:17:00,58.0
2022-08-08 20:18:00,57.0
2022-08-08 20:19:00,56.0
2022-08-08 20:20:00,58.0
2022-08-08 20:21:00,56.0
2022-08-08 20:22:00,59.0
2022-08-08 20:23:00,58.0
2022-08-08 20:24:00,58.0
2022-08-08 20:25:00,60.0
2022-08-08 20:26:00,60.0
2022-08-08 20:27:00,62.0
2022-08-08 20:28:00,60.0
2022-08-08 20:29:00,58.0
2022-08-08 20:30:00,60.0
2022-08-08 20:31:00,56.0
2022-08-08 20:32:00,59.0
2022-08-08 20:33:00,57.0
2022-08-08 20:34:00,60.0
2022-08-08 20:35:00,57.0
2022-08-08 20:36:00,56.0
2022-08-08 20:37:00,56.0
2022-08-08 20:38:00,54.0
2022-08-08 20:39:00,56.0
2022-08-08 20:40:00,55.0
2022-08-08 20:41:00,55.0
2022-08-08 20:42:00,58.0
2022-08-08 20:43:00,56.0
2022-08-08 20:44:00,58.0
2022-08-08 20:45:00,59.0
2022-08-08 20:46:00,58.0
2022-08-08 20:47:00,58.0
2022-08-08 20:48:00,60.0
2022-08-08 20:49:00,58.0
2022-08-08 20:50:00,58.0
2022-08-08 20:51:00,62.0
2022-08-08 20:52:00,62.0
2022-08-08 20:53:00,59.0
2022-08-08 20:54:00,61.0
2022-08-08 20:55:00,62.0
2022-08-08 20:56:00,60.0
2022-08-08 20:57:00,60.0
2022-08-08 20:58:00,58.0
2022-08-08 20:59:00,61.0
2022-08-08 21:00:00,59.0
2022-08-08 21:01:00,60.0
2022-08-08 21:02:00,60.0
2022-08-08 21:03:00,60.0
2022-08-08 21:04:00,60.0
2022-08-08 21:05:00,60.0
2022-08-08 21:06:00,58.0
2022-08-08 21:07:00,54.0
2022-08-08 21:08:00,58.0
2022-08-08 21:09:00,56.0
2022-08-08 21:10:00,58.0
2022-08-08 21:11:00,60.0
2022-08-08 21:12:00,58.0
2022-08-08 21:13:00,56.0
2022-08-08 21:14:00,56.0
2022-08-08 21:15:00,58.0
2022-08-08 21:16:00,58.0
2022-08-08 21:17:00,58.0
2022-08-08 21:18:00,52.0
2022-08-08 21:19:00,54.0
2022-08-08 21:20:00,55.0
2022-08-08 21:21:00,55.0
2022-08-08 21:22:00,56.0
2022-08-08 21:23:00,57.0
2022-08-08 21:24:00,55.0
2022-08-08 21:25:00,54.0
2022-08-08 21:26:00,54.0
2022-08-08 21:27:00,55.0
2022-08-08 21:28:00,58.0
2022-08-08 21:29:00,56.0
2022-08-08 21:30:00,58.0
2022-08-08 21:31:00,53.0
2022-08-08 21:32:00,53.0
2022-08-08 21:33:00,56.0
2022-08-08 21:34:00,59.0
2022-08-08 21:35:00,59.0
2022-08-08 21:36:00,60.0
2022-08-08 21:37:00,58.0
2022-08-08 21:38:00,57.0
2022-08-08 21:39:00,60.0
2022-08-08 21:40:00,58.0
2022-08-08 21:41:00,60.0
2022-08-08 21:42:00,60.0
2022-08-08 21:43:00,60.0
2022-08-08 21:44:00,58.0
2022-08-08 21:45:00,58.0
2022-08-08 21:46:00,58.0
2022-08-08 21:47:00,58.0
2022-08-08 21:48:00,59.0
2022-08-08 21:49:00,58.0
2022-08-08 21:50:00,57.0
2022-08-08 21:51:00,58.0
2022-08-08 21:52:00,58.0
2022-08-08 21:53:00,57.0
2022-08-08 21:54:00,57.0
2022-08-08 21:55:00,58.0
2022-08-08 21:56:00,58.0
2022-08-08 21:57:00,60.0
2022-08-08 21:58:00,56.0
2022-08-08 21:59:00,53.0
2022-08-08 22:00:00,55.0
2022-08-08 22:01:00,58.0
2022-08-08 22:02:00,56.0
2022-08-08 22:03:00,59.0
2022-08-08 22:04:00,59.0
2022-08-08 22:05:00,60.0
2022-08-08 22:06:00,60.0
2022-08-08 22:07:00,60.0
2022-08-08 22:08:00,58.0
2022-08-08 22:09:00,56.0
2022-08-08 22:10:00,58.0
2022-08-08 22:11:00,59.0
2022-08-08 22:12:00,58.0
2022-08-08 22:13:00,58.0
2022-08-08 22:14:00,57.0
2022-08-08 22:15:00,57.0
2022-08-08 22:16:00,59.0
2022-08-08 22:17:00,60.0
2022-08-08 22:18:00,60.0
2022-08-08 22:19:00,59.0
2022-08-08 22:20:00,57.0
2022-08-08 22:21:00,58.0
2022-08-08 22:22:00,58.0
2022-08-08 22:23:00,61.0
2022-08-08 22:24:00,59.0
2022-08-08 22:25:00,62.0
2022-08-08 22:26:00,59.0
2022-08-08 22:27:00,57.0
2022-08-08 22:28:00,60.0
2022-08-08 22:29:00,62.0
2022-08-08 22:30:00,60.0
2022-08-08 22:31:00,59.0
2022-08-08 22:32:00,58.0
2022-08-08 22:33:00,56.0
2022-08-08 22:34:00,58.0
2022-08-08 22:35:00,60.0
2022-08-08 22:36:00,60.0
2022-08-08 22:37:00,58.0
2022-08-08 22:38:00,56.0
2022-08-08 22:39:00,58.0
2022-08-08 22:40:00,57.0
2022-08-08 22:41:00,58.0
2022-08-08 22:42:00,58.0
2022-08-08 22:43:00,56.0
2022-08-08 22:44:00,55.0
2022-08-08 22:45:00,56.0
2022-08-08 22:46:00,55.0
2022-08-08 22:47:00,56.0
2022-08-08 22:48:00,58.0
2022-08-08 22:49:00,56.0
2022-08-08 22:50:00,56.0
2022-08-08 22:51:00,56.0
2022-08-08 22:52:00,56.0
2022-08-08 22:53:00,56.0
2022-08-08 22:54:00,56.0
2022-08-08 22:55:00,58.0
2022-08-08 22:56:00,60.0
2022-08-08 22:57:00,60.0
2022-08-08 22:58:00,60.0
2022-08-08 22:59:00,60.0
2022-08-08 23:00:00,58.0
2022-08-08 23:01:00,58.0
2022-08-08 23:02:00,58.0
2022-08-08 23:03:00,58.0
2022-08-08 23:04:00,60.0
2022-08-08 23:05:00,60.0
2022-08-08 23:06:00,57.0
2022-08-08 23:07:00,58.0
2022-08-08 23:08:00,58.0
2022-08-08 23:09:00,58.0
2022-08-08 23:10:00,57.0
2022-08-08 23:11:00,59.0
2022-08-08 23:12:00,58.0
2022-08-08 23:13:00,54.0
2022-08-08 23:14:00,56.0
2022-08-08 23:15:00,54.0
2022-08-08 23:16:00,58.0
2022-08-08 23:17:00,58.0
2022-08-08 23:18:00,58.0
2022-08-08 23:19:00,54.0
2022-08-08 23:20:00,57.0
2022-08-08 23:21:00,60.0
2022-08-08 23:22:00,54.0
2022-08-08 23:23:00,59.0
2022-08-08 23:24:00,58.0
2022-08-08 23:25:00,58.0
2022-08-08 23:26:00,58.0
2022-08-08 23:27:00,58.0
2022-08-08 23:28:00,59.0
2022-08-08 23:29:00,58.0
2022-08-08 23:30:00,58.0
2022-08-08 23:31:00,58.0
2022-08-08 23:32:00,58.0
2022-08-08 23:33:00,57.0
2022-08-08 23:34:00,54.0
2022-08-08 23:35:00,58.0
2022-08-08 23:36:00,59.0
2022-08-08 23:37:00,56.0
2022-08-08 23:38:00,55.0
2022-08-08 23:39:00,58.0
2022-08-08 23:40:00,56.0
2022-08-08 23:41:00,58.0
2022-08-08 23:42:00,57.0
2022-08-08 23:43:00,54.0
2022-08-08 23:44:00,54.0
2022-08-08 23:45:00,51.0
2022-08-08 23:46:00,48.0
2022-08-08 23:47:00,52.0
2022-08-08 23:48:00,56.0
2022-08-08 23:49:00,56.0
2022-08-08 23:50:00,53.0
2022-08-08 23:51:00,51.0
2022-08-08 23:52:00,52.0
2022-08-08 23:53:00,53.0
2022-08-08 23:54:00,52.0
2022-08-08 23:55:00,51.0
2022-08-08 23:56:00,53.0
2022-08-08 23:57:00,50.0
2022-08-08 23:58:00,49.0
2022-08-08 23:59:00,55.0
2022-08-09 00:00:00,52.0
2022-08-09 00:01:00,54.0
2022-08-09 00:02:00,51.0
2022-08-09 00:03:00,56.0
2022-08-09 00:04:00,56.0
2022-08-09 00:05:00,58.0
2022-08-09 00:06:00,56.0
2022-08-09 00:07:00,57.0
2022-08-09 00:08:00,56.0
2022-08-09 00:09:00,56.0
2022-08-09 00:10:00,55.0
2022-08-09 00:11:00,57.0
2022-08-09 00:12:00,56.0
2022-08-09 00:13:00,56.0
2022-08-09 00:14:00,54.0
2022-08-09 00:15:00,56.0
2022-08-09 00:16:00,56.0
2022-08-09 00:17:00,54.0
2022-08-09 00:18:00,54.0
2022-08-09 00:19:00,56.0
2022-08-09 00:20:00,54.0
2022-08-09 00:21:00,54.0
2022-08-09 00:22:00,56.0
2022-08-09 00:23:00,56.0
2022-08-09 00:24:00,50.0
2022-08-09 00:25:00,51.0
2022-08-09 00:26:00,53.0
2022-08-09 00:27:00,52.0
2022-08-09 00:28:00,55.0
2022-08-09 00:29:00,53.0
2022-08-09 00:30:00,51.0
2022-08-09 00:31:00,53.0
2022-08-09 00:32:00,50.0
2022-08-09 00:33:00,52.0
2022-08-09 00:34:00,50.0
2022-08-09 00:35:00,53.0
2022-08-09 00:36:00,52.0
2022-08-09 00:37:00,53.0
2022-08-09 00:38:00,55.0
2022-08-09 00:39:00,52.0
2022-08-09 00:40:00,54.0
2022-08-09 00:41:00,54.0
2022-08-09 00:42:00,54.0
2022-08-09 00:43:00,52.0
2022-08-09 00:44:00,56.0
2022-08-09 00:45:00,54.0
2022-08-09 00:46:00,54.0
2022-08-09 00:47:00,56.0
2022-08-09 00:48:00,56.0
2022-08-09 00:49:00,56.0
2022-08-09 00:50:00,58.0
2022-08-09 00:51:00,58.0
2022-08-09 00:52:00,58.0
2022-08-09 00:53:00,50.0
2022-08-09 00:54:00,51.0
2022-08-09 00:55:00,55.0
2022-08-09 00:56:00,51.0
2022-08-09 00:57:00,51.0
2022-08-09 00:58:00,50.0
2022-08-09 00:59:00,49.0
2022-08-09 01:00:00,54.0
2022-08-09 01:01:00,48.0
2022-08-09 01:02:00,50.0
2022-08-09 01:03:00,53.0
2022-08-09 01:04:00,56.0
2022-08-09 01:05:00,54.0
2022-08-09 01:06:00,56.0
2022-08-09 01:07:00,56.0
2022-08-09 01:08:00,53.0
2022-08-09 01:09:00,52.0
2022-08-09 01:10:00,53.0
2022-08-09 01:11:00,52.0
2022-08-09 01:12:00,56.0
2022-08-09 01:13:00,50.0
2022-08-09 01:14:00,47.0
2022-08-09 01:15:00,50.0
2022-08-09 01:16:00,50.0
2022-08-09 01:17:00,51.0
2022-08-09 01:18:00,52.0
2022-08-09 01:19:00,49.0
2022-08-09 01:20:00,50.0
2022-08-09 01:21:00,51.0
2022-08-09 01:22:00,51.0
2022-08-09 01:23:00,56.0
2022-08-09 01:24:00,56.0
2022-08-09 01:25:00,54.0
2022-08-09 01:26:00,54.0
2022-08-09 01:27:00,54.0
2022-08-09 01:28:00,58.0
2022-08-09 01:29:00,56.0
2022-08-09 01:30:00,54.0
2022-08-09 01:31:00,54.0
2022-08-09 01:32:00,56.0
2022-08-09 01:33:00,56.0
2022-08-09 01:34:00,55.0
2022-08-09 01:35:00,54.0
2022-08-09 01:36:00,52.0
2022-08-09 01:37:00,52.0
2022-08-09 01:38:00,54.0
2022-08-09 01:39:00,52.0
2022-08-09 01:40:00,52.0
2022-08-09 01:41:00,54.0
2022-08-09 01:42:00,52.0
2022-08-09 01:43:00,50.0
2022-08-09 01:44:00,50.0
2022-08-09 01:45:00,53.0
2022-08-09 01:46:00,50.0
2022-08-09 01:47:00,52.0
2022-08-09 01:48:00,52.0
2022-08-09 01:49:00,50.0
2022-08-09 01:50:00,52.0
2022-08-09 01:51:00,52.0
2022-08-09 01:52:00,52.0
2022-08-09 01:53:00,54.0
2022-08-09 01:54:00,55.0
2022-08-09 01:55:00,52.0
2022-08-09 01:56:00,54.0
2022-08-09 01:57:00,55.0
2022-08-09 01:58:00,53.0
2022-08-09 01:59:00,52.0
2022-08-09 02:00:00,54.0
2022-08-09 02:01:00,53.0
2022-08-09 02:02:00,53.0
2022-08-09 02:03:00,54.0
2022-08-09 02:04:00,54.0
2022-08-09 02:05:00,54.0
2022-08-09 02:06:00,52.0
2022-08-09 02:07:00,52.0
2022-08-09 02:08:00,52.0
2022-08-09 02:09:00,52.0
2022-08-09 02:10:00,53.0
2022-08-09 02:11:00,54.0
2022-08-09 02:12:00,53.0
2022-08-09 02:13:00,52.0
2022-08-09 02:14:00,48.0
2022-08-09 02:15:00,51.0
2022-08-09 02:16:00,50.0
2022-08-09 02:17:00,49.0
2022-08-09 02:18:00,50.0
2022-08-09 02:19:00,49.0
2022-08-09 02:20:00,50.0
2022-08-09 02:21:00,50.0
2022-08-09 02:22:00,49.0
2022-08-09 02:23:00,52.0
2022-08-09 02:24:00,51.0
2022-08-09 02:25:00,54.0
2022-08-09 02:26:00,54.0
2022-08-09 02:27:00,52.0
2022-08-09 02:28:00,52.0
2022-08-09 02:29:00,52.0
2022-08-09 02:30:00,52.0
2022-08-09 02:31:00,52.0
2022-08-09 02:32:00,52.0
2022-08-09 02:33:00,52.0
2022-08-09 02:34:00,50.0
2022-08-09 02:35:00,52.0
2022-08-09 02:36:00,50.0
2022-08-09 02:37:00,50.0
2022-08-09 02:38:00,51.0
2022-08-09 02:39:00,54.0
2022-08-09 02:40:00,54.0
2022-08-09 02:41:00,54.0
2022-08-09 02:42:00,54.0
2022-08-09 02:43:00,54.0
2022-08-09 02:44:00,53.0
2022-08-09 02:45:00,53.0
2022-08-09 02:46:00,52.0
2022-08-09 02:47:00,50.0
2022-08-09 02:48:00,51.0
2022-08-09 02:49:00,53.0
2022-08-09 02:50:00,51.0
2022-08-09 02:51:00,51.0
2022-08-09 02:52:00,48.0
2022-08-09 02:53:00,51.0
2022-08-09 02:54:00,51.0
2022-08-09 02:55:00,52.0
2022-08-09 02:56:00,50.0
2022-08-09 02:57:00,51.0
2022-08-09 02:58:00,55.0
2022-08-09 02:59:00,50.0
2022-08-09 03:00:00,51.0
2022-08-09 03:01:00,52.0
2022-08-09 03:02:00,52.0
2022-08-09 03:03:00,50.0
2022-08-09 03:04:00,54.0
2022-08-09 03:05:00,48.0
2022-08-09 03:06:00,49.0
2022-08-09 03:07:00,48.0
2022-08-09 03:08:00,50.0
2022-08-09 03:09:00,48.0
2022-08-09 03:10:00,48.0
2022-08-09 03:11:00,48.0
2022-08-09 03:12:00,49.0
2022-08-09 03:13:00,52.0
2022-08-09 03:14:00,51.0
2022-08-09 03:15:00,52.0
2022-08-09 03:16:00,52.0
2022-08-09 03:17:00,51.0
2022-08-09 03:18:00,52.0
2022-08-09 03:19:00,52.0
2022-08-09 03:20:00,50.0
2022-08-09 03:21:00,52.0
2022-08-09 03:22:00,51.0
2022-08-09 03:23:00,53.0
2022-08-09 03:24:00,54.0
2022-08-09 03:25:00,52.0
2022-08-09 03:26:00,55.0
2022-08-09 03:27:00,54.0
2022-08-09 03:28:00,54.0
2022-08-09 03:29:00,54.0
2022-08-09 03:30:00,52.0
2022-08-09 03:31:00,54.0
2022-08-09 03:32:00,52.0
2022-08-09 03:33:00,54.0
2022-08-09 03:34:00,54.0
2022-08-09 03:35:00,53.0
2022-08-09 03:36:00,52.0
2022-08-09 03:37:00,52.0
2022-08-09 03:38:00,53.0
2022-08-09 03:39:00,52.0
2022-08-09 03:40:00,53.0
2022-08-09 03:41:00,54.0
2022-08-09 03:42:00,54.0
2022-08-09 03:43:00,54.0
2022-08-09 03:44:00,56.0
2022-08-09 03:45:00,54.0
2022-08-09 03:46:00,52.0
2022-08-09 03:47:00,52.0
2022-08-09 03:48:00,55.0
2022-08-09 03:49:00,56.0
2022-08-09 03:50:00,53.0
2022-08-09 03:51:00,54.0
2022-08-09 03:52:00,54.0
2022-08-09 03:53:00,56.0
2022-08-09 03:54:00,51.0
2022-08-09 03:55:00,52.0
2022-08-09 03:56:00,50.0
2022-08-09 03:57:00,52.0
2022-08-09 03:58:00,50.0
2022-08-09 03:59:00,52.0
2022-08-09 04:00:00,51.0
2022-08-09 04:01:00,50.0
2022-08-09 04:02:00,52.0
2022-08-09 04:03:00,52.0
2022-08-09 04:04:00,50.0
2022-08-09 04:05:00,53.0
2022-08-09 04:06:00,52.0
2022-08-09 04:07:00,52.0
2022-08-09 04:08:00,50.0
2022-08-09 04:09:00,51.0
2022-08-09 04:10:00,54.0
2022-08-09 04:11:00,51.0
2022-08-09 04:12:00,50.0
2022-08-09 04:13:00,52.0
2022-08-09 04:14:00,52.0
2022-08-09 04:15:00,50.0
2022-08-09 04:16:00,50.0
2022-08-09 04:17:00,52.0
2022-08-09 04:18:00,56.0
2022-08-09 04:19:00,51.0
2022-08-09 04:20:00,56.0
2022-08-09 04:21:00,53.0
2022-08-09 04:22:00,54.0
2022-08-09 04:23:00,56.0
2022-08-09 04:24:00,57.0
2022-08-09 04:25:00,58.0
2022-08-09 04:26:00,52.0
2022-08-09 04:27:00,52.0
2022-08-09 04:28:00,54.0
2022-08-09 04:29:00,56.0
2022-08-09 04:30:00,56.0
2022-08-09 04:31:00,56.0
2022-08-09 04:32:00,58.0
2022-08-09 04:33:00,58.0
2022-08-09 04:34:00,57.0
2022-08-09 04:35:00,56.0
2022-08-09 04:36:00,57.0
2022-08-09 04:37:00,56.0
2022-08-09 04:38:00,53.0
2022-08-09 04:39:00,57.0
2022-08-09 04:40:00,55.0
2022-08-09 04:41:00,56.0
2022-08-09 04:42:00,57.0
2022-08-09 04:43:00,56.0
2022-08-09 04:44:00,53.0
2022-08-09 04:45:00,54.0
2022-08-09 04:46:00,54.0
2022-08-09 04:47:00,52.0
2022-08-09 04:48:00,52.0
2022-08-09 04:49:00,53.0
2022-08-09 04:50:00,54.0
2022-08-09 04:51:00,56.0
2022-08-09 04:52:00,57.0
2022-08-09 04:53:00,54.0
2022-08-09 04:54:00,54.0
2022-08-09 04:55:00,54.0
2022-08-09 04:56:00,58.0
2022-08-09 04:57:00,56.0
2022-08-09 04:58:00,56.0
2022-08-09 04:59:00,57.0
2022-08-09 05:00:00,56.0
2022-08-09 05:01:00,54.0
2022-08-09 05:02:00,56.0
2022-08-09 05:03:00,54.0
2022-08-09 05:04:00,57.0
2022-08-09 05:05:00,58.0
2022-08-09 05:06:00,56.0
2022-08-09 05:07:00,57.0
2022-08-09 05:08:00,56.0
2022-08-09 05:09:00,54.0
2022-08-09 05:10:00,54.0
2022-08-09 05:11:00,56.0
2022-08-09 05:12:00,56.0
2022-08-09 05:13:00,49.0
2022-08-09 05:14:00,51.0
2022-08-09 05:15:00,49.0
2022-08-09 05:16:00,50.0
2022-08-09 05:17:00,54.0
2022-08-09 05:18:00,52.0
2022-08-09 05:19:00,51.0
2022-08-09 05:20:00,50.0
2022-08-09 05:21:00,48.0
2022-08-09 05:22:00,50.0
2022-08-09 05:23:00,51.0
2022-08-09 05:24:00,50.0
2022-08-09 05:25:00,53.0
2022-08-09 05:26:00,56.0
2022-08-09 05:27:00,49.0
2022-08-09 05:28:00,52.0
2022-08-09 05:29:00,54.0
2022-08-09 05:30:00,58.0
2022-08-09 05:31:00,53.0
2022-08-09 05:32:00,55.0
2022-08-09 05:33:00,53.0
2022-08-09 05:34:00,50.0
2022-08-09 05:35:00,56.0
2022-08-09 05:36:00,52.0
2022-08-09 05:37:00,53.0
2022-08-09 05:38:00,55.0
2022-08-09 05:39:00,53.0
2022-08-09 05:40:00,57.0
2022-08-09 05:41:00,54.0
2022-08-09 05:42:00,52.0
2022-08-09 05:43:00,53.0
2022-08-09 05:44:00,53.0
2022-08-09 05:45:00,54.0
2022-08-09 05:46:00,55.0
2022-08-09 05:47:00,55.0
2022-08-09 05:48:00,55.0
2022-08-09 05:49:00,54.0
2022-08-09 05:50:00,56.0
2022-08-09 05:51:00,54.0
2022-08-09 05:52:00,56.0
2022-08-09 05:53:00,54.0
2022-08-09 05:54:00,50.0
2022-08-09 05:55:00,50.0
2022-08-09 05:56:00,56.0
2022-08-09 05:57:00,54.0
2022-08-09 05:58:00,56.0
2022-08-09 05:59:00,55.0
2022-08-09 06:00:00,50.0
2022-08-09 06:01:00,55.0
2022-08-09 06:02:00,54.0
2022-08-09 06:03:00,55.0
2022-08-09 06:04:00,56.0
2022-08-09 06:05:00,56.0
2022-08-09 06:06:00,53.0
2022-08-09 06:07:00,53.0
2022-08-09 06:08:00,53.0
2022-08-09 06:09:00,52.0
2022-08-09 06:10:00,56.0
2022-08-09 06:11:00,60.0
2022-08-09 06:12:00,54.0
2022-08-09 06:13:00,60.0
2022-08-09 06:14:00,58.0
2022-08-09 06:15:00,51.0
2022-08-09 06:16:00,60.0
2022-08-09 06:17:00,59.0
2022-08-09 06:18:00,55.0
2022-08-09 06:19:00,55.0
2022-08-09 06:20:00,58.0
2022-08-09 06:21:00,60.0
2022-08-09 06:22:00,55.0
2022-08-09 06:23:00,56.0
2022-08-09 06:24:00,54.0
2022-08-09 06:25:00,55.0
2022-08-09 06:26:00,54.0
2022-08-09 06:27:00,56.0
2022-08-09 06:28:00,54.0
2022-08-09 06:29:00,56.0
2022-08-09 06:30:00,54.0
2022-08-09 06:31:00,54.0
2022-08-09 06:32:00,54.0
2022-08-09 06:33:00,54.0
2022-08-09 06:34:00,53.0
2022-08-09 06:35:00,60.0
2022-08-09 06:36:00,56.0
2022-08-09 06:37:00,57.0
2022-08-09 06:38:00,55.0
2022-08-09 06:39:00,57.0
2022-08-09 06:40:00,58.0
2022-08-09 06:41:00,60.0
2022-08-09 06:42:00,59.0
2022-08-09 06:43:00,59.0
2022-08-09 06:44:00,58.0
2022-08-09 06:45:00,56.0
2022-08-09 06:46:00,56.0
2022-08-09 06:47:00,58.0
2022-08-09 06:48:00,56.0
2022-08-09 06:49:00,56.0
2022-08-09 06:50:00,54.0
2022-08-09 06:51:00,56.0
2022-08-09 06:52:00,58.0
2022-08-09 06:53:00,55.0
2022-08-09 06:54:00,57.0
2022-08-09 06:55:00,59.0
2022-08-09 06:56:00,57.0
2022-08-09 06:57:00,56.0
2022-08-09 06:58:00,57.0
2022-08-09 06:59:00,56.0
2022-08-09 07:00:00,56.0
2022-08-09 07:01:00,56.0
2022-08-09 07:02:00,55.0
2022-08-09 07:03:00,56.0
2022-08-09 07:04:00,56.0
2022-08-09 07:05:00,59.0
2022-08-09 07:06:00,60.0
2022-08-09 07:07:00,54.0
2022-08-09 07:08:00,56.0
2022-08-09 07:09:00,58.0
2022-08-09 07:10:00,54.0
2022-08-09 07:11:00,56.0
2022-08-09 07:12:00,58.0
2022-08-09 07:13:00,59.0
2022-08-09 07:14:00,58.0
2022-08-09 07:15:00,60.0
2022-08-09 07:16:00,57.0
2022-08-09 07:17:00,56.0
2022-08-09 07:18:00,58.0
2022-08-09 07:19:00,56.0
2022-08-09 07:20:00,56.0
2022-08-09 07:21:00,58.0
2022-08-09 07:22:00,58.0
2022-08-09 07:23:00,58.0
2022-08-09 07:24:00,61.0
2022-08-09 07:25:00,58.0
2022-08-09 07:26:00,60.0
2022-08-09 07:27:00,61.0
2022-08-09 07:28:00,60.0
2022-08-09 07:29:00,59.0
2022-08-09 07:30:00,59.0
2022-08-09 07:31:00,59.0
2022-08-09 07:32:00,58.0
2022-08-09 07:33:00,62.0
2022-08-09 07:34:00,60.0
2022-08-09 07:35:00,60.0
2022-08-09 07:36:00,61.0
2022-08-09 07:37:00,60.0
2022-08-09 07:38:00,62.0
2022-08-09 07:39:00,62.0
2022-08-09 07:40:00,60.0
2022-08-09 07:41:00,61.0
2022-08-09 07:42:00,60.0
2022-08-09 07:43:00,63.0
2022-08-09 07:44:00,58.0
2022-08-09 07:45:00,58.0
2022-08-09 07:46:00,62.0
2022-08-09 07:47:00,60.0
2022-08-09 07:48:00,59.0
2022-08-09 07:49:00,64.0
2022-08-09 07:50:00,58.0
2022-08-09 07:51:00,60.0
2022-08-09 07:52:00,61.0
2022-08-09 07:53:00,58.0
2022-08-09 07:54:00,61.0
2022-08-09 07:55:00,59.0
2022-08-09 07:56:00,59.0
2022-08-09 07:57:00,60.0
2022-08-09 07:58:00,58.0
2022-08-09 07:59:00,60.0
2022-08-09 08:00:00,58.0
2022-08-09 08:01:00,60.0
2022-08-09 08:02:00,58.0
2022-08-09 08:03:00,60.0
2022-08-09 08:04:00,62.0
2022-08-09 08:05:00,60.0
2022-08-09 08:06:00,60.0
2022-08-09 08:07:00,60.0
2022-08-09 08:08:00,62.0
2022-08-09 08:09:00,60.0
2022-08-09 08:10:00,59.0
2022-08-09 08:11:00,61.0
2022-08-09 08:12:00,62.0
2022-08-09 08:13:00,58.0
2022-08-09 08:14:00,61.0
2022-08-09 08:15:00,62.0
2022-08-09 08:16:00,60.0
2022-08-09 08:17:00,62.0
2022-08-09 08:18:00,60.0
2022-08-09 08:19:00,58.0
2022-08-09 08:20:00,62.0
2022-08-09 08:21:00,60.0
2022-08-09 08:22:00,58.0
2022-08-09 08:23:00,61.0
2022-08-09 08:24:00,60.0
2022-08-09 08:25:00,60.0
2022-08-09 08:26:00,62.0
2022-08-09 08:27:00,60.0
2022-08-09 08:28:00,60.0
2022-08-09 08:29:00,62.0
2022-08-09 08:30:00,60.0
2022-08-09 08:31:00,61.0
2022-08-09 08:32:00,62.0
2022-08-09 08:33:00,63.0
2022-08-09 08:34:00,60.0
2022-08-09 08:35:00,60.0
2022-08-09 08:36:00,61.0
2022-08-09 08:37:00,61.0
2022-08-09 08:38:00,60.0
2022-08-09 08:39:00,62.0
2022-08-09 08:40:00,60.0
2022-08-09 08:41:00,61.0
2022-08-09 08:42:00,62.0
2022-08-09 08:43:00,60.0
2022-08-09 08:44:00,62.0
2022-08-09 08:45:00,60.0
2022-08-09 08:46:00,62.0
2022-08-09 08:47:00,62.0
2022-08-09 08:48:00,62.0
2022-08-09 08:49:00,61.0
2022-08-09 08:50:00,62.0
2022-08-09 08:51:00,62.0
2022-08-09 08:52:00,60.0
2022-08-09 08:53:00,61.0
2022-08-09 08:54:00,61.0
2022-08-09 08:55:00,60.0
2022-08-09 08:56:00,60.0
2022-08-09 08:57:00,60.0
2022-08-09 08:58:00,62.0
2022-08-09 08:59:00,62.0
2022-08-09 09:00:00,62.0
2022-08-09 09:01:00,62.0
2022-08-09 09:02:00,61.0
2022-08-09 09:03:00,62.0
2022-08-09 09:04:00,60.0
2022-08-09 09:05:00,62.0
2022-08-09 09:06:00,62.0
2022-08-09 09:07:00,63.0
2022-08-09 09:08:00,62.0
2022-08-09 09:09:00,62.0
2022-08-09 09:10:00,62.0
2022-08-09 09:11:00,60.0
2022-08-09 09:12:00,63.0
2022-08-09 09:13:00,62.0
2022-08-09 09:14:00,61.0
2022-08-09 09:15:00,61.0
2022-08-09 09:16:00,59.0
2022-08-09 09:17:00,62.0
2022-08-09 09:18:00,62.0
2022-08-09 09:19:00,61.0
2022-08-09 09:20:00,62.0
2022-08-09 09:21:00,60.0
2022-08-09 09:22:00,60.0
2022-08-09 09:23:00,56.0
2022-08-09 09:24:00,61.0
2022-08-09 09:25:00,66.0
2022-08-09 09:26:00,58.0
2022-08-09 09:27:00,60.0
2022-08-09 09:28:00,59.0
2022-08-09 09:29:00,59.0
2022-08-09 09:30:00,60.0
2022-08-09 09:31:00,58.0
2022-08-09 09:32:00,58.0
2022-08-09 09:33:00,62.0
2022-08-09 09:34:00,59.0
2022-08-09 09:35:00,60.0
2022-08-09 09:36:00,62.0
2022-08-09 09:37:00,59.0
2022-08-09 09:38:00,60.0
2022-08-09 09:39:00,61.0
2022-08-09 09:40:00,64.0
2022-08-09 09:41:00,61.0
2022-08-09 09:42:00,60.0
2022-08-09 09:43:00,63.0
2022-08-09 09:44:00,65.0
2022-08-09 09:45:00,59.0
2022-08-09 09:46:00,60.0
2022-08-09 09:47:00,57.0
2022-08-09 09:48:00,59.0
2022-08-09 09:49:00,60.0
2022-08-09 09:50:00,59.0
2022-08-09 09:51:00,58.0
2022-08-09 09:52:00,63.0
2022-08-09 09:53:00,61.0
2022-08-09 09:54:00,58.0
2022-08-09 09:55:00,60.0
2022-08-09 09:56:00,61.0
2022-08-09 09:57:00,61.0
2022-08-09 09:58:00,56.0
2022-08-09 09:59:00,60.0
2022-08-09 10:00:00,58.0
2022-08-09 10:01:00,57.0
2022-08-09 10:02:00,58.0
2022-08-09 10:03:00,60.0
2022-08-09 10:04:00,60.0
2022-08-09 10:05:00,60.0
2022-08-09 10:06:00,62.0
2022-08-09 10:07:00,62.0
2022-08-09 10:08:00,60.0
2022-08-09 10:09:00,62.0
2022-08-09 10:10:00,61.0
2022-08-09 10:11:00,63.0
2022-08-09 10:12:00,61.0
2022-08-09 10:13:00,56.0
2022-08-09 10:14:00,58.0
2022-08-09 10:15:00,62.0
2022-08-09 10:16:00,58.0
2022-08-09 10:17:00,59.0
2022-08-09 10:18:00,64.0
2022-08-09 10:19:00,58.0
2022-08-09 10:20:00,56.0
2022-08-09 10:21:00,61.0
2022-08-09 10:22:00,63.0
2022-08-09 10:23:00,58.0
2022-08-09 10:24:00,60.0
2022-08-09 10:25:00,59.0
2022-08-09 10:26:00,60.0
2022-08-09 10:27:00,60.0
2022-08-09 10:28:00,61.0
2022-08-09 10:29:00,57.0
2022-08-09 10:30:00,58.0
2022-08-09 10:31:00,59.0
2022-08-09 10:32:00,59.0
2022-08-09 10:33:00,59.0
2022-08-09 10:34:00,60.0
2022-08-09 10:35:00,58.0
2022-08-09 10:36:00,60.0
2022-08-09 10:37:00,63.0
2022-08-09 10:38:00,62.0
2022-08-09 10:39:00,59.0
2022-08-09 10:40:00,61.0
2022-08-09 10:41:00,58.0
2022-08-09 10:42:00,59.0
2022-08-09 10:43:00,65.0
2022-08-09 10:44:00,59.0
2022-08-09 10:45:00,59.0
2022-08-09 10:46:00,60.0
2022-08-09 10:47:00,56.0
2022-08-09 10:48:00,59.0
2022-08-09 10:49:00,61.0
2022-08-09 10:50:00,60.0
2022-08-09 10:51:00,58.0
2022-08-09 10:52:00,58.0
2022-08-09 10:53:00,62.0
2022-08-09 10:54:00,60.0
2022-08-09 10:55:00,60.0
2022-08-09 10:56:00,61.0
2022-08-09 10:57:00,61.0
2022-08-09 10:58:00,62.0
2022-08-09 10:59:00,62.0
2022-08-09 11:00:00,61.0
2022-08-09 11:01:00,60.0
2022-08-09 11:02:00,62.0
2022-08-09 11:03:00,62.0
2022-08-09 11:04:00,60.0
2022-08-09 11:05:00,62.0
2022-08-09 11:06:00,64.0
2022-08-09 11:07:00,60.0
2022-08-09 11:08:00,62.0
2022-08-09 11:09:00,60.0
2022-08-09 11:10:00,61.0
2022-08-09 11:11:00,61.0
2022-08-09 11:12:00,62.0
2022-08-09 11:13:00,62.0
2022-08-09 11:14:00,59.0
2022-08-09 11:15:00,63.0
2022-08-09 11:16:00,58.0
2022-08-09 11:17:00,59.0
2022-08-09 11:18:00,61.0
2022-08-09 11:19:00,58.0
2022-08-09 11:20:00,61.0
2022-08-09 11:21:00,61.0
2022-08-09 11:22:00,60.0
2022-08-09 11:23:00,63.0
2022-08-09 11:24:00,61.0
2022-08-09 11:25:00,61.0
2022-08-09 11:26:00,63.0
2022-08-09 11:27:00,62.0
2022-08-09 11:28:00,62.0
2022-08-09 11:29:00,64.0
2022-08-09 11:30:00,64.0
2022-08-09 11:31:00,66.0
2022-08-09 11:32:00,64.0
2022-08-09 11:33:00,66.0
2022-08-09 11:34:00,64.0
2022-08-09 11:35:00,64.0
2022-08-09 11:36:00,68.0
2022-08-09 11:37:00,65.0
2022-08-09 11:38:00,64.0
2022-08-09 11:39:00,64.0
2022-08-09 11:40:00,64.0
2022-08-09 11:41:00,62.0
2022-08-09 11:42:00,62.0
2022-08-09 11:43:00,62.0
2022-08-09 11:44:00,60.0
2022-08-09 11:45:00,58.0
2022-08-09 11:46:00,61.0
2022-08-09 11:47:00,60.0
2022-08-09 11:48:00,61.0
2022-08-09 11:49:00,61.0
2022-08-09 11:50:00,62.0
2022-08-09 11:51:00,59.0
2022-08-09 11:52:00,61.0
2022-08-09 11:53:00,60.0
2022-08-09 11:54:00,60.0
2022-08-09 11:55:00,60.0
2022-08-09 11:56:00,62.0
2022-08-09 11:57:00,64.0
2022-08-09 11:58:00,62.0
2022-08-09 11:59:00,62.0
2022-08-09 12:00:00,64.0
2022-08-09 12:01:00,62.0
2022-08-09 12:02:00,62.0
2022-08-09 12:03:00,62.0
2022-08-09 12:04:00,60.0
2022-08-09 12:05:00,64.0
2022-08-09 12:06:00,66.0
2022-08-09 12:07:00,66.0
2022-08-09 12:08:00,64.0
2022-08-09 12:09:00,63.0
2022-08-09 12:10:00,61.0
2022-08-09 12:11:00,60.0
2022-08-09 12:12:00,64.0
2022-08-09 12:13:00,61.0
2022-08-09 12:14:00,66.0
2022-08-09 12:15:00,61.0
2022-08-09 12:16:00,59.0
2022-08-09 12:17:00,60.0
2022-08-09 12:18:00,61.0
2022-08-09 12:19:00,65.0
2022-08-09 12:20:00,58.0
2022-08-09 12:21:00,62.0
2022-08-09 12:22:00,60.0
2022-08-09 12:23:00,62.0
2022-08-09 12:24:00,60.0
2022-08-09 12:25:00,64.0
2022-08-09 12:26:00,58.0
2022-08-09 12:27:00,67.0
2022-08-09 12:28:00,61.0
2022-08-09 12:29:00,64.0
2022-08-09 12:30:00,65.0
2022-08-09 12:31:00,64.0
2022-08-09 12:32:00,64.0
2022-08-09 12:33:00,65.0
2022-08-09 12:34:00,62.0
2022-08-09 12:35:00,59.0
2022-08-09 12:36:00,61.0
2022-08-09 12:37:00,64.0
2022-08-09 12:38:00,58.0
2022-08-09 12:39:00,59.0
2022-08-09 12:40:00,60.0
2022-08-09 12:41:00,57.0
2022-08-09 12:42:00,59.0
2022-08-09 12:43:00,61.0
2022-08-09 12:44:00,60.0
2022-08-09 12:45:00,60.0
2022-08-09 12:46:00,61.0
2022-08-09 12:47:00,59.0
2022-08-09 12:48:00,58.0
2022-08-09 12:49:00,60.0
2022-08-09 12:50:00,58.0
2022-08-09 12:51:00,60.0
2022-08-09 12:52:00,62.0
2022-08-09 12:53:00,58.0
2022-08-09 12:54:00,61.0
2022-08-09 12:55:00,70.0
2022-08-09 12:56:00,62.0
2022-08-09 12:57:00,62.0
2022-08-09 12:58:00,57.0
2022-08-09 12:59:00,61.0
2022-08-09 13:00:00,65.0
2022-08-09 13:01:00,66.0
2022-08-09 13:02:00,68.0
2022-08-09 13:03:00,63.0
2022-08-09 13:04:00,64.0
2022-08-09 13:05:00,69.0
2022-08-09 13:06:00,63.0
2022-08-09 13:07:00,60.0
2022-08-09 13:08:00,64.0
2022-08-09 13:09:00,62.0
2022-08-09 13:10:00,58.0
2022-08-09 13:11:00,61.0
2022-08-09 13:12:00,65.0
2022-08-09 13:13:00,63.0
2022-08-09 13:14:00,66.0
2022-08-09 13:15:00,62.0
2022-08-09 13:16:00,60.0
2022-08-09 13:17:00,61.0
2022-08-09 13:18:00,66.0
2022-08-09 13:19:00,64.0
2022-08-09 13:20:00,61.0
2022-08-09 13:21:00,73.0
2022-08-09 13:22:00,63.0
2022-08-09 13:23:00,62.0
2022-08-09 13:24:00,63.0
2022-08-09 13:25:00,62.0
2022-08-09 13:26:00,65.0
2022-08-09 13:27:00,62.0
2022-08-09 13:28:00,64.0
2022-08-09 13:29:00,65.0
2022-08-09 13:30:00,65.0
2022-08-09 13:31:00,63.0
2022-08-09 13:32:00,64.0
2022-08-09 13:33:00,66.0
2022-08-09 13:34:00,64.0
2022-08-09 13:35:00,64.0
2022-08-09 13:36:00,65.0
2022-08-09 13:37:00,64.0
2022-08-09 13:38:00,67.0
2022-08-09 13:39:00,66.0
2022-08-09 13:40:00,66.0
2022-08-09 13:41:00,69.0
2022-08-09 13:42:00,65.0
2022-08-09 13:43:00,69.0
2022-08-09 13:44:00,67.0
2022-08-09 13:45:00,68.0
2022-08-09 13:46:00,68.0
2022-08-09 13:47:00,70.0
2022-08-09 13:48:00,70.0
2022-08-09 13:49:00,67.0
2022-08-09 13:50:00,61.0
2022-08-09 13:51:00,68.0
2022-08-09 13:52:00,70.0
2022-08-09 13:53:00,68.0
2022-08-09 13:54:00,64.0
2022-08-09 13:55:00,69.0
2022-08-09 13:56:00,65.0
2022-08-09 13:57:00,64.0
2022-08-09 13:58:00,67.0
2022-08-09 13:59:00,64.0
2022-08-09 14:00:00,66.0
2022-08-09 14:01:00,64.0
2022-08-09 14:02:00,64.0
2022-08-09 14:03:00,61.0
2022-08-09 14:04:00,60.0
2022-08-09 14:05:00,60.0
2022-08-09 14:06:00,65.0
2022-08-09 14:07:00,63.0
2022-08-09 14:08:00,62.0
2022-08-09 14:09:00,61.0
2022-08-09 14:10:00,64.0
2022-08-09 14:11:00,61.0
2022-08-09 14:12:00,65.0
2022-08-09 14:13:00,64.0
2022-08-09 14:14:00,62.0
2022-08-09 14:15:00,62.0
2022-08-09 14:16:00,62.0
2022-08-09 14:17:00,62.0
2022-08-09 14:18:00,64.0
2022-08-09 14:19:00,64.0
2022-08-09 14:20:00,64.0
2022-08-09 14:21:00,62.0
2022-08-09 14:22:00,64.0
2022-08-09 14:23:00,61.0
2022-08-09 14:24:00,64.0
2022-08-09 14:25:00,60.0
2022-08-09 14:26:00,60.0
2022-08-09 14:27:00,63.0
2022-08-09 14:28:00,68.0
2022-08-09 14:29:00,61.0
2022-08-09 14:30:00,60.0
2022-08-09 14:31:00,61.0
2022-08-09 14:32:00,58.0
2022-08-09 14:33:00,67.0
2022-08-09 14:34:00,64.0
2022-08-09 14:35:00,64.0
2022-08-09 14:36:00,66.0
2022-08-09 14:37:00,64.0
2022-08-09 14:38:00,58.0
2022-08-09 14:39:00,60.0
2022-08-09 14:40:00,62.0
2022-08-09 14:41:00,56.0
2022-08-09 14:42:00,58.0
2022-08-09 14:43:00,59.0
2022-08-09 14:44:00,58.0
2022-08-09 14:45:00,56.0
2022-08-09 14:46:00,63.0
2022-08-09 14:47:00,65.0
2022-08-09 14:48:00,58.0
2022-08-09 14:49:00,66.0
2022-08-09 14:50:00,64.0
2022-08-09 14:51:00,63.0
2022-08-09 14:52:00,59.0
2022-08-09 14:53:00,60.0
2022-08-09 14:54:00,64.0
2022-08-09 14:55:00,60.0
2022-08-09 14:56:00,64.0
2022-08-09 14:57:00,59.0
2022-08-09 14:58:00,56.0
2022-08-09 14:59:00,63.0
2022-08-09 15:00:00,64.0
2022-08-09 15:01:00,69.0
2022-08-09 15:02:00,63.0
2022-08-09 15:03:00,67.0
2022-08-09 15:04:00,64.0
2022-08-09 15:05:00,62.0
2022-08-09 15:06:00,64.0
2022-08-09 15:07:00,63.0
2022-08-09 15:08:00,63.0
2022-08-09 15:09:00,63.0
2022-08-09 15:10:00,64.0
2022-08-09 15:11:00,63.0
2022-08-09 15:12:00,64.0
2022-08-09 15:13:00,59.0
2022-08-09 15:14:00,59.0
2022-08-09 15:15:00,65.0
2022-08-09 15:16:00,61.0
2022-08-09 15:17:00,59.0
2022-08-09 15:18:00,63.0
2022-08-09 15:19:00,64.0
2022-08-09 15:20:00,61.0
2022-08-09 15:21:00,64.0
2022-08-09 15:22:00,59.0
2022-08-09 15:23:00,59.0
2022-08-09 15:24:00,62.0
2022-08-09 15:25:00,61.0
2022-08-09 15:26:00,60.0
2022-08-09 15:27:00,63.0
2022-08-09 15:28:00,61.0
2022-08-09 15:29:00,67.0
2022-08-09 15:30:00,69.0
2022-08-09 15:31:00,64.0
2022-08-09 15:32:00,65.0
2022-08-09 15:33:00,64.0
2022-08-09 15:34:00,70.0
2022-08-09 15:35:00,66.0
2022-08-09 15:36:00,60.0
2022-08-09 15:37:00,62.0
2022-08-09 15:38:00,60.0
2022-08-09 15:39:00,60.0
2022-08-09 15:40:00,64.0
2022-08-09 15:41:00,60.0
2022-08-09 15:42:00,63.0
2022-08-09 15:43:00,62.0
2022-08-09 15:44:00,62.0
2022-08-09 15:45:00,61.0
2022-08-09 15:46:00,62.0
2022-08-09 15:47:00,62.0
2022-08-09 15:48:00,66.0
2022-08-09 15:49:00,61.0
2022-08-09 15:50:00,64.0
2022-08-09 15:51:00,64.0
2022-08-09 15:52:00,64.0
2022-08-09 15:53:00,64.0
2022-08-09 15:54:00,64.0
2022-08-09 15:55:00,58.0
2022-08-09 15:56:00,71.0
2022-08-09 15:57:00,64.0
2022-08-09 15:58:00,59.0
2022-08-09 15:59:00,68.0
2022-08-09 16:00:00,61.0
2022-08-09 16:01:00,62.0
2022-08-09 16:02:00,69.0
2022-08-09 16:03:00,65.0
2022-08-09 16:04:00,65.0
2022-08-09 16:05:00,66.0
2022-08-09 16:06:00,63.0
2022-08-09 16:07:00,57.0
2022-08-09 16:08:00,65.0
2022-08-09 16:09:00,62.0
2022-08-09 16:10:00,60.0
2022-08-09 16:11:00,63.0
2022-08-09 16:12:00,65.0
2022-08-09 16:13:00,62.0
2022-08-09 16:14:00,64.0
2022-08-09 16:15:00,62.0
2022-08-09 16:16:00,64.0
2022-08-09 16:17:00,62.0
2022-08-09 16:18:00,64.0
2022-08-09 16:19:00,62.0
2022-08-09 16:20:00,64.0
2022-08-09 16:21:00,64.0
2022-08-09 16:22:00,62.0
2022-08-09 16:23:00,61.0
2022-08-09 16:24:00,63.0
2022-08-09 16:25:00,62.0
2022-08-09 16:26:00,60.0
2022-08-09 16:27:00,62.0
2022-08-09 16:28:00,62.0
2022-08-09 16:29:00,62.0
2022-08-09 16:30:00,66.0
2022-08-09 16:31:00,62.0
2022-08-09 16:32:00,61.0
2022-08-09 16:33:00,64.0
2022-08-09 16:34:00,62.0
2022-08-09 16:35:00,64.0
2022-08-09 16:36:00,64.0
2022-08-09 16:37:00,66.0
2022-08-09 16:38:00,63.0
2022-08-09 16:39:00,66.0
2022-08-09 16:40:00,64.0
2022-08-09 16:41:00,64.0
2022-08-09 16:42:00,63.0
2022-08-09 16:43:00,60.0
2022-08-09 16:44:00,58.0
2022-08-09 16:45:00,63.0
2022-08-09 16:46:00,61.0
2022-08-09 16:47:00,61.0
2022-08-09 16:48:00,59.0
2022-08-09 16:49:00,60.0
2022-08-09 16:50:00,60.0
2022-08-09 16:51:00,58.0
2022-08-09 16:52:00,62.0
2022-08-09 16:53:00,61.0
2022-08-09 16:54:00,61.0
2022-08-09 16:55:00,58.0
2022-08-09 16:56:00,61.0
2022-08-09 16:57:00,60.0
2022-08-09 16:58:00,60.0
2022-08-09 16:59:00,62.0
2022-08-09 17:00:00,61.0
2022-08-09 17:01:00,58.0
2022-08-09 17:02:00,69.0
2022-08-09 17:03:00,64.0
2022-08-09 17:04:00,66.0
2022-08-09 17:05:00,63.0
2022-08-09 17:06:00,61.0
2022-08-09 17:07:00,57.0
2022-08-09 17:08:00,63.0
2022-08-09 17:09:00,68.0
2022-08-09 17:10:00,66.0
2022-08-09 17:11:00,66.0
2022-08-09 17:12:00,62.0
2022-08-09 17:13:00,64.0
2022-08-09 17:14:00,64.0
2022-08-09 17:15:00,64.0
2022-08-09 17:16:00,64.0
2022-08-09 17:17:00,64.0
2022-08-09 17:18:00,64.0
2022-08-09 17:19:00,62.0
2022-08-09 17:20:00,64.0
2022-08-09 17:21:00,64.0
2022-08-09 17:22:00,66.0
2022-08-09 17:23:00,65.0
2022-08-09 17:24:00,66.0
2022-08-09 17:25:00,61.0
2022-08-09 17:26:00,58.0
2022-08-09 17:27:00,61.0
2022-08-09 17:28:00,61.0
2022-08-09 17:29:00,59.0
2022-08-09 17:30:00,62.0
2022-08-09 17:31:00,64.0
2022-08-09 17:32:00,60.0
2022-08-09 17:33:00,61.0
2022-08-09 17:34:00,65.0
2022-08-09 17:35:00,59.0
2022-08-09 17:36:00,65.0
2022-08-09 17:37:00,62.0
2022-08-09 17:38:00,60.0
2022-08-09 17:39:00,59.0
2022-08-09 17:40:00,60.0
2022-08-09 17:41:00,58.0
2022-08-09 17:42:00,59.0
2022-08-09 17:43:00,62.0
2022-08-09 17:44:00,63.0
2022-08-09 17:45:00,64.0
2022-08-09 17:46:00,63.0
2022-08-09 17:47:00,65.0
2022-08-09 17:48:00,63.0
2022-08-09 17:49:00,64.0
2022-08-09 17:50:00,64.0
2022-08-09 17:51:00,64.0
2022-08-09 17:52:00,63.0
2022-08-09 17:53:00,62.0
2022-08-09 17:54:00,63.0
2022-08-09 17:55:00,61.0
2022-08-09 17:56:00,62.0
2022-08-09 17:57:00,59.0
2022-08-09 17:58:00,60.0
2022-08-09 17:59:00,61.0
2022-08-09 18:00:00,57.0
2022-08-09 18:01:00,57.0
2022-08-09 18:02:00,59.0
2022-08-09 18:03:00,60.0
2022-08-09 18:04:00,59.0
2022-08-09 18:05:00,62.0
2022-08-09 18:06:00,61.0
2022-08-09 18:07:00,57.0
2022-08-09 18:08:00,59.0
2022-08-09 18:09:00,66.0
2022-08-09 18:10:00,65.0
2022-08-09 18:11:00,59.0
2022-08-09 18:12:00,63.0
2022-08-09 18:13:00,61.0
2022-08-09 18:14:00,62.0
2022-08-09 18:15:00,62.0
2022-08-09 18:16:00,63.0
2022-08-09 18:17:00,64.0
2022-08-09 18:18:00,64.0
2022-08-09 18:19:00,61.0
2022-08-09 18:20:00,64.0
2022-08-09 18:21:00,65.0
2022-08-09 18:22:00,62.0
2022-08-09 18:23:00,62.0
2022-08-09 18:24:00,62.0
2022-08-09 18:25:00,64.0
2022-08-09 18:26:00,62.0
2022-08-09 18:27:00,63.0
2022-08-09 18:28:00,63.0
2022-08-09 18:29:00,67.0
2022-08-09 18:30:00,66.0
2022-08-09 18:31:00,63.0
2022-08-09 18:32:00,66.0
2022-08-09 18:33:00,64.0
2022-08-09 18:34:00,64.0
2022-08-09 18:35:00,63.0
2022-08-09 18:36:00,62.0
2022-08-09 18:37:00,60.0
2022-08-09 18:38:00,61.0
2022-08-09 18:39:00,63.0
2022-08-09 18:40:00,62.0
2022-08-09 18:41:00,62.0
2022-08-09 18:42:00,62.0
2022-08-09 18:43:00,63.0
2022-08-09 18:44:00,62.0
2022-08-09 18:45:00,60.0
2022-08-09 18:46:00,64.0
2022-08-09 18:47:00,64.0
2022-08-09 18:48:00,63.0
2022-08-09 18:49:00,64.0
2022-08-09 18:50:00,62.0
2022-08-09 18:51:00,60.0
2022-08-09 18:52:00,59.0
2022-08-09 18:53:00,60.0
2022-08-09 18:54:00,61.0
2022-08-09 18:55:00,61.0
2022-08-09 18:56:00,60.0
2022-08-09 18:57:00,61.0
2022-08-09 18:58:00,62.0
2022-08-09 18:59:00,60.0
2022-08-09 19:00:00,60.0
2022-08-09 19:01:00,60.0
2022-08-09 19:02:00,62.0
2022-08-09 19:03:00,60.0
2022-08-09 19:04:00,62.0
2022-08-09 19:05:00,63.0
2022-08-09 19:06:00,62.0
2022-08-09 19:07:00,62.0
2022-08-09 19:08:00,66.0
2022-08-09 19:09:00,60.0
2022-08-09 19:10:00,60.0
2022-08-09 19:11:00,65.0
2022-08-09 19:12:00,62.0
2022-08-09 19:13:00,62.0
2022-08-09 19:14:00,59.0
2022-08-09 19:15:00,62.0
2022-08-09 19:16:00,61.0
2022-08-09 19:17:00,60.0
2022-08-09 19:18:00,56.0
2022-08-09 19:19:00,58.0
2022-08-09 19:20:00,60.0
2022-08-09 19:21:00,60.0
2022-08-09 19:22:00,62.0
2022-08-09 19:23:00,62.0
2022-08-09 19:24:00,64.0
2022-08-09 19:25:00,60.0
2022-08-09 19:26:00,64.0
2022-08-09 19:27:00,63.0
2022-08-09 19:28:00,62.0
2022-08-09 19:29:00,61.0
2022-08-09 19:30:00,63.0
2022-08-09 19:31:00,63.0
2022-08-09 19:32:00,60.0
2022-08-09 19:33:00,61.0
2022-08-09 19:34:00,61.0
2022-08-09 19:35:00,54.0
2022-08-09 19:36:00,58.0
2022-08-09 19:37:00,61.0
2022-08-09 19:38:00,56.0
2022-08-09 19:39:00,58.0
2022-08-09 19:40:00,60.0
2022-08-09 19:41:00,58.0
2022-08-09 19:42:00,57.0
2022-08-09 19:43:00,60.0
2022-08-09 19:44:00,62.0
2022-08-09 19:45:00,62.0
2022-08-09 19:46:00,62.0
2022-08-09 19:47:00,60.0
2022-08-09 19:48:00,62.0
2022-08-09 19:49:00,62.0
2022-08-09 19:50:00,60.0
2022-08-09 19:51:00,60.0
2022-08-09 19:52:00,58.0
2022-08-09 19:53:00,60.0
2022-08-09 19:54:00,56.0
2022-08-09 19:55:00,57.0
2022-08-09 19:56:00,56.0
2022-08-09 19:57:00,59.0
2022-08-09 19:58:00,55.0
2022-08-09 19:59:00,59.0
2022-08-09 20:00:00,56.0
2022-08-09 20:01:00,55.0
2022-08-09 20:02:00,56.0
2022-08-09 20:03:00,57.0
2022-08-09 20:04:00,59.0
2022-08-09 20:05:00,63.0
2022-08-09 20:06:00,59.0
2022-08-09 20:07:00,54.0
2022-08-09 20:08:00,56.0
2022-08-09 20:09:00,60.0
2022-08-09 20:10:00,57.0
2022-08-09 20:11:00,59.0
2022-08-09 20:12:00,58.0
2022-08-09 20:13:00,58.0
2022-08-09 20:14:00,58.0
2022-08-09 20:15:00,60.0
2022-08-09 20:16:00,56.0
2022-08-09 20:17:00,60.0
2022-08-09 20:18:00,61.0
2022-08-09 20:19:00,58.0
2022-08-09 20:20:00,58.0
2022-08-09 20:21:00,58.0
2022-08-09 20:22:00,61.0
2022-08-09 20:23:00,60.0
2022-08-09 20:24:00,58.0
2022-08-09 20:25:00,61.0
2022-08-09 20:26:00,61.0
2022-08-09 20:27:00,62.0
2022-08-09 20:28:00,60.0
2022-08-09 20:29:00,60.0
2022-08-09 20:30:00,59.0
2022-08-09 20:31:00,56.0
2022-08-09 20:32:00,60.0
2022-08-09 20:33:00,59.0
2022-08-09 20:34:00,61.0
2022-08-09 20:35:00,60.0
2022-08-09 20:36:00,58.0
2022-08-09 20:37:00,58.0
2022-08-09 20:38:00,60.0
2022-08-09 20:39:00,58.0
2022-08-09 20:40:00,60.0
2022-08-09 20:41:00,60.0
2022-08-09 20:42:00,58.0
2022-08-09 20:43:00,58.0
2022-08-09 20:44:00,58.0
2022-08-09 20:45:00,59.0
2022-08-09 20:46:00,58.0
2022-08-09 20:47:00,58.0
2022-08-09 20:48:00,60.0
2022-08-09 20:49:00,58.0
2022-08-09 20:50:00,58.0
2022-08-09 20:51:00,62.0
2022-08-09 20:52:00,62.0
2022-08-09 20:53:00,59.0
2022-08-09 20:54:00,58.0
2022-08-09 20:55:00,61.0
2022-08-09 20:56:00,60.0
2022-08-09 20:57:00,58.0
2022-08-09 20:58:00,58.0
2022-08-09 20:59:00,62.0
2022-08-09 21:00:00,60.0
2022-08-09 21:01:00,57.0
2022-08-09 21:02:00,59.0
2022-08-09 21:03:00,61.0
2022-08-09 21:04:00,58.0
2022-08-09 21:05:00,62.0
2022-08-09 21:06:00,62.0
2022-08-09 21:07:00,58.0
2022-08-09 21:08:00,62.0
2022-08-09 21:09:00,55.0
2022-08-09 21:10:00,56.0
2022-08-09 21:11:00,60.0
2022-08-09 21:12:00,60.0
2022-08-09 21:13:00,58.0
2022-08-09 21:14:00,58.0
2022-08-09 21:15:00,57.0
2022-08-09 21:16:00,56.0
2022-08-09 21:17:00,58.0
2022-08-09 21:18:00,58.0
2022-08-09 21:19:00,60.0
2022-08-09 21:20:00,58.0
2022-08-09 21:21:00,56.0
2022-08-09 21:22:00,58.0
2022-08-09 21:23:00,58.0
2022-08-09 21:24:00,58.0
2022-08-09 21:25:00,58.0
2022-08-09 21:26:00,57.0
2022-08-09 21:27:00,56.0
2022-08-09 21:28:00,60.0
2022-08-09 21:29:00,59.0
2022-08-09 21:30:00,60.0
2022-08-09 21:31:00,59.0
2022-08-09 21:32:00,58.0
2022-08-09 21:33:00,56.0
2022-08-09 21:34:00,59.0
2022-08-09 21:35:00,59.0
2022-08-09 21:36:00,60.0
2022-08-09 21:37:00,58.0
2022-08-09 21:38:00,57.0
2022-08-09 21:39:00,60.0
2022-08-09 21:40:00,58.0
2022-08-09 21:41:00,60.0
2022-08-09 21:42:00,60.0
2022-08-09 21:43:00,60.0
2022-08-09 21:44:00,56.0
2022-08-09 21:45:00,60.0
2022-08-09 21:46:00,60.0
2022-08-09 21:47:00,58.0
2022-08-09 21:48:00,54.0
2022-08-09 21:49:00,51.0
2022-08-09 21:50:00,54.0
2022-08-09 21:51:00,54.0
2022-08-09 21:52:00,57.0
2022-08-09 21:53:00,57.0
2022-08-09 21:54:00,60.0
2022-08-09 21:55:00,56.0
2022-08-09 21:56:00,53.0
2022-08-09 21:57:00,57.0
2022-08-09 21:58:00,57.0
2022-08-09 21:59:00,57.0
2022-08-09 22:00:00,55.0
2022-08-09 22:01:00,54.0
2022-08-09 22:02:00,54.0
2022-08-09 22:03:00,56.0
2022-08-09 22:04:00,55.0
2022-08-09 22:05:00,63.0
2022-08-09 22:06:00,60.0
2022-08-09 22:07:00,58.0
2022-08-09 22:08:00,54.0
2022-08-09 22:09:00,55.0
2022-08-09 22:10:00,52.0
2022-08-09 22:11:00,56.0
2022-08-09 22:12:00,56.0
2022-08-09 22:13:00,55.0
2022-08-09 22:14:00,52.0
2022-08-09 22:15:00,55.0
2022-08-09 22:16:00,54.0
2022-08-09 22:17:00,56.0
2022-08-09 22:18:00,58.0
2022-08-09 22:19:00,62.0
2022-08-09 22:20:00,54.0
2022-08-09 22:21:00,53.0
2022-08-09 22:22:00,53.0
2022-08-09 22:23:00,56.0
2022-08-09 22:24:00,56.0
2022-08-09 22:25:00,58.0
2022-08-09 22:26:00,55.0
2022-08-09 22:27:00,51.0
2022-08-09 22:28:00,60.0
2022-08-09 22:29:00,62.0
2022-08-09 22:30:00,60.0
2022-08-09 22:31:00,59.0
2022-08-09 22:32:00,58.0
2022-08-09 22:33:00,56.0
2022-08-09 22:34:00,58.0
2022-08-09 22:35:00,60.0
2022-08-09 22:36:00,60.0
2022-08-09 22:37:00,58.0
2022-08-09 22:38:00,56.0
2022-08-09 22:39:00,58.0
2022-08-09 22:40:00,57.0
2022-08-09 22:41:00,58.0
2022-08-09 22:42:00,58.0
2022-08-09 22:43:00,56.0
2022-08-09 22:44:00,55.0
2022-08-09 22:45:00,56.0
2022-08-09 22:46:00,55.0
2022-08-09 22:47:00,56.0
2022-08-09 22:48:00,58.0
2022-08-09 22:49:00,56.0
2022-08-09 22:50:00,56.0
2022-08-09 22:51:00,56.0
2022-08-09 22:52:00,56.0
2022-08-09 22:53:00,56.0
2022-08-09 22:54:00,56.0
2022-08-09 22:55:00,58.0
2022-08-09 22:56:00,60.0
2022-08-09 22:57:00,60.0
2022-08-09 22:58:00,60.0
2022-08-09 22:59:00,60.0
2022-08-09 23:00:00,58.0
2022-08-09 23:01:00,58.0
2022-08-09 23:02:00,58.0
2022-08-09 23:03:00,58.0
2022-08-09 23:04:00,60.0
2022-08-09 23:05:00,60.0
2022-08-09 23:06:00,57.0
2022-08-09 23:07:00,58.0
2022-08-09 23:08:00,50.0
2022-08-09 23:09:00,54.0
2022-08-09 23:10:00,54.0
2022-08-09 23:11:00,55.0
2022-08-09 23:12:00,53.0
2022-08-09 23:13:00,55.0
2022-08-09 23:14:00,54.0
2022-08-09 23:15:00,55.0
2022-08-09 23:16:00,56.0
2022-08-09 23:17:00,56.0
2022-08-09 23:18:00,60.0
2022-08-09 23:19:00,58.0
2022-08-09 23:20:00,60.0
2022-08-09 23:21:00,60.0
2022-08-09 23:22:00,58.0
2022-08-09 23:23:00,59.0
2022-08-09 23:24:00,58.0
2022-08-09 23:25:00,58.0
2022-08-09 23:26:00,58.0
2022-08-09 23:27:00,58.0
2022-08-09 23:28:00,59.0
2022-08-09 23:29:00,58.0
2022-08-09 23:30:00,58.0
2022-08-09 23:31:00,58.0
2022-08-09 23:32:00,58.0
2022-08-09 23:33:00,57.0
2022-08-09 23:34:00,57.0
2022-08-09 23:35:00,59.0
2022-08-09 23:36:00,59.0
2022-08-09 23:37:00,58.0
2022-08-09 23:38:00,58.0
2022-08-09 23:39:00,59.0
2022-08-09 23:40:00,56.0
2022-08-09 23:41:00,58.0
2022-08-09 23:42:00,57.0
2022-08-09 23:43:00,58.0
2022-08-09 23:44:00,56.0
2022-08-09 23:45:00,58.0
2022-08-09 23:46:00,57.0
2022-08-09 23:47:00,56.0
2022-08-09 23:48:00,51.0
2022-08-09 23:49:00,53.0
2022-08-09 23:50:00,52.0
2022-08-09 23:51:00,57.0
2022-08-09 23:52:00,57.0
2022-08-09 23:53:00,53.0
2022-08-09 23:54:00,52.0
2022-08-09 23:55:00,51.0
2022-08-09 23:56:00,52.0
2022-08-09 23:57:00,52.0
2022-08-09 23:58:00,54.0
2022-08-09 23:59:00,54.0
2022-08-10 00:00:00,53.0
2022-08-10 00:01:00,52.0
2022-08-10 00:02:00,53.0
2022-08-10 00:03:00,53.0
2022-08-10 00:04:00,56.0
2022-08-10 00:05:00,53.0
2022-08-10 00:06:00,53.0
2022-08-10 00:07:00,52.0
2022-08-10 00:08:00,56.0
2022-08-10 00:09:00,54.0
2022-08-10 00:10:00,54.0
2022-08-10 00:11:00,56.0
2022-08-10 00:12:00,56.0
2022-08-10 00:13:00,54.0
2022-08-10 00:14:00,54.0
2022-08-10 00:15:00,56.0
2022-08-10 00:16:00,58.0
2022-08-10 00:17:00,52.0
2022-08-10 00:18:00,54.0
2022-08-10 00:19:00,56.0
2022-08-10 00:20:00,54.0
2022-08-10 00:21:00,56.0
2022-08-10 00:22:00,54.0
2022-08-10 00:23:00,56.0
2022-08-10 00:24:00,56.0
2022-08-10 00:25:00,54.0
2022-08-10 00:26:00,58.0
2022-08-10 00:27:00,55.0
2022-08-10 00:28:00,51.0
2022-08-10 00:29:00,50.0
2022-08-10 00:30:00,49.0
2022-08-10 00:31:00,54.0
2022-08-10 00:32:00,53.0
2022-08-10 00:33:00,56.0
2022-08-10 00:34:00,56.0
2022-08-10 00:35:00,50.0
2022-08-10 00:36:00,48.0
2022-08-10 00:37:00,47.0
2022-08-10 00:38:00,52.0
2022-08-10 00:39:00,52.0
2022-08-10 00:40:00,54.0
2022-08-10 00:41:00,54.0
2022-08-10 00:42:00,54.0
2022-08-10 00:43:00,52.0
2022-08-10 00:44:00,56.0
2022-08-10 00:45:00,54.0
2022-08-10 00:46:00,54.0
2022-08-10 00:47:00,56.0
2022-08-10 00:48:00,56.0
2022-08-10 00:49:00,56.0
2022-08-10 00:50:00,58.0
2022-08-10 00:51:00,58.0
2022-08-10 00:52:00,58.0
2022-08-10 00:53:00,56.0
2022-08-10 00:54:00,55.0
2022-08-10 00:55:00,56.0
2022-08-10 00:56:00,56.0
2022-08-10 00:57:00,54.0
2022-08-10 00:58:00,54.0
2022-08-10 00:59:00,52.0
2022-08-10 01:00:00,54.0
2022-08-10 01:01:00,54.0
2022-08-10 01:02:00,55.0
2022-08-10 01:03:00,54.0
2022-08-10 01:04:00,58.0
2022-08-10 01:05:00,53.0
2022-08-10 01:06:00,56.0
2022-08-10 01:07:00,56.0
2022-08-10 01:08:00,52.0
2022-08-10 01:09:00,50.0
2022-08-10 01:10:00,49.0
2022-08-10 01:11:00,49.0
2022-08-10 01:12:00,54.0
2022-08-10 01:13:00,51.0
2022-08-10 01:14:00,54.0
2022-08-10 01:15:00,51.0
2022-08-10 01:16:00,52.0
2022-08-10 01:17:00,52.0
2022-08-10 01:18:00,54.0
2022-08-10 01:19:00,53.0
2022-08-10 01:20:00,50.0
2022-08-10 01:21:00,48.0
2022-08-10 01:22:00,50.0
2022-08-10 01:23:00,53.0
2022-08-10 01:24:00,53.0
2022-08-10 01:25:00,50.0
2022-08-10 01:26:00,54.0
2022-08-10 01:27:00,53.0
2022-08-10 01:28:00,58.0
2022-08-10 01:29:00,52.0
2022-08-10 01:30:00,55.0
2022-08-10 01:31:00,53.0
2022-08-10 01:32:00,54.0
2022-08-10 01:33:00,54.0
2022-08-10 01:34:00,52.0
2022-08-10 01:35:00,51.0
2022-08-10 01:36:00,52.0
2022-08-10 01:37:00,52.0
2022-08-10 01:38:00,54.0
2022-08-10 01:39:00,48.0
2022-08-10 01:40:00,49.0
2022-08-10 01:41:00,52.0
2022-08-10 01:42:00,49.0
2022-08-10 01:43:00,50.0
2022-08-10 01:44:00,48.0
2022-08-10 01:45:00,52.0
2022-08-10 01:46:00,50.0
2022-08-10 01:47:00,50.0
2022-08-10 01:48:00,47.0
2022-08-10 01:49:00,48.0
2022-08-10 01:50:00,49.0
2022-08-10 01:51:00,49.0
2022-08-10 01:52:00,51.0
2022-08-10 01:53:00,54.0
2022-08-10 01:54:00,50.0
2022-08-10 01:55:00,49.0
2022-08-10 01:56:00,48.0
2022-08-10 01:57:00,52.0
2022-08-10 01:58:00,51.0
2022-08-10 01:59:00,46.0
2022-08-10 02:00:00,54.0
2022-08-10 02:01:00,53.0
2022-08-10 02:02:00,48.0
2022-08-10 02:03:00,52.0
2022-08-10 02:04:00,51.0
2022-08-10 02:05:00,51.0
2022-08-10 02:06:00,54.0
2022-08-10 02:07:00,53.0
2022-08-10 02:08:00,49.0
2022-08-10 02:09:00,49.0
2022-08-10 02:10:00,51.0
2022-08-10 02:11:00,54.0
2022-08-10 02:12:00,55.0
2022-08-10 02:13:00,55.0
2022-08-10 02:14:00,58.0
2022-08-10 02:15:00,52.0
2022-08-10 02:16:00,55.0
2022-08-10 02:17:00,48.0
2022-08-10 02:18:00,52.0
2022-08-10 02:19:00,51.0
2022-08-10 02:20:00,50.0
2022-08-10 02:21:00,51.0
2022-08-10 02:22:00,52.0
2022-08-10 02:23:00,52.0
2022-08-10 02:24:00,49.0
2022-08-10 02:25:00,54.0
2022-08-10 02:26:00,53.0
2022-08-10 02:27:00,47.0
2022-08-10 02:28:00,47.0
2022-08-10 02:29:00,52.0
2022-08-10 02:30:00,51.0
2022-08-10 02:31:00,50.0
2022-08-10 02:32:00,51.0
2022-08-10 02:33:00,52.0
2022-08-10 02:34:00,46.0
2022-08-10 02:35:00,50.0
2022-08-10 02:36:00,47.0
2022-08-10 02:37:00,48.0
2022-08-10 02:38:00,48.0
2022-08-10 02:39:00,56.0
2022-08-10 02:40:00,52.0
2022-08-10 02:41:00,52.0
2022-08-10 02:42:00,54.0
2022-08-10 02:43:00,54.0
2022-08-10 02:44:00,50.0
2022-08-10 02:45:00,51.0
2022-08-10 02:46:00,50.0
2022-08-10 02:47:00,50.0
2022-08-10 02:48:00,47.0
2022-08-10 02:49:00,47.0
2022-08-10 02:50:00,48.0
2022-08-10 02:51:00,51.0
2022-08-10 02:52:00,47.0
2022-08-10 02:53:00,49.0
2022-08-10 02:54:00,46.0
2022-08-10 02:55:00,47.0
2022-08-10 02:56:00,48.0
2022-08-10 02:57:00,48.0
2022-08-10 02:58:00,48.0
2022-08-10 02:59:00,47.0
2022-08-10 03:00:00,49.0
2022-08-10 03:01:00,47.0
2022-08-10 03:02:00,53.0
2022-08-10 03:03:00,49.0
2022-08-10 03:04:00,51.0
2022-08-10 03:05:00,49.0
2022-08-10 03:06:00,52.0
2022-08-10 03:07:00,50.0
2022-08-10 03:08:00,50.0
2022-08-10 03:09:00,50.0
2022-08-10 03:10:00,51.0
2022-08-10 03:11:00,49.0
2022-08-10 03:12:00,50.0
2022-08-10 03:13:00,54.0
2022-08-10 03:14:00,51.0
2022-08-10 03:15:00,49.0
2022-08-10 03:16:00,47.0
2022-08-10 03:17:00,49.0
2022-08-10 03:18:00,51.0
2022-08-10 03:19:00,50.0
2022-08-10 03:20:00,48.0
2022-08-10 03:21:00,48.0
2022-08-10 03:22:00,49.0
2022-08-10 03:23:00,50.0
2022-08-10 03:24:00,54.0
2022-08-10 03:25:00,50.0
2022-08-10 03:26:00,49.0
2022-08-10 03:27:00,49.0
2022-08-10 03:28:00,51.0
2022-08-10 03:29:00,53.0
2022-08-10 03:30:00,52.0
2022-08-10 03:31:00,52.0
2022-08-10 03:32:00,50.0
2022-08-10 03:33:00,53.0
2022-08-10 03:34:00,50.0
2022-08-10 03:35:00,52.0
2022-08-10 03:36:00,50.0
2022-08-10 03:37:00,52.0
2022-08-10 03:38:00,54.0
2022-08-10 03:39:00,49.0
2022-08-10 03:40:00,49.0
2022-08-10 03:41:00,51.0
2022-08-10 03:42:00,48.0
2022-08-10 03:43:00,49.0
2022-08-10 03:44:00,48.0
2022-08-10 03:45:00,48.0
2022-08-10 03:46:00,47.0
2022-08-10 03:47:00,49.0
2022-08-10 03:48:00,51.0
2022-08-10 03:49:00,54.0
2022-08-10 03:50:00,52.0
2022-08-10 03:51:00,50.0
2022-08-10 03:52:00,52.0
2022-08-10 03:53:00,54.0
2022-08-10 03:54:00,54.0
2022-08-10 03:55:00,56.0
2022-08-10 03:56:00,54.0
2022-08-10 03:57:00,54.0
2022-08-10 03:58:00,54.0
2022-08-10 03:59:00,55.0
2022-08-10 04:00:00,54.0
2022-08-10 04:01:00,55.0
2022-08-10 04:02:00,55.0
2022-08-10 04:03:00,54.0
2022-08-10 04:04:00,54.0
2022-08-10 04:05:00,54.0
2022-08-10 04:06:00,54.0
2022-08-10 04:07:00,54.0
2022-08-10 04:08:00,54.0
2022-08-10 04:09:00,54.0
2022-08-10 04:10:00,57.0
2022-08-10 04:11:00,54.0
2022-08-10 04:12:00,54.0
2022-08-10 04:13:00,54.0
2022-08-10 04:14:00,56.0
2022-08-10 04:15:00,55.0
2022-08-10 04:16:00,54.0
2022-08-10 04:17:00,55.0
2022-08-10 04:18:00,53.0
2022-08-10 04:19:00,53.0
2022-08-10 04:20:00,55.0
2022-08-10 04:21:00,48.0
2022-08-10 04:22:00,55.0
2022-08-10 04:23:00,52.0
2022-08-10 04:24:00,57.0
2022-08-10 04:25:00,51.0
2022-08-10 04:26:00,52.0
2022-08-10 04:27:00,60.0
2022-08-10 04:28:00,50.0
2022-08-10 04:29:00,56.0
2022-08-10 04:30:00,51.0
2022-08-10 04:31:00,50.0
2022-08-10 04:32:00,51.0
2022-08-10 04:33:00,49.0
2022-08-10 04:34:00,54.0
2022-08-10 04:35:00,53.0
2022-08-10 04:36:00,50.0
2022-08-10 04:37:00,49.0
2022-08-10 04:38:00,51.0
2022-08-10 04:39:00,57.0
2022-08-10 04:40:00,55.0
2022-08-10 04:41:00,56.0
2022-08-10 04:42:00,57.0
2022-08-10 04:43:00,56.0
2022-08-10 04:44:00,53.0
2022-08-10 04:45:00,54.0
2022-08-10 04:46:00,54.0
2022-08-10 04:47:00,52.0
2022-08-10 04:48:00,52.0
2022-08-10 04:49:00,53.0
2022-08-10 04:50:00,54.0
2022-08-10 04:51:00,56.0
2022-08-10 04:52:00,57.0
2022-08-10 04:53:00,54.0
2022-08-10 04:54:00,54.0
2022-08-10 04:55:00,54.0
2022-08-10 04:56:00,58.0
2022-08-10 04:57:00,56.0
2022-08-10 04:58:00,56.0
2022-08-10 04:59:00,57.0
2022-08-10 05:00:00,56.0
2022-08-10 05:01:00,54.0
2022-08-10 05:02:00,56.0
2022-08-10 05:03:00,54.0
2022-08-10 05:04:00,57.0
2022-08-10 05:05:00,58.0
2022-08-10 05:06:00,56.0
2022-08-10 05:07:00,57.0
2022-08-10 05:08:00,52.0
2022-08-10 05:09:00,50.0
2022-08-10 05:10:00,50.0
2022-08-10 05:11:00,51.0
2022-08-10 05:12:00,53.0
2022-08-10 05:13:00,51.0
2022-08-10 05:14:00,50.0
2022-08-10 05:15:00,48.0
2022-08-10 05:16:00,54.0
2022-08-10 05:17:00,53.0
2022-08-10 05:18:00,55.0
2022-08-10 05:19:00,58.0
2022-08-10 05:20:00,56.0
2022-08-10 05:21:00,54.0
2022-08-10 05:22:00,57.0
2022-08-10 05:23:00,54.0
2022-08-10 05:24:00,54.0
2022-08-10 05:25:00,56.0
2022-08-10 05:26:00,54.0
2022-08-10 05:27:00,52.0
2022-08-10 05:28:00,54.0
2022-08-10 05:29:00,53.0
2022-08-10 05:30:00,53.0
2022-08-10 05:31:00,51.0
2022-08-10 05:32:00,49.0
2022-08-10 05:33:00,55.0
2022-08-10 05:34:00,54.0
2022-08-10 05:35:00,48.0
2022-08-10 05:36:00,50.0
2022-08-10 05:37:00,48.0
2022-08-10 05:38:00,54.0
2022-08-10 05:39:00,54.0
2022-08-10 05:40:00,56.0
2022-08-10 05:41:00,56.0
2022-08-10 05:42:00,52.0
2022-08-10 05:43:00,54.0
2022-08-10 05:44:00,54.0
2022-08-10 05:45:00,54.0
2022-08-10 05:46:00,55.0
2022-08-10 05:47:00,55.0
2022-08-10 05:48:00,54.0
2022-08-10 05:49:00,54.0
2022-08-10 05:50:00,54.0
2022-08-10 05:51:00,53.0
2022-08-10 05:52:00,54.0
2022-08-10 05:53:00,54.0
2022-08-10 05:54:00,53.0
2022-08-10 05:55:00,54.0
2022-08-10 05:56:00,51.0
2022-08-10 05:57:00,53.0
2022-08-10 05:58:00,55.0
2022-08-10 05:59:00,53.0
2022-08-10 06:00:00,55.0
2022-08-10 06:01:00,56.0
2022-08-10 06:02:00,54.0
2022-08-10 06:03:00,56.0
2022-08-10 06:04:00,56.0
2022-08-10 06:05:00,56.0
2022-08-10 06:06:00,54.0
2022-08-10 06:07:00,56.0
2022-08-10 06:08:00,52.0
2022-08-10 06:09:00,56.0
2022-08-10 06:10:00,57.0
2022-08-10 06:11:00,54.0
2022-08-10 06:12:00,55.0
2022-08-10 06:13:00,55.0
2022-08-10 06:14:00,55.0
2022-08-10 06:15:00,52.0
2022-08-10 06:16:00,57.0
2022-08-10 06:17:00,57.0
2022-08-10 06:18:00,53.0
2022-08-10 06:19:00,52.0
2022-08-10 06:20:00,56.0
2022-08-10 06:21:00,58.0
2022-08-10 06:22:00,52.0
2022-08-10 06:23:00,52.0
2022-08-10 06:24:00,57.0
2022-08-10 06:25:00,56.0
2022-08-10 06:26:00,55.0
2022-08-10 06:27:00,56.0
2022-08-10 06:28:00,54.0
2022-08-10 06:29:00,56.0
2022-08-10 06:30:00,54.0
2022-08-10 06:31:00,54.0
2022-08-10 06:32:00,54.0
2022-08-10 06:33:00,54.0
2022-08-10 06:34:00,56.0
2022-08-10 06:35:00,59.0
2022-08-10 06:36:00,56.0
2022-08-10 06:37:00,57.0
2022-08-10 06:38:00,58.0
2022-08-10 06:39:00,55.0
2022-08-10 06:40:00,56.0
2022-08-10 06:41:00,60.0
2022-08-10 06:42:00,58.0
2022-08-10 06:43:00,56.0
2022-08-10 06:44:00,59.0
2022-08-10 06:45:00,58.0
2022-08-10 06:46:00,55.0
2022-08-10 06:47:00,58.0
2022-08-10 06:48:00,54.0
2022-08-10 06:49:00,53.0
2022-08-10 06:50:00,55.0
2022-08-10 06:51:00,56.0
2022-08-10 06:52:00,57.0
2022-08-10 06:53:00,59.0
2022-08-10 06:54:00,53.0
2022-08-10 06:55:00,57.0
2022-08-10 06:56:00,55.0
2022-08-10 06:57:00,56.0
2022-08-10 06:58:00,56.0
2022-08-10 06:59:00,55.0
2022-08-10 07:00:00,55.0
2022-08-10 07:01:00,56.0
2022-08-10 07:02:00,54.0
2022-08-10 07:03:00,53.0
2022-08-10 07:04:00,56.0
2022-08-10 07:05:00,54.0
2022-08-10 07:06:00,57.0
2022-08-10 07:07:00,57.0
2022-08-10 07:08:00,58.0
2022-08-10 07:09:00,59.0
2022-08-10 07:10:00,56.0
2022-08-10 07:11:00,56.0
2022-08-10 07:12:00,58.0
2022-08-10 07:13:00,59.0
2022-08-10 07:14:00,60.0
2022-08-10 07:15:00,59.0
2022-08-10 07:16:00,56.0
2022-08-10 07:17:00,56.0
2022-08-10 07:18:00,58.0
2022-08-10 07:19:00,56.0
2022-08-10 07:20:00,56.0
2022-08-10 07:21:00,58.0
2022-08-10 07:22:00,58.0
2022-08-10 07:23:00,58.0
2022-08-10 07:24:00,60.0
2022-08-10 07:25:00,60.0
2022-08-10 07:26:00,60.0
2022-08-10 07:27:00,60.0
2022-08-10 07:28:00,59.0
2022-08-10 07:29:00,61.0
2022-08-10 07:30:00,60.0
2022-08-10 07:31:00,58.0
2022-08-10 07:32:00,60.0
2022-08-10 07:33:00,62.0
2022-08-10 07:34:00,60.0
2022-08-10 07:35:00,60.0
2022-08-10 07:36:00,61.0
2022-08-10 07:37:00,60.0
2022-08-10 07:38:00,62.0
2022-08-10 07:39:00,62.0
2022-08-10 07:40:00,60.0
2022-08-10 07:41:00,61.0
2022-08-10 07:42:00,60.0
2022-08-10 07:43:00,58.0
2022-08-10 07:44:00,62.0
2022-08-10 07:45:00,60.0
2022-08-10 07:46:00,59.0
2022-08-10 07:47:00,60.0
2022-08-10 07:48:00,60.0
2022-08-10 07:49:00,58.0
2022-08-10 07:50:00,58.0
2022-08-10 07:51:00,62.0
2022-08-10 07:52:00,60.0
2022-08-10 07:53:00,58.0
2022-08-10 07:54:00,60.0
2022-08-10 07:55:00,58.0
2022-08-10 07:56:00,59.0
2022-08-10 07:57:00,60.0
2022-08-10 07:58:00,60.0
2022-08-10 07:59:00,59.0
2022-08-10 08:00:00,60.0
2022-08-10 08:01:00,60.0
2022-08-10 08:02:00,58.0
2022-08-10 08:03:00,60.0
2022-08-10 08:04:00,62.0
2022-08-10 08:05:00,60.0
2022-08-10 08:06:00,60.0
2022-08-10 08:07:00,62.0
2022-08-10 08:08:00,62.0
2022-08-10 08:09:00,58.0
2022-08-10 08:10:00,62.0
2022-08-10 08:11:00,61.0
2022-08-10 08:12:00,60.0
2022-08-10 08:13:00,61.0
2022-08-10 08:14:00,63.0
2022-08-10 08:15:00,60.0
2022-08-10 08:16:00,61.0
2022-08-10 08:17:00,62.0
2022-08-10 08:18:00,59.0
2022-08-10 08:19:00,61.0
2022-08-10 08:20:00,60.0
2022-08-10 08:21:00,57.0
2022-08-10 08:22:00,62.0
2022-08-10 08:23:00,59.0
2022-08-10 08:24:00,58.0
2022-08-10 08:25:00,59.0
2022-08-10 08:26:00,62.0
2022-08-10 08:27:00,60.0
2022-08-10 08:28:00,58.0
2022-08-10 08:29:00,60.0
2022-08-10 08:30:00,59.0
2022-08-10 08:31:00,59.0
2022-08-10 08:32:00,61.0
2022-08-10 08:33:00,63.0
2022-08-10 08:34:00,58.0
2022-08-10 08:35:00,60.0
2022-08-10 08:36:00,61.0
2022-08-10 08:37:00,57.0
2022-08-10 08:38:00,61.0
2022-08-10 08:39:00,62.0
2022-08-10 08:40:00,60.0
2022-08-10 08:41:00,61.0
2022-08-10 08:42:00,62.0
2022-08-10 08:43:00,60.0
2022-08-10 08:44:00,61.0
2022-08-10 08:45:00,61.0
2022-08-10 08:46:00,62.0
2022-08-10 08:47:00,63.0
2022-08-10 08:48:00,62.0
2022-08-10 08:49:00,60.0
2022-08-10 08:50:00,62.0
2022-08-10 08:51:00,62.0
2022-08-10 08:52:00,58.0
2022-08-10 08:53:00,60.0
2022-08-10 08:54:00,61.0
2022-08-10 08:55:00,60.0
2022-08-10 08:56:00,58.0
2022-08-10 08:57:00,62.0
2022-08-10 08:58:00,62.0
2022-08-10 08:59:00,60.0
2022-08-10 09:00:00,58.0
2022-08-10 09:01:00,62.0
2022-08-10 09:02:00,60.0
2022-08-10 09:03:00,59.0
2022-08-10 09:04:00,60.0
2022-08-10 09:05:00,56.0
2022-08-10 09:06:00,61.0
2022-08-10 09:07:00,63.0
2022-08-10 09:08:00,56.0
2022-08-10 09:09:00,58.0
2022-08-10 09:10:00,63.0
2022-08-10 09:11:00,57.0
2022-08-10 09:12:00,59.0
2022-08-10 09:13:00,61.0
2022-08-10 09:14:00,60.0
2022-08-10 09:15:00,57.0
2022-08-10 09:16:00,63.0
2022-08-10 09:17:00,59.0
2022-08-10 09:18:00,62.0
2022-08-10 09:19:00,61.0
2022-08-10 09:20:00,62.0
2022-08-10 09:21:00,60.0
2022-08-10 09:22:00,60.0
2022-08-10 09:23:00,62.0
2022-08-10 09:24:00,62.0
2022-08-10 09:25:00,61.0
2022-08-10 09:26:00,60.0
2022-08-10 09:27:00,62.0
2022-08-10 09:28:00,60.0
2022-08-10 09:29:00,59.0
2022-08-10 09:30:00,60.0
2022-08-10 09:31:00,58.0
2022-08-10 09:32:00,60.0
2022-08-10 09:33:00,61.0
2022-08-10 09:34:00,56.0
2022-08-10 09:35:00,59.0
2022-08-10 09:36:00,59.0
2022-08-10 09:37:00,56.0
2022-08-10 09:38:00,59.0
2022-08-10 09:39:00,62.0
2022-08-10 09:40:00,62.0
2022-08-10 09:41:00,61.0
2022-08-10 09:42:00,62.0
2022-08-10 09:43:00,62.0
2022-08-10 09:44:00,60.0
2022-08-10 09:45:00,61.0
2022-08-10 09:46:00,63.0
2022-08-10 09:47:00,60.0
2022-08-10 09:48:00,62.0
2022-08-10 09:49:00,60.0
2022-08-10 09:50:00,61.0
2022-08-10 09:51:00,62.0
2022-08-10 09:52:00,62.0
2022-08-10 09:53:00,62.0
2022-08-10 09:54:00,60.0
2022-08-10 09:55:00,60.0
2022-08-10 09:56:00,62.0
2022-08-10 09:57:00,63.0
2022-08-10 09:58:00,62.0
2022-08-10 09:59:00,61.0
2022-08-10 10:00:00,62.0
2022-08-10 10:01:00,58.0
2022-08-10 10:02:00,62.0
2022-08-10 10:03:00,62.0
2022-08-10 10:04:00,60.0
2022-08-10 10:05:00,60.0
2022-08-10 10:06:00,62.0
2022-08-10 10:07:00,62.0
2022-08-10 10:08:00,57.0
2022-08-10 10:09:00,58.0
2022-08-10 10:10:00,60.0
2022-08-10 10:11:00,59.0
2022-08-10 10:12:00,59.0
2022-08-10 10:13:00,60.0
2022-08-10 10:14:00,58.0
2022-08-10 10:15:00,59.0
2022-08-10 10:16:00,61.0
2022-08-10 10:17:00,59.0
2022-08-10 10:18:00,57.0
2022-08-10 10:19:00,59.0
2022-08-10 10:20:00,59.0
2022-08-10 10:21:00,58.0
2022-08-10 10:22:00,59.0
2022-08-10 10:23:00,58.0
2022-08-10 10:24:00,58.0
2022-08-10 10:25:00,58.0
2022-08-10 10:26:00,59.0
2022-08-10 10:27:00,65.0
2022-08-10 10:28:00,57.0
2022-08-10 10:29:00,62.0
2022-08-10 10:30:00,60.0
2022-08-10 10:31:00,58.0
2022-08-10 10:32:00,60.0
2022-08-10 10:33:00,60.0
2022-08-10 10:34:00,59.0
2022-08-10 10:35:00,58.0
2022-08-10 10:36:00,62.0
2022-08-10 10:37:00,57.0
2022-08-10 10:38:00,59.0
2022-08-10 10:39:00,63.0
2022-08-10 10:40:00,58.0
2022-08-10 10:41:00,60.0
2022-08-10 10:42:00,63.0
2022-08-10 10:43:00,63.0
2022-08-10 10:44:00,60.0
2022-08-10 10:45:00,60.0
2022-08-10 10:46:00,61.0
2022-08-10 10:47:00,58.0
2022-08-10 10:48:00,61.0
2022-08-10 10:49:00,61.0
2022-08-10 10:50:00,58.0
2022-08-10 10:51:00,61.0
2022-08-10 10:52:00,59.0
2022-08-10 10:53:00,58.0
2022-08-10 10:54:00,60.0
2022-08-10 10:55:00,59.0
2022-08-10 10:56:00,59.0
2022-08-10 10:57:00,61.0
2022-08-10 10:58:00,62.0
2022-08-10 10:59:00,63.0
2022-08-10 11:00:00,63.0
2022-08-10 11:01:00,62.0
2022-08-10 11:02:00,62.0
2022-08-10 11:03:00,64.0
2022-08-10 11:04:00,62.0
2022-08-10 11:05:00,64.0
2022-08-10 11:06:00,65.0
2022-08-10 11:07:00,62.0
2022-08-10 11:08:00,62.0
2022-08-10 11:09:00,60.0
2022-08-10 11:10:00,60.0
2022-08-10 11:11:00,58.0
2022-08-10 11:12:00,62.0
2022-08-10 11:13:00,63.0
2022-08-10 11:14:00,58.0
2022-08-10 11:15:00,58.0
2022-08-10 11:16:00,62.0
2022-08-10 11:17:00,58.0
2022-08-10 11:18:00,62.0
2022-08-10 11:19:00,60.0
2022-08-10 11:20:00,62.0
2022-08-10 11:21:00,62.0
2022-08-10 11:22:00,60.0
2022-08-10 11:23:00,61.0
2022-08-10 11:24:00,60.0
2022-08-10 11:25:00,66.0
2022-08-10 11:26:00,64.0
2022-08-10 11:27:00,60.0
2022-08-10 11:28:00,60.0
2022-08-10 11:29:00,64.0
2022-08-10 11:30:00,64.0
2022-08-10 11:31:00,65.0
2022-08-10 11:32:00,64.0
2022-08-10 11:33:00,66.0
2022-08-10 11:34:00,64.0
2022-08-10 11:35:00,66.0
2022-08-10 11:36:00,69.0
2022-08-10 11:37:00,62.0
2022-08-10 11:38:00,64.0
2022-08-10 11:39:00,65.0
2022-08-10 11:40:00,66.0
2022-08-10 11:41:00,64.0
2022-08-10 11:42:00,65.0
2022-08-10 11:43:00,64.0
2022-08-10 11:44:00,64.0
2022-08-10 11:45:00,64.0
2022-08-10 11:46:00,64.0
2022-08-10 11:47:00,64.0
2022-08-10 11:48:00,64.0
2022-08-10 11:49:00,62.0
2022-08-10 11:50:00,62.0
2022-08-10 11:51:00,62.0
2022-08-10 11:52:00,62.0
2022-08-10 11:53:00,60.0
2022-08-10 11:54:00,60.0
2022-08-10 11:55:00,60.0
2022-08-10 11:56:00,62.0
2022-08-10 11:57:00,64.0
2022-08-10 11:58:00,61.0
2022-08-10 11:59:00,64.0
2022-08-10 12:00:00,62.0
2022-08-10 12:01:00,61.0
2022-08-10 12:02:00,59.0
2022-08-10 12:03:00,60.0
2022-08-10 12:04:00,62.0
2022-08-10 12:05:00,56.0
2022-08-10 12:06:00,60.0
2022-08-10 12:07:00,62.0
2022-08-10 12:08:00,56.0
2022-08-10 12:09:00,59.0
2022-08-10 12:10:00,63.0
2022-08-10 12:11:00,56.0
2022-08-10 12:12:00,62.0
2022-08-10 12:13:00,62.0
2022-08-10 12:14:00,63.0
2022-08-10 12:15:00,60.0
2022-08-10 12:16:00,63.0
2022-08-10 12:17:00,59.0
2022-08-10 12:18:00,64.0
2022-08-10 12:19:00,65.0
2022-08-10 12:20:00,62.0
2022-08-10 12:21:00,64.0
2022-08-10 12:22:00,63.0
2022-08-10 12:23:00,64.0
2022-08-10 12:24:00,64.0
2022-08-10 12:25:00,63.0
2022-08-10 12:26:00,62.0
2022-08-10 12:27:00,60.0
2022-08-10 12:28:00,64.0
2022-08-10 12:29:00,62.0
2022-08-10 12:30:00,63.0
2022-08-10 12:31:00,62.0
2022-08-10 12:32:00,66.0
2022-08-10 12:33:00,62.0
2022-08-10 12:34:00,60.0
2022-08-10 12:35:00,64.0
2022-08-10 12:36:00,62.0
2022-08-10 12:37:00,62.0
2022-08-10 12:38:00,64.0
2022-08-10 12:39:00,63.0
2022-08-10 12:40:00,62.0
2022-08-10 12:41:00,62.0
2022-08-10 12:42:00,62.0
2022-08-10 12:43:00,64.0
2022-08-10 12:44:00,63.0
2022-08-10 12:45:00,64.0
2022-08-10 12:46:00,64.0
2022-08-10 12:47:00,65.0
2022-08-10 12:48:00,63.0
2022-08-10 12:49:00,64.0
2022-08-10 12:50:00,64.0
2022-08-10 12:51:00,64.0
2022-08-10 12:52:00,64.0
2022-08-10 12:53:00,60.0
2022-08-10 12:54:00,62.0
2022-08-10 12:55:00,62.0
2022-08-10 12:56:00,61.0
2022-08-10 12:57:00,64.0
2022-08-10 12:58:00,64.0
2022-08-10 12:59:00,63.0
2022-08-10 13:00:00,66.0
2022-08-10 13:01:00,64.0
2022-08-10 13:02:00,64.0
2022-08-10 13:03:00,63.0
2022-08-10 13:04:00,64.0
2022-08-10 13:05:00,62.0
2022-08-10 13:06:00,62.0
2022-08-10 13:07:00,65.0
2022-08-10 13:08:00,64.0
2022-08-10 13:09:00,60.0
2022-08-10 13:10:00,60.0
2022-08-10 13:11:00,63.0
2022-08-10 13:12:00,62.0
2022-08-10 13:13:00,64.0
2022-08-10 13:14:00,64.0
2022-08-10 13:15:00,64.0
2022-08-10 13:16:00,62.0
2022-08-10 13:17:00,62.0
2022-08-10 13:18:00,62.0
2022-08-10 13:19:00,61.0
2022-08-10 13:20:00,63.0
2022-08-10 13:21:00,60.0
2022-08-10 13:22:00,59.0
2022-08-10 13:23:00,59.0
2022-08-10 13:24:00,58.0
2022-08-10 13:25:00,59.0
2022-08-10 13:26:00,65.0
2022-08-10 13:27:00,60.0
2022-08-10 13:28:00,60.0
2022-08-10 13:29:00,65.0
2022-08-10 13:30:00,65.0
2022-08-10 13:31:00,63.0
2022-08-10 13:32:00,64.0
2022-08-10 13:33:00,66.0
2022-08-10 13:34:00,64.0
2022-08-10 13:35:00,64.0
2022-08-10 13:36:00,65.0
2022-08-10 13:37:00,64.0
2022-08-10 13:38:00,67.0
2022-08-10 13:39:00,66.0
2022-08-10 13:40:00,66.0
2022-08-10 13:41:00,69.0
2022-08-10 13:42:00,65.0
2022-08-10 13:43:00,69.0
2022-08-10 13:44:00,67.0
2022-08-10 13:45:00,68.0
2022-08-10 13:46:00,68.0
2022-08-10 13:47:00,70.0
2022-08-10 13:48:00,70.0
2022-08-10 13:49:00,67.0
2022-08-10 13:50:00,61.0
2022-08-10 13:51:00,68.0
2022-08-10 13:52:00,70.0
2022-08-10 13:53:00,68.0
2022-08-10 13:54:00,64.0
2022-08-10 13:55:00,69.0
2022-08-10 13:56:00,65.0
2022-08-10 13:57:00,64.0
2022-08-10 13:58:00,67.0
2022-08-10 13:59:00,64.0
2022-08-10 14:00:00,66.0
2022-08-10 14:01:00,64.0
2022-08-10 14:02:00,64.0
2022-08-10 14:03:00,61.0
2022-08-10 14:04:00,60.0
2022-08-10 14:05:00,60.0
2022-08-10 14:06:00,65.0
2022-08-10 14:07:00,63.0
2022-08-10 14:08:00,57.0
2022-08-10 14:09:00,59.0
2022-08-10 14:10:00,63.0
2022-08-10 14:11:00,58.0
2022-08-10 14:12:00,65.0
2022-08-10 14:13:00,64.0
2022-08-10 14:14:00,59.0
2022-08-10 14:15:00,59.0
2022-08-10 14:16:00,59.0
2022-08-10 14:17:00,59.0
2022-08-10 14:18:00,67.0
2022-08-10 14:19:00,67.0
2022-08-10 14:20:00,61.0
2022-08-10 14:21:00,66.0
2022-08-10 14:22:00,66.0
2022-08-10 14:23:00,66.0
2022-08-10 14:24:00,59.0
2022-08-10 14:25:00,66.0
2022-08-10 14:26:00,62.0
2022-08-10 14:27:00,62.0
2022-08-10 14:28:00,58.0
2022-08-10 14:29:00,61.0
2022-08-10 14:30:00,62.0
2022-08-10 14:31:00,63.0
2022-08-10 14:32:00,60.0
2022-08-10 14:33:00,67.0
2022-08-10 14:34:00,61.0
2022-08-10 14:35:00,60.0
2022-08-10 14:36:00,65.0
2022-08-10 14:37:00,67.0
2022-08-10 14:38:00,63.0
2022-08-10 14:39:00,68.0
2022-08-10 14:40:00,59.0
2022-08-10 14:41:00,61.0
2022-08-10 14:42:00,63.0
2022-08-10 14:43:00,58.0
2022-08-10 14:44:00,69.0
2022-08-10 14:45:00,62.0
2022-08-10 14:46:00,61.0
2022-08-10 14:47:00,64.0
2022-08-10 14:48:00,65.0
2022-08-10 14:49:00,63.0
2022-08-10 14:50:00,64.0
2022-08-10 14:51:00,63.0
2022-08-10 14:52:00,59.0
2022-08-10 14:53:00,62.0
2022-08-10 14:54:00,64.0
2022-08-10 14:55:00,62.0
2022-08-10 14:56:00,64.0
2022-08-10 14:57:00,60.0
2022-08-10 14:58:00,62.0
2022-08-10 14:59:00,64.0
2022-08-10 15:00:00,63.0
2022-08-10 15:01:00,64.0
2022-08-10 15:02:00,62.0
2022-08-10 15:03:00,64.0
2022-08-10 15:04:00,64.0
2022-08-10 15:05:00,62.0
2022-08-10 15:06:00,64.0
2022-08-10 15:07:00,63.0
2022-08-10 15:08:00,68.0
2022-08-10 15:09:00,70.0
2022-08-10 15:10:00,68.0
2022-08-10 15:11:00,60.0
2022-08-10 15:12:00,58.0
2022-08-10 15:13:00,61.0
2022-08-10 15:14:00,64.0
2022-08-10 15:15:00,65.0
2022-08-10 15:16:00,62.0
2022-08-10 15:17:00,59.0
2022-08-10 15:18:00,65.0
2022-08-10 15:19:00,64.0
2022-08-10 15:20:00,64.0
2022-08-10 15:21:00,64.0
2022-08-10 15:22:00,64.0
2022-08-10 15:23:00,62.0
2022-08-10 15:24:00,68.0
2022-08-10 15:25:00,64.0
2022-08-10 15:26:00,64.0
2022-08-10 15:27:00,67.0
2022-08-10 15:28:00,63.0
2022-08-10 15:29:00,64.0
2022-08-10 15:30:00,64.0
2022-08-10 15:31:00,64.0
2022-08-10 15:32:00,64.0
2022-08-10 15:33:00,65.0
2022-08-10 15:34:00,64.0
2022-08-10 15:35:00,65.0
2022-08-10 15:36:00,64.0
2022-08-10 15:37:00,62.0
2022-08-10 15:38:00,63.0
2022-08-10 15:39:00,66.0
2022-08-10 15:40:00,68.0
2022-08-10 15:41:00,67.0
2022-08-10 15:42:00,64.0
2022-08-10 15:43:00,62.0
2022-08-10 15:44:00,62.0
2022-08-10 15:45:00,62.0
2022-08-10 15:46:00,63.0
2022-08-10 15:47:00,62.0
2022-08-10 15:48:00,64.0
2022-08-10 15:49:00,58.0
2022-08-10 15:50:00,60.0
2022-08-10 15:51:00,64.0
2022-08-10 15:52:00,67.0
2022-08-10 15:53:00,60.0
2022-08-10 15:54:00,64.0
2022-08-10 15:55:00,60.0
2022-08-10 15:56:00,64.0
2022-08-10 15:57:00,63.0
2022-08-10 15:58:00,63.0
2022-08-10 15:59:00,64.0
2022-08-10 16:00:00,63.0
2022-08-10 16:01:00,66.0
2022-08-10 16:02:00,64.0
2022-08-10 16:03:00,62.0
2022-08-10 16:04:00,62.0
2022-08-10 16:05:00,62.0
2022-08-10 16:06:00,62.0
2022-08-10 16:07:00,62.0
2022-08-10 16:08:00,62.0
2022-08-10 16:09:00,63.0
2022-08-10 16:10:00,64.0
2022-08-10 16:11:00,64.0
2022-08-10 16:12:00,62.0
2022-08-10 16:13:00,62.0
2022-08-10 16:14:00,64.0
2022-08-10 16:15:00,62.0
2022-08-10 16:16:00,64.0
2022-08-10 16:17:00,61.0
2022-08-10 16:18:00,62.0
2022-08-10 16:19:00,64.0
2022-08-10 16:20:00,68.0
2022-08-10 16:21:00,66.0
2022-08-10 16:22:00,64.0
2022-08-10 16:23:00,62.0
2022-08-10 16:24:00,63.0
2022-08-10 16:25:00,64.0
2022-08-10 16:26:00,62.0
2022-08-10 16:27:00,62.0
2022-08-10 16:28:00,64.0
2022-08-10 16:29:00,63.0
2022-08-10 16:30:00,67.0
2022-08-10 16:31:00,59.0
2022-08-10 16:32:00,62.0
2022-08-10 16:33:00,64.0
2022-08-10 16:34:00,61.0
2022-08-10 16:35:00,62.0
2022-08-10 16:36:00,61.0
2022-08-10 16:37:00,58.0
2022-08-10 16:38:00,61.0
2022-08-10 16:39:00,66.0
2022-08-10 16:40:00,64.0
2022-08-10 16:41:00,64.0
2022-08-10 16:42:00,63.0
2022-08-10 16:43:00,65.0
2022-08-10 16:44:00,66.0
2022-08-10 16:45:00,67.0
2022-08-10 16:46:00,66.0
2022-08-10 16:47:00,65.0
2022-08-10 16:48:00,66.0
2022-08-10 16:49:00,64.0
2022-08-10 16:50:00,60.0
2022-08-10 16:51:00,63.0
2022-08-10 16:52:00,63.0
2022-08-10 16:53:00,64.0
2022-08-10 16:54:00,61.0
2022-08-10 16:55:00,61.0
2022-08-10 16:56:00,65.0
2022-08-10 16:57:00,63.0
2022-08-10 16:58:00,65.0
2022-08-10 16:59:00,66.0
2022-08-10 17:00:00,68.0
2022-08-10 17:01:00,64.0
2022-08-10 17:02:00,66.0
2022-08-10 17:03:00,64.0
2022-08-10 17:04:00,66.0
2022-08-10 17:05:00,68.0
2022-08-10 17:06:00,62.0
2022-08-10 17:07:00,68.0
2022-08-10 17:08:00,66.0
2022-08-10 17:09:00,62.0
2022-08-10 17:10:00,63.0
2022-08-10 17:11:00,65.0
2022-08-10 17:12:00,64.0
2022-08-10 17:13:00,64.0
2022-08-10 17:14:00,64.0
2022-08-10 17:15:00,64.0
2022-08-10 17:16:00,64.0
2022-08-10 17:17:00,64.0
2022-08-10 17:18:00,64.0
2022-08-10 17:19:00,62.0
2022-08-10 17:20:00,64.0
2022-08-10 17:21:00,64.0
2022-08-10 17:22:00,66.0
2022-08-10 17:23:00,66.0
2022-08-10 17:24:00,64.0
2022-08-10 17:25:00,62.0
2022-08-10 17:26:00,62.0
2022-08-10 17:27:00,62.0
2022-08-10 17:28:00,62.0
2022-08-10 17:29:00,62.0
2022-08-10 17:30:00,67.0
2022-08-10 17:31:00,63.0
2022-08-10 17:32:00,70.0
2022-08-10 17:33:00,68.0
2022-08-10 17:34:00,59.0
2022-08-10 17:35:00,68.0
2022-08-10 17:36:00,73.0
2022-08-10 17:37:00,62.0
2022-08-10 17:38:00,64.0
2022-08-10 17:39:00,66.0
2022-08-10 17:40:00,64.0
2022-08-10 17:41:00,59.0
2022-08-10 17:42:00,61.0
2022-08-10 17:43:00,63.0
2022-08-10 17:44:00,62.0
2022-08-10 17:45:00,62.0
2022-08-10 17:46:00,64.0
2022-08-10 17:47:00,63.0
2022-08-10 17:48:00,66.0
2022-08-10 17:49:00,64.0
2022-08-10 17:50:00,64.0
2022-08-10 17:51:00,64.0
2022-08-10 17:52:00,63.0
2022-08-10 17:53:00,62.0
2022-08-10 17:54:00,63.0
2022-08-10 17:55:00,64.0
2022-08-10 17:56:00,63.0
2022-08-10 17:57:00,64.0
2022-08-10 17:58:00,64.0
2022-08-10 17:59:00,66.0
2022-08-10 18:00:00,66.0
2022-08-10 18:01:00,68.0
2022-08-10 18:02:00,66.0
2022-08-10 18:03:00,64.0
2022-08-10 18:04:00,61.0
2022-08-10 18:05:00,66.0
2022-08-10 18:06:00,66.0
2022-08-10 18:07:00,64.0
2022-08-10 18:08:00,63.0
2022-08-10 18:09:00,62.0
2022-08-10 18:10:00,66.0
2022-08-10 18:11:00,65.0
2022-08-10 18:12:00,64.0
2022-08-10 18:13:00,62.0
2022-08-10 18:14:00,68.0
2022-08-10 18:15:00,68.0
2022-08-10 18:16:00,68.0
2022-08-10 18:17:00,63.0
2022-08-10 18:18:00,67.0
2022-08-10 18:19:00,68.0
2022-08-10 18:20:00,68.0
2022-08-10 18:21:00,69.0
2022-08-10 18:22:00,64.0
2022-08-10 18:23:00,62.0
2022-08-10 18:24:00,63.0
2022-08-10 18:25:00,62.0
2022-08-10 18:26:00,64.0
2022-08-10 18:27:00,60.0
2022-08-10 18:28:00,60.0
2022-08-10 18:29:00,66.0
2022-08-10 18:30:00,66.0
2022-08-10 18:31:00,63.0
2022-08-10 18:32:00,66.0
2022-08-10 18:33:00,64.0
2022-08-10 18:34:00,60.0
2022-08-10 18:35:00,62.0
2022-08-10 18:36:00,66.0
2022-08-10 18:37:00,59.0
2022-08-10 18:38:00,60.0
2022-08-10 18:39:00,63.0
2022-08-10 18:40:00,62.0
2022-08-10 18:41:00,62.0
2022-08-10 18:42:00,62.0
2022-08-10 18:43:00,63.0
2022-08-10 18:44:00,61.0
2022-08-10 18:45:00,62.0
2022-08-10 18:46:00,64.0
2022-08-10 18:47:00,64.0
2022-08-10 18:48:00,64.0
2022-08-10 18:49:00,60.0
2022-08-10 18:50:00,57.0
2022-08-10 18:51:00,61.0
2022-08-10 18:52:00,64.0
2022-08-10 18:53:00,61.0
2022-08-10 18:54:00,61.0
2022-08-10 18:55:00,59.0
2022-08-10 18:56:00,59.0
2022-08-10 18:57:00,59.0
2022-08-10 18:58:00,61.0
2022-08-10 18:59:00,57.0
2022-08-10 19:00:00,58.0
2022-08-10 19:01:00,63.0
2022-08-10 19:02:00,57.0
2022-08-10 19:03:00,60.0
2022-08-10 19:04:00,63.0
2022-08-10 19:05:00,57.0
2022-08-10 19:06:00,61.0
2022-08-10 19:07:00,62.0
2022-08-10 19:08:00,66.0
2022-08-10 19:09:00,60.0
2022-08-10 19:10:00,60.0
2022-08-10 19:11:00,65.0
2022-08-10 19:12:00,62.0
2022-08-10 19:13:00,62.0
2022-08-10 19:14:00,62.0
2022-08-10 19:15:00,62.0
2022-08-10 19:16:00,62.0
2022-08-10 19:17:00,62.0
2022-08-10 19:18:00,62.0
2022-08-10 19:19:00,60.0
2022-08-10 19:20:00,61.0
2022-08-10 19:21:00,62.0
2022-08-10 19:22:00,62.0
2022-08-10 19:23:00,62.0
2022-08-10 19:24:00,62.0
2022-08-10 19:25:00,61.0
2022-08-10 19:26:00,61.0
2022-08-10 19:27:00,63.0
2022-08-10 19:28:00,62.0
2022-08-10 19:29:00,62.0
2022-08-10 19:30:00,63.0
2022-08-10 19:31:00,62.0
2022-08-10 19:32:00,60.0
2022-08-10 19:33:00,62.0
2022-08-10 19:34:00,61.0
2022-08-10 19:35:00,60.0
2022-08-10 19:36:00,61.0
2022-08-10 19:37:00,60.0
2022-08-10 19:38:00,59.0
2022-08-10 19:39:00,61.0
2022-08-10 19:40:00,60.0
2022-08-10 19:41:00,61.0
2022-08-10 19:42:00,60.0
2022-08-10 19:43:00,60.0
2022-08-10 19:44:00,62.0
2022-08-10 19:45:00,62.0
2022-08-10 19:46:00,62.0
2022-08-10 19:47:00,60.0
2022-08-10 19:48:00,62.0
2022-08-10 19:49:00,59.0
2022-08-10 19:50:00,57.0
2022-08-10 19:51:00,59.0
2022-08-10 19:52:00,54.0
2022-08-10 19:53:00,57.0
2022-08-10 19:54:00,65.0
2022-08-10 19:55:00,58.0
2022-08-10 19:56:00,57.0
2022-08-10 19:57:00,57.0
2022-08-10 19:58:00,60.0
2022-08-10 19:59:00,58.0
2022-08-10 20:00:00,60.0
2022-08-10 20:01:00,58.0
2022-08-10 20:02:00,59.0
2022-08-10 20:03:00,60.0
2022-08-10 20:04:00,59.0
2022-08-10 20:05:00,60.0
2022-08-10 20:06:00,60.0
2022-08-10 20:07:00,58.0
2022-08-10 20:08:00,60.0
2022-08-10 20:09:00,60.0
2022-08-10 20:10:00,58.0
2022-08-10 20:11:00,60.0
2022-08-10 20:12:00,60.0
2022-08-10 20:13:00,58.0
2022-08-10 20:14:00,60.0
2022-08-10 20:15:00,60.0
2022-08-10 20:16:00,58.0
2022-08-10 20:17:00,59.0
2022-08-10 20:18:00,56.0
2022-08-10 20:19:00,55.0
2022-08-10 20:20:00,64.0
2022-08-10 20:21:00,58.0
2022-08-10 20:22:00,58.0
2022-08-10 20:23:00,62.0
2022-08-10 20:24:00,55.0
2022-08-10 20:25:00,61.0
2022-08-10 20:26:00,58.0
2022-08-10 20:27:00,59.0
2022-08-10 20:28:00,58.0
2022-08-10 20:29:00,62.0
2022-08-10 20:30:00,60.0
2022-08-10 20:31:00,56.0
2022-08-10 20:32:00,60.0
2022-08-10 20:33:00,58.0
2022-08-10 20:34:00,58.0
2022-08-10 20:35:00,58.0
2022-08-10 20:36:00,60.0
2022-08-10 20:37:00,58.0
2022-08-10 20:38:00,60.0
2022-08-10 20:39:00,57.0
2022-08-10 20:40:00,56.0
2022-08-10 20:41:00,58.0
2022-08-10 20:42:00,65.0
2022-08-10 20:43:00,55.0
2022-08-10 20:44:00,56.0
2022-08-10 20:45:00,55.0
2022-08-10 20:46:00,58.0
2022-08-10 20:47:00,58.0
2022-08-10 20:48:00,59.0
2022-08-10 20:49:00,58.0
2022-08-10 20:50:00,58.0
2022-08-10 20:51:00,62.0
2022-08-10 20:52:00,62.0
2022-08-10 20:53:00,59.0
2022-08-10 20:54:00,61.0
2022-08-10 20:55:00,62.0
2022-08-10 20:56:00,60.0
2022-08-10 20:57:00,60.0
2022-08-10 20:58:00,54.0
2022-08-10 20:59:00,60.0
2022-08-10 21:00:00,59.0
2022-08-10 21:01:00,59.0
2022-08-10 21:02:00,56.0
2022-08-10 21:03:00,55.0
2022-08-10 21:04:00,57.0
2022-08-10 21:05:00,59.0
2022-08-10 21:06:00,59.0
2022-08-10 21:07:00,56.0
2022-08-10 21:08:00,58.0
2022-08-10 21:09:00,57.0
2022-08-10 21:10:00,58.0
2022-08-10 21:11:00,58.0
2022-08-10 21:12:00,58.0
2022-08-10 21:13:00,56.0
2022-08-10 21:14:00,58.0
2022-08-10 21:15:00,58.0
2022-08-10 21:16:00,58.0
2022-08-10 21:17:00,60.0
2022-08-10 21:18:00,58.0
2022-08-10 21:19:00,56.0
2022-08-10 21:20:00,56.0
2022-08-10 21:21:00,56.0
2022-08-10 21:22:00,60.0
2022-08-10 21:23:00,60.0
2022-08-10 21:24:00,58.0
2022-08-10 21:25:00,56.0
2022-08-10 21:26:00,55.0
2022-08-10 21:27:00,54.0
2022-08-10 21:28:00,59.0
2022-08-10 21:29:00,59.0
2022-08-10 21:30:00,58.0
2022-08-10 21:31:00,58.0
2022-08-10 21:32:00,58.0
2022-08-10 21:33:00,56.0
2022-08-10 21:34:00,60.0
2022-08-10 21:35:00,60.0
2022-08-10 21:36:00,64.0
2022-08-10 21:37:00,58.0
2022-08-10 21:38:00,56.0
2022-08-10 21:39:00,56.0
2022-08-10 21:40:00,56.0
2022-08-10 21:41:00,59.0
2022-08-10 21:42:00,60.0
2022-08-10 21:43:00,60.0
2022-08-10 21:44:00,59.0
2022-08-10 21:45:00,57.0
2022-08-10 21:46:00,56.0
2022-08-10 21:47:00,58.0
2022-08-10 21:48:00,59.0
2022-08-10 21:49:00,60.0
2022-08-10 21:50:00,57.0
2022-08-10 21:51:00,57.0
2022-08-10 21:52:00,56.0
2022-08-10 21:53:00,58.0
2022-08-10 21:54:00,60.0
2022-08-10 21:55:00,60.0
2022-08-10 21:56:00,60.0
2022-08-10 21:57:00,61.0
2022-08-10 21:58:00,60.0
2022-08-10 21:59:00,58.0
2022-08-10 22:00:00,58.0
2022-08-10 22:01:00,58.0
2022-08-10 22:02:00,58.0
2022-08-10 22:03:00,59.0
2022-08-10 22:04:00,59.0
2022-08-10 22:05:00,60.0
2022-08-10 22:06:00,60.0
2022-08-10 22:07:00,60.0
2022-08-10 22:08:00,58.0
2022-08-10 22:09:00,56.0
2022-08-10 22:10:00,58.0
2022-08-10 22:11:00,59.0
2022-08-10 22:12:00,58.0
2022-08-10 22:13:00,58.0
2022-08-10 22:14:00,57.0
2022-08-10 22:15:00,57.0
2022-08-10 22:16:00,59.0
2022-08-10 22:17:00,60.0
2022-08-10 22:18:00,60.0
2022-08-10 22:19:00,59.0
2022-08-10 22:20:00,57.0
2022-08-10 22:21:00,56.0
2022-08-10 22:22:00,58.0
2022-08-10 22:23:00,59.0
2022-08-10 22:24:00,59.0
2022-08-10 22:25:00,62.0
2022-08-10 22:26:00,56.0
2022-08-10 22:27:00,57.0
2022-08-10 22:28:00,60.0
2022-08-10 22:29:00,60.0
2022-08-10 22:30:00,60.0
2022-08-10 22:31:00,58.0
2022-08-10 22:32:00,56.0
2022-08-10 22:33:00,54.0
2022-08-10 22:34:00,56.0
2022-08-10 22:35:00,61.0
2022-08-10 22:36:00,60.0
2022-08-10 22:37:00,56.0
2022-08-10 22:38:00,54.0
2022-08-10 22:39:00,58.0
2022-08-10 22:40:00,57.0
2022-08-10 22:41:00,58.0
2022-08-10 22:42:00,58.0
2022-08-10 22:43:00,56.0
2022-08-10 22:44:00,55.0
2022-08-10 22:45:00,56.0
2022-08-10 22:46:00,55.0
2022-08-10 22:47:00,56.0
2022-08-10 22:48:00,58.0
2022-08-10 22:49:00,56.0
2022-08-10 22:50:00,56.0
2022-08-10 22:51:00,56.0
2022-08-10 22:52:00,56.0
2022-08-10 22:53:00,56.0
2022-08-10 22:54:00,56.0
2022-08-10 22:55:00,58.0
2022-08-10 22:56:00,60.0
2022-08-10 22:57:00,60.0
2022-08-10 22:58:00,60.0
2022-08-10 22:59:00,60.0
2022-08-10 23:00:00,58.0
2022-08-10 23:01:00,58.0
2022-08-10 23:02:00,58.0
2022-08-10 23:03:00,58.0
2022-08-10 23:04:00,60.0
2022-08-10 23:05:00,60.0
2022-08-10 23:06:00,57.0
2022-08-10 23:07:00,58.0
2022-08-10 23:08:00,58.0
2022-08-10 23:09:00,58.0
2022-08-10 23:10:00,57.0
2022-08-10 23:11:00,59.0
2022-08-10 23:12:00,58.0
2022-08-10 23:13:00,58.0
2022-08-10 23:14:00,58.0
2022-08-10 23:15:00,59.0
2022-08-10 23:16:00,58.0
2022-08-10 23:17:00,58.0
2022-08-10 23:18:00,61.0
2022-08-10 23:19:00,58.0
2022-08-10 23:20:00,58.0
2022-08-10 23:21:00,61.0
2022-08-10 23:22:00,58.0
2022-08-10 23:23:00,58.0
2022-08-10 23:24:00,57.0
2022-08-10 23:25:00,57.0
2022-08-10 23:26:00,57.0
2022-08-10 23:27:00,58.0
2022-08-10 23:28:00,57.0
2022-08-10 23:29:00,56.0
2022-08-10 23:30:00,57.0
2022-08-10 23:31:00,57.0
2022-08-10 23:32:00,57.0
2022-08-10 23:33:00,57.0
2022-08-10 23:34:00,58.0
2022-08-10 23:35:00,52.0
2022-08-10 23:36:00,54.0
2022-08-10 23:37:00,57.0
2022-08-10 23:38:00,57.0
2022-08-10 23:39:00,56.0
2022-08-10 23:40:00,58.0
2022-08-10 23:41:00,57.0
2022-08-10 23:42:00,59.0
2022-08-10 23:43:00,56.0
2022-08-10 23:44:00,55.0
2022-08-10 23:45:00,53.0
2022-08-10 23:46:00,57.0
2022-08-10 23:47:00,56.0
2022-08-10 23:48:00,58.0
2022-08-10 23:49:00,56.0
2022-08-10 23:50:00,56.0
2022-08-10 23:51:00,56.0
2022-08-10 23:52:00,56.0
2022-08-10 23:53:00,54.0
2022-08-10 23:54:00,55.0
2022-08-10 23:55:00,57.0
2022-08-10 23:56:00,56.0
2022-08-10 23:57:00,56.0
2022-08-10 23:58:00,57.0
2022-08-10 23:59:00,59.0
2022-08-11 00:00:00,61.0
2022-08-11 00:01:00,58.0
2022-08-11 00:02:00,57.0
2022-08-11 00:03:00,58.0
2022-08-11 00:04:00,56.0
2022-08-11 00:05:00,58.0
2022-08-11 00:06:00,58.0
2022-08-11 00:07:00,61.0
2022-08-11 00:08:00,56.0
2022-08-11 00:09:00,56.0
2022-08-11 00:10:00,55.0
2022-08-11 00:11:00,57.0
2022-08-11 00:12:00,56.0
2022-08-11 00:13:00,56.0
2022-08-11 00:14:00,54.0
2022-08-11 00:15:00,56.0
2022-08-11 00:16:00,57.0
2022-08-11 00:17:00,54.0
2022-08-11 00:18:00,55.0
2022-08-11 00:19:00,57.0
2022-08-11 00:20:00,61.0
2022-08-11 00:21:00,56.0
2022-08-11 00:22:00,55.0
2022-08-11 00:23:00,58.0
2022-08-11 00:24:00,56.0
2022-08-11 00:25:00,58.0
2022-08-11 00:26:00,57.0
2022-08-11 00:27:00,54.0
2022-08-11 00:28:00,58.0
2022-08-11 00:29:00,56.0
2022-08-11 00:30:00,52.0
2022-08-11 00:31:00,54.0
2022-08-11 00:32:00,53.0
2022-08-11 00:33:00,52.0
2022-08-11 00:34:00,50.0
2022-08-11 00:35:00,53.0
2022-08-11 00:36:00,52.0
2022-08-11 00:37:00,53.0
2022-08-11 00:38:00,55.0
2022-08-11 00:39:00,52.0
2022-08-11 00:40:00,54.0
2022-08-11 00:41:00,54.0
2022-08-11 00:42:00,54.0
2022-08-11 00:43:00,52.0
2022-08-11 00:44:00,56.0
2022-08-11 00:45:00,54.0
2022-08-11 00:46:00,54.0
2022-08-11 00:47:00,53.0
2022-08-11 00:48:00,54.0
2022-08-11 00:49:00,56.0
2022-08-11 00:50:00,58.0
2022-08-11 00:51:00,58.0
2022-08-11 00:52:00,58.0
2022-08-11 00:53:00,56.0
2022-08-11 00:54:00,55.0
2022-08-11 00:55:00,56.0
2022-08-11 00:56:00,56.0
2022-08-11 00:57:00,54.0
2022-08-11 00:58:00,54.0
2022-08-11 00:59:00,52.0
2022-08-11 01:00:00,55.0
2022-08-11 01:01:00,55.0
2022-08-11 01:02:00,53.0
2022-08-11 01:03:00,52.0
2022-08-11 01:04:00,55.0
2022-08-11 01:05:00,52.0
2022-08-11 01:06:00,54.0
2022-08-11 01:07:00,55.0
2022-08-11 01:08:00,53.0
2022-08-11 01:09:00,52.0
2022-08-11 01:10:00,53.0
2022-08-11 01:11:00,52.0
2022-08-11 01:12:00,56.0
2022-08-11 01:13:00,52.0
2022-08-11 01:14:00,54.0
2022-08-11 01:15:00,54.0
2022-08-11 01:16:00,54.0
2022-08-11 01:17:00,54.0
2022-08-11 01:18:00,54.0
2022-08-11 01:19:00,56.0
2022-08-11 01:20:00,53.0
2022-08-11 01:21:00,54.0
2022-08-11 01:22:00,54.0
2022-08-11 01:23:00,56.0
2022-08-11 01:24:00,56.0
2022-08-11 01:25:00,54.0
2022-08-11 01:26:00,54.0
2022-08-11 01:27:00,54.0
2022-08-11 01:28:00,58.0
2022-08-11 01:29:00,56.0
2022-08-11 01:30:00,54.0
2022-08-11 01:31:00,54.0
2022-08-11 01:32:00,56.0
2022-08-11 01:33:00,56.0
2022-08-11 01:34:00,55.0
2022-08-11 01:35:00,54.0
2022-08-11 01:36:00,52.0
2022-08-11 01:37:00,52.0
2022-08-11 01:38:00,54.0
2022-08-11 01:39:00,52.0
2022-08-11 01:40:00,52.0
2022-08-11 01:41:00,54.0
2022-08-11 01:42:00,52.0
2022-08-11 01:43:00,50.0
2022-08-11 01:44:00,50.0
2022-08-11 01:45:00,53.0
2022-08-11 01:46:00,50.0
2022-08-11 01:47:00,52.0
2022-08-11 01:48:00,52.0
2022-08-11 01:49:00,50.0
2022-08-11 01:50:00,52.0
2022-08-11 01:51:00,52.0
2022-08-11 01:52:00,52.0
2022-08-11 01:53:00,54.0
2022-08-11 01:54:00,55.0
2022-08-11 01:55:00,52.0
2022-08-11 01:56:00,54.0
2022-08-11 01:57:00,55.0
2022-08-11 01:58:00,53.0
2022-08-11 01:59:00,52.0
2022-08-11 02:00:00,54.0
2022-08-11 02:01:00,53.0
2022-08-11 02:02:00,53.0
2022-08-11 02:03:00,54.0
2022-08-11 02:04:00,54.0
2022-08-11 02:05:00,54.0
2022-08-11 02:06:00,52.0
2022-08-11 02:07:00,52.0
2022-08-11 02:08:00,52.0
2022-08-11 02:09:00,52.0
2022-08-11 02:10:00,53.0
2022-08-11 02:11:00,54.0
2022-08-11 02:12:00,53.0
2022-08-11 02:13:00,52.0
2022-08-11 02:14:00,52.0
2022-08-11 02:15:00,52.0
2022-08-11 02:16:00,52.0
2022-08-11 02:17:00,50.0
2022-08-11 02:18:00,51.0
2022-08-11 02:19:00,54.0
2022-08-11 02:20:00,53.0
2022-08-11 02:21:00,52.0
2022-08-11 02:22:00,51.0
2022-08-11 02:23:00,54.0
2022-08-11 02:24:00,54.0
2022-08-11 02:25:00,56.0
2022-08-11 02:26:00,54.0
2022-08-11 02:27:00,53.0
2022-08-11 02:28:00,55.0
2022-08-11 02:29:00,54.0
2022-08-11 02:30:00,54.0
2022-08-11 02:31:00,53.0
2022-08-11 02:32:00,54.0
2022-08-11 02:33:00,54.0
2022-08-11 02:34:00,52.0
2022-08-11 02:35:00,54.0
2022-08-11 02:36:00,52.0
2022-08-11 02:37:00,50.0
2022-08-11 02:38:00,52.0
2022-08-11 02:39:00,54.0
2022-08-11 02:40:00,56.0
2022-08-11 02:41:00,60.0
2022-08-11 02:42:00,62.0
2022-08-11 02:43:00,60.0
2022-08-11 02:44:00,58.0
2022-08-11 02:45:00,55.0
2022-08-11 02:46:00,59.0
2022-08-11 02:47:00,60.0
2022-08-11 02:48:00,55.0
2022-08-11 02:49:00,58.0
2022-08-11 02:50:00,62.0
2022-08-11 02:51:00,56.0
2022-08-11 02:52:00,59.0
2022-08-11 02:53:00,56.0
2022-08-11 02:54:00,64.0
2022-08-11 02:55:00,60.0
2022-08-11 02:56:00,58.0
2022-08-11 02:57:00,62.0
2022-08-11 02:58:00,63.0
2022-08-11 02:59:00,52.0
2022-08-11 03:00:00,52.0
2022-08-11 03:01:00,54.0
2022-08-11 03:02:00,52.0
2022-08-11 03:03:00,51.0
2022-08-11 03:04:00,51.0
2022-08-11 03:05:00,52.0
2022-08-11 03:06:00,49.0
2022-08-11 03:07:00,50.0
2022-08-11 03:08:00,50.0
2022-08-11 03:09:00,50.0
2022-08-11 03:10:00,49.0
2022-08-11 03:11:00,50.0
2022-08-11 03:12:00,50.0
2022-08-11 03:13:00,52.0
2022-08-11 03:14:00,51.0
2022-08-11 03:15:00,52.0
2022-08-11 03:16:00,51.0
2022-08-11 03:17:00,50.0
2022-08-11 03:18:00,61.0
2022-08-11 03:19:00,58.0
2022-08-11 03:20:00,60.0
2022-08-11 03:21:00,51.0
2022-08-11 03:22:00,55.0
2022-08-11 03:23:00,61.0
2022-08-11 03:24:00,62.0
2022-08-11 03:25:00,62.0
2022-08-11 03:26:00,62.0
2022-08-11 03:27:00,64.0
2022-08-11 03:28:00,63.0
2022-08-11 03:29:00,57.0
2022-08-11 03:30:00,57.0
2022-08-11 03:31:00,61.0
2022-08-11 03:32:00,59.0
2022-08-11 03:33:00,59.0
2022-08-11 03:34:00,58.0
2022-08-11 03:35:00,58.0
2022-08-11 03:36:00,53.0
2022-08-11 03:37:00,59.0
2022-08-11 03:38:00,59.0
2022-08-11 03:39:00,59.0
2022-08-11 03:40:00,55.0
2022-08-11 03:41:00,57.0
2022-08-11 03:42:00,61.0
2022-08-11 03:43:00,66.0
2022-08-11 03:44:00,58.0
2022-08-11 03:45:00,56.0
2022-08-11 03:46:00,60.0
2022-08-11 03:47:00,61.0
2022-08-11 03:48:00,60.0
2022-08-11 03:49:00,59.0
2022-08-11 03:50:00,63.0
2022-08-11 03:51:00,55.0
2022-08-11 03:52:00,61.0
2022-08-11 03:53:00,62.0
2022-08-11 03:54:00,61.0
2022-08-11 03:55:00,60.0
2022-08-11 03:56:00,61.0
2022-08-11 03:57:00,56.0
2022-08-11 03:58:00,62.0
2022-08-11 03:59:00,55.0
2022-08-11 04:00:00,54.0
2022-08-11 04:01:00,55.0
2022-08-11 04:02:00,55.0
2022-08-11 04:03:00,54.0
2022-08-11 04:04:00,54.0
2022-08-11 04:05:00,54.0
2022-08-11 04:06:00,54.0
2022-08-11 04:07:00,54.0
2022-08-11 04:08:00,54.0
2022-08-11 04:09:00,54.0
2022-08-11 04:10:00,57.0
2022-08-11 04:11:00,54.0
2022-08-11 04:12:00,54.0
2022-08-11 04:13:00,54.0
2022-08-11 04:14:00,56.0
2022-08-11 04:15:00,55.0
2022-08-11 04:16:00,54.0
2022-08-11 04:17:00,55.0
2022-08-11 04:18:00,61.0
2022-08-11 04:19:00,60.0
2022-08-11 04:20:00,56.0
2022-08-11 04:21:00,65.0
2022-08-11 04:22:00,62.0
2022-08-11 04:23:00,62.0
2022-08-11 04:24:00,62.0
2022-08-11 04:25:00,64.0
2022-08-11 04:26:00,60.0
2022-08-11 04:27:00,60.0
2022-08-11 04:28:00,71.0
2022-08-11 04:29:00,65.0
2022-08-11 04:30:00,65.0
2022-08-11 04:31:00,64.0
2022-08-11 04:32:00,64.0
2022-08-11 04:33:00,58.0
2022-08-11 04:34:00,59.0
2022-08-11 04:35:00,62.0
2022-08-11 04:36:00,59.0
2022-08-11 04:37:00,60.0
2022-08-11 04:38:00,66.0
2022-08-11 04:39:00,65.0
2022-08-11 04:40:00,59.0
2022-08-11 04:41:00,63.0
2022-08-11 04:42:00,63.0
2022-08-11 04:43:00,55.0
2022-08-11 04:44:00,59.0
2022-08-11 04:45:00,65.0
2022-08-11 04:46:00,58.0
2022-08-11 04:47:00,63.0
2022-08-11 04:48:00,62.0
2022-08-11 04:49:00,53.0
2022-08-11 04:50:00,54.0
2022-08-11 04:51:00,56.0
2022-08-11 04:52:00,57.0
2022-08-11 04:53:00,54.0
2022-08-11 04:54:00,54.0
2022-08-11 04:55:00,54.0
2022-08-11 04:56:00,60.0
2022-08-11 04:57:00,56.0
2022-08-11 04:58:00,56.0
2022-08-11 04:59:00,63.0
2022-08-11 05:00:00,60.0
2022-08-11 05:01:00,58.0
2022-08-11 05:02:00,65.0
2022-08-11 05:03:00,59.0
2022-08-11 05:04:00,66.0
2022-08-11 05:05:00,63.0
2022-08-11 05:06:00,62.0
2022-08-11 05:07:00,59.0
2022-08-11 05:08:00,54.0
2022-08-11 05:09:00,56.0
2022-08-11 05:10:00,52.0
2022-08-11 05:11:00,56.0
2022-08-11 05:12:00,56.0
2022-08-11 05:13:00,54.0
2022-08-11 05:14:00,52.0
2022-08-11 05:15:00,54.0
2022-08-11 05:16:00,54.0
2022-08-11 05:17:00,56.0
2022-08-11 05:18:00,54.0
2022-08-11 05:19:00,58.0
2022-08-11 05:20:00,56.0
2022-08-11 05:21:00,54.0
2022-08-11 05:22:00,57.0
2022-08-11 05:23:00,54.0
2022-08-11 05:24:00,54.0
2022-08-11 05:25:00,56.0
2022-08-11 05:26:00,54.0
2022-08-11 05:27:00,52.0
2022-08-11 05:28:00,54.0
2022-08-11 05:29:00,55.0
2022-08-11 05:30:00,55.0
2022-08-11 05:31:00,53.0
2022-08-11 05:32:00,53.0
2022-08-11 05:33:00,53.0
2022-08-11 05:34:00,54.0
2022-08-11 05:35:00,56.0
2022-08-11 05:36:00,54.0
2022-08-11 05:37:00,55.0
2022-08-11 05:38:00,58.0
2022-08-11 05:39:00,54.0
2022-08-11 05:40:00,56.0
2022-08-11 05:41:00,56.0
2022-08-11 05:42:00,54.0
2022-08-11 05:43:00,53.0
2022-08-11 05:44:00,53.0
2022-08-11 05:45:00,54.0
2022-08-11 05:46:00,55.0
2022-08-11 05:47:00,55.0
2022-08-11 05:48:00,55.0
2022-08-11 05:49:00,54.0
2022-08-11 05:50:00,56.0
2022-08-11 05:51:00,54.0
2022-08-11 05:52:00,56.0
2022-08-11 05:53:00,55.0
2022-08-11 05:54:00,54.0
2022-08-11 05:55:00,56.0
2022-08-11 05:56:00,56.0
2022-08-11 05:57:00,56.0
2022-08-11 05:58:00,56.0
2022-08-11 05:59:00,54.0
2022-08-11 06:00:00,55.0
2022-08-11 06:01:00,55.0
2022-08-11 06:02:00,57.0
2022-08-11 06:03:00,55.0
2022-08-11 06:04:00,54.0
2022-08-11 06:05:00,56.0
2022-08-11 06:06:00,54.0
2022-08-11 06:07:00,55.0
2022-08-11 06:08:00,54.0
2022-08-11 06:09:00,56.0
2022-08-11 06:10:00,56.0
2022-08-11 06:11:00,58.0
2022-08-11 06:12:00,56.0
2022-08-11 06:13:00,56.0
2022-08-11 06:14:00,58.0
2022-08-11 06:15:00,55.0
2022-08-11 06:16:00,56.0
2022-08-11 06:17:00,57.0
2022-08-11 06:18:00,56.0
2022-08-11 06:19:00,58.0
2022-08-11 06:20:00,57.0
2022-08-11 06:21:00,58.0
2022-08-11 06:22:00,56.0
2022-08-11 06:23:00,56.0
2022-08-11 06:24:00,54.0
2022-08-11 06:25:00,55.0
2022-08-11 06:26:00,54.0
2022-08-11 06:27:00,56.0
2022-08-11 06:28:00,54.0
2022-08-11 06:29:00,56.0
2022-08-11 06:30:00,54.0
2022-08-11 06:31:00,54.0
2022-08-11 06:32:00,54.0
2022-08-11 06:33:00,58.0
2022-08-11 06:34:00,56.0
2022-08-11 06:35:00,58.0
2022-08-11 06:36:00,56.0
2022-08-11 06:37:00,58.0
2022-08-11 06:38:00,58.0
2022-08-11 06:39:00,58.0
2022-08-11 06:40:00,58.0
2022-08-11 06:41:00,60.0
2022-08-11 06:42:00,58.0
2022-08-11 06:43:00,56.0
2022-08-11 06:44:00,58.0
2022-08-11 06:45:00,56.0
2022-08-11 06:46:00,56.0
2022-08-11 06:47:00,58.0
2022-08-11 06:48:00,56.0
2022-08-11 06:49:00,56.0
2022-08-11 06:50:00,54.0
2022-08-11 06:51:00,56.0
2022-08-11 06:52:00,58.0
2022-08-11 06:53:00,56.0
2022-08-11 06:54:00,58.0
2022-08-11 06:55:00,58.0
2022-08-11 06:56:00,58.0
2022-08-11 06:57:00,58.0
2022-08-11 06:58:00,57.0
2022-08-11 06:59:00,57.0
2022-08-11 07:00:00,58.0
2022-08-11 07:01:00,58.0
2022-08-11 07:02:00,57.0
2022-08-11 07:03:00,57.0
2022-08-11 07:04:00,57.0
2022-08-11 07:05:00,57.0
2022-08-11 07:06:00,58.0
2022-08-11 07:07:00,58.0
2022-08-11 07:08:00,58.0
2022-08-11 07:09:00,58.0
2022-08-11 07:10:00,55.0
2022-08-11 07:11:00,58.0
2022-08-11 07:12:00,58.0
2022-08-11 07:13:00,59.0
2022-08-11 07:14:00,58.0
2022-08-11 07:15:00,60.0
2022-08-11 07:16:00,57.0
2022-08-11 07:17:00,56.0
2022-08-11 07:18:00,63.0
2022-08-11 07:19:00,56.0
2022-08-11 07:20:00,64.0
2022-08-11 07:21:00,64.0
2022-08-11 07:22:00,66.0
2022-08-11 07:23:00,72.0
2022-08-11 07:24:00,64.0
2022-08-11 07:25:00,69.0
2022-08-11 07:26:00,69.0
2022-08-11 07:27:00,64.0
2022-08-11 07:28:00,67.0
2022-08-11 07:29:00,69.0
2022-08-11 07:30:00,69.0
2022-08-11 07:31:00,63.0
2022-08-11 07:32:00,66.0
2022-08-11 07:33:00,67.0
2022-08-11 07:34:00,69.0
2022-08-11 07:35:00,63.0
2022-08-11 07:36:00,67.0
2022-08-11 07:37:00,65.0
2022-08-11 07:38:00,68.0
2022-08-11 07:39:00,62.0
2022-08-11 07:40:00,60.0
2022-08-11 07:41:00,61.0
2022-08-11 07:42:00,60.0
2022-08-11 07:43:00,58.0
2022-08-11 07:44:00,62.0
2022-08-11 07:45:00,60.0
2022-08-11 07:46:00,59.0
2022-08-11 07:47:00,60.0
2022-08-11 07:48:00,60.0
2022-08-11 07:49:00,58.0
2022-08-11 07:50:00,59.0
2022-08-11 07:51:00,60.0
2022-08-11 07:52:00,60.0
2022-08-11 07:53:00,58.0
2022-08-11 07:54:00,61.0
2022-08-11 07:55:00,59.0
2022-08-11 07:56:00,59.0
2022-08-11 07:57:00,60.0
2022-08-11 07:58:00,58.0
2022-08-11 07:59:00,65.0
2022-08-11 08:00:00,66.0
2022-08-11 08:01:00,68.0
2022-08-11 08:02:00,69.0
2022-08-11 08:03:00,63.0
2022-08-11 08:04:00,66.0
2022-08-11 08:05:00,67.0
2022-08-11 08:06:00,66.0
2022-08-11 08:07:00,64.0
2022-08-11 08:08:00,63.0
2022-08-11 08:09:00,64.0
2022-08-11 08:10:00,68.0
2022-08-11 08:11:00,65.0
2022-08-11 08:12:00,63.0
2022-08-11 08:13:00,68.0
2022-08-11 08:14:00,62.0
2022-08-11 08:15:00,68.0
2022-08-11 08:16:00,72.0
2022-08-11 08:17:00,70.0
2022-08-11 08:18:00,60.0
2022-08-11 08:19:00,60.0
2022-08-11 08:20:00,63.0
2022-08-11 08:21:00,60.0
2022-08-11 08:22:00,60.0
2022-08-11 08:23:00,62.0
2022-08-11 08:24:00,60.0
2022-08-11 08:25:00,60.0
2022-08-11 08:26:00,63.0
2022-08-11 08:27:00,62.0
2022-08-11 08:28:00,60.0
2022-08-11 08:29:00,62.0
2022-08-11 08:30:00,62.0
2022-08-11 08:31:00,62.0
2022-08-11 08:32:00,63.0
2022-08-11 08:33:00,64.0
2022-08-11 08:34:00,61.0
2022-08-11 08:35:00,61.0
2022-08-11 08:36:00,62.0
2022-08-11 08:37:00,61.0
2022-08-11 08:38:00,62.0
2022-08-11 08:39:00,62.0
2022-08-11 08:40:00,60.0
2022-08-11 08:41:00,61.0
2022-08-11 08:42:00,62.0
2022-08-11 08:43:00,60.0
2022-08-11 08:44:00,62.0
2022-08-11 08:45:00,60.0
2022-08-11 08:46:00,62.0
2022-08-11 08:47:00,62.0
2022-08-11 08:48:00,62.0
2022-08-11 08:49:00,61.0
2022-08-11 08:50:00,62.0
2022-08-11 08:51:00,62.0
2022-08-11 08:52:00,60.0
2022-08-11 08:53:00,61.0
2022-08-11 08:54:00,60.0
2022-08-11 08:55:00,61.0
2022-08-11 08:56:00,60.0
2022-08-11 08:57:00,61.0
2022-08-11 08:58:00,62.0
2022-08-11 08:59:00,62.0
2022-08-11 09:00:00,60.0
2022-08-11 09:01:00,62.0
2022-08-11 09:02:00,62.0
2022-08-11 09:03:00,62.0
2022-08-11 09:04:00,60.0
2022-08-11 09:05:00,62.0
2022-08-11 09:06:00,62.0
2022-08-11 09:07:00,63.0
2022-08-11 09:08:00,63.0
2022-08-11 09:09:00,63.0
2022-08-11 09:10:00,62.0
2022-08-11 09:11:00,60.0
2022-08-11 09:12:00,60.0
2022-08-11 09:13:00,62.0
2022-08-11 09:14:00,63.0
2022-08-11 09:15:00,62.0
2022-08-11 09:16:00,61.0
2022-08-11 09:17:00,62.0
2022-08-11 09:18:00,64.0
2022-08-11 09:19:00,61.0
2022-08-11 09:20:00,63.0
2022-08-11 09:21:00,64.0
2022-08-11 09:22:00,63.0
2022-08-11 09:23:00,66.0
2022-08-11 09:24:00,67.0
2022-08-11 09:25:00,64.0
2022-08-11 09:26:00,64.0
2022-08-11 09:27:00,68.0
2022-08-11 09:28:00,59.0
2022-08-11 09:29:00,61.0
2022-08-11 09:30:00,61.0
2022-08-11 09:31:00,59.0
2022-08-11 09:32:00,61.0
2022-08-11 09:33:00,62.0
2022-08-11 09:34:00,60.0
2022-08-11 09:35:00,61.0
2022-08-11 09:36:00,62.0
2022-08-11 09:37:00,59.0
2022-08-11 09:38:00,60.0
2022-08-11 09:39:00,63.0
2022-08-11 09:40:00,68.0
2022-08-11 09:41:00,61.0
2022-08-11 09:42:00,66.0
2022-08-11 09:43:00,62.0
2022-08-11 09:44:00,62.0
2022-08-11 09:45:00,63.0
2022-08-11 09:46:00,65.0
2022-08-11 09:47:00,64.0
2022-08-11 09:48:00,71.0
2022-08-11 09:49:00,69.0
2022-08-11 09:50:00,64.0
2022-08-11 09:51:00,64.0
2022-08-11 09:52:00,64.0
2022-08-11 09:53:00,61.0
2022-08-11 09:54:00,65.0
2022-08-11 09:55:00,66.0
2022-08-11 09:56:00,71.0
2022-08-11 09:57:00,63.0
2022-08-11 09:58:00,64.0
2022-08-11 09:59:00,61.0
2022-08-11 10:00:00,62.0
2022-08-11 10:01:00,58.0
2022-08-11 10:02:00,62.0
2022-08-11 10:03:00,62.0
2022-08-11 10:04:00,60.0
2022-08-11 10:05:00,60.0
2022-08-11 10:06:00,62.0
2022-08-11 10:07:00,62.0
2022-08-11 10:08:00,60.0
2022-08-11 10:09:00,71.0
2022-08-11 10:10:00,68.0
2022-08-11 10:11:00,66.0
2022-08-11 10:12:00,65.0
2022-08-11 10:13:00,66.0
2022-08-11 10:14:00,67.0
2022-08-11 10:15:00,69.0
2022-08-11 10:16:00,66.0
2022-08-11 10:17:00,62.0
2022-08-11 10:18:00,62.0
2022-08-11 10:19:00,63.0
2022-08-11 10:20:00,64.0
2022-08-11 10:21:00,64.0
2022-08-11 10:22:00,60.0
2022-08-11 10:23:00,70.0
2022-08-11 10:24:00,66.0
2022-08-11 10:25:00,68.0
2022-08-11 10:26:00,68.0
2022-08-11 10:27:00,63.0
2022-08-11 10:28:00,62.0
2022-08-11 10:29:00,72.0
2022-08-11 10:30:00,71.0
2022-08-11 10:31:00,67.0
2022-08-11 10:32:00,61.0
2022-08-11 10:33:00,66.0
2022-08-11 10:34:00,65.0
2022-08-11 10:35:00,64.0
2022-08-11 10:36:00,64.0
2022-08-11 10:37:00,65.0
2022-08-11 10:38:00,61.0
2022-08-11 10:39:00,62.0
2022-08-11 10:40:00,60.0
2022-08-11 10:41:00,62.0
2022-08-11 10:42:00,65.0
2022-08-11 10:43:00,63.0
2022-08-11 10:44:00,62.0
2022-08-11 10:45:00,62.0
2022-08-11 10:46:00,63.0
2022-08-11 10:47:00,60.0
2022-08-11 10:48:00,62.0
2022-08-11 10:49:00,62.0
2022-08-11 10:50:00,60.0
2022-08-11 10:51:00,62.0
2022-08-11 10:52:00,61.0
2022-08-11 10:53:00,62.0
2022-08-11 10:54:00,62.0
2022-08-11 10:55:00,61.0
2022-08-11 10:56:00,62.0
2022-08-11 10:57:00,63.0
2022-08-11 10:58:00,62.0
2022-08-11 10:59:00,63.0
2022-08-11 11:00:00,62.0
2022-08-11 11:01:00,62.0
2022-08-11 11:02:00,65.0
2022-08-11 11:03:00,64.0
2022-08-11 11:04:00,62.0
2022-08-11 11:05:00,64.0
2022-08-11 11:06:00,65.0
2022-08-11 11:07:00,64.0
2022-08-11 11:08:00,64.0
2022-08-11 11:09:00,63.0
2022-08-11 11:10:00,61.0
2022-08-11 11:11:00,61.0
2022-08-11 11:12:00,64.0
2022-08-11 11:13:00,63.0
2022-08-11 11:14:00,60.0
2022-08-11 11:15:00,62.0
2022-08-11 11:16:00,61.0
2022-08-11 11:17:00,61.0
2022-08-11 11:18:00,62.0
2022-08-11 11:19:00,60.0
2022-08-11 11:20:00,62.0
2022-08-11 11:21:00,62.0
2022-08-11 11:22:00,61.0
2022-08-11 11:23:00,63.0
2022-08-11 11:24:00,61.0
2022-08-11 11:25:00,61.0
2022-08-11 11:26:00,63.0
2022-08-11 11:27:00,62.0
2022-08-11 11:28:00,62.0
2022-08-11 11:29:00,62.0
2022-08-11 11:30:00,66.0
2022-08-11 11:31:00,69.0
2022-08-11 11:32:00,68.0
2022-08-11 11:33:00,71.0
2022-08-11 11:34:00,67.0
2022-08-11 11:35:00,70.0
2022-08-11 11:36:00,76.0
2022-08-11 11:37:00,69.0
2022-08-11 11:38:00,63.0
2022-08-11 11:39:00,72.0
2022-08-11 11:40:00,71.0
2022-08-11 11:41:00,65.0
2022-08-11 11:42:00,70.0
2022-08-11 11:43:00,68.0
2022-08-11 11:44:00,62.0
2022-08-11 11:45:00,67.0
2022-08-11 11:46:00,71.0
2022-08-11 11:47:00,67.0
2022-08-11 11:48:00,65.0
2022-08-11 11:49:00,62.0
2022-08-11 11:50:00,62.0
2022-08-11 11:51:00,62.0
2022-08-11 11:52:00,62.0
2022-08-11 11:53:00,60.0
2022-08-11 11:54:00,60.0
2022-08-11 11:55:00,60.0
2022-08-11 11:56:00,62.0
2022-08-11 11:57:00,64.0
2022-08-11 11:58:00,62.0
2022-08-11 11:59:00,66.0
2022-08-11 12:00:00,70.0
2022-08-11 12:01:00,68.0
2022-08-11 12:02:00,72.0
2022-08-11 12:03:00,71.0
2022-08-11 12:04:00,69.0
2022-08-11 12:05:00,64.0
2022-08-11 12:06:00,71.0
2022-08-11 12:07:00,71.0
2022-08-11 12:08:00,69.0
2022-08-11 12:09:00,64.0
2022-08-11 12:10:00,64.0
2022-08-11 12:11:00,63.0
2022-08-11 12:12:00,64.0
2022-08-11 12:13:00,65.0
2022-08-11 12:14:00,66.0
2022-08-11 12:15:00,63.0
2022-08-11 12:16:00,64.0
2022-08-11 12:17:00,64.0
2022-08-11 12:18:00,65.0
2022-08-11 12:19:00,67.0
2022-08-11 12:20:00,66.0
2022-08-11 12:21:00,66.0
2022-08-11 12:22:00,63.0
2022-08-11 12:23:00,65.0
2022-08-11 12:24:00,63.0
2022-08-11 12:25:00,64.0
2022-08-11 12:26:00,63.0
2022-08-11 12:27:00,64.0
2022-08-11 12:28:00,65.0
2022-08-11 12:29:00,70.0
2022-08-11 12:30:00,70.0
2022-08-11 12:31:00,66.0
2022-08-11 12:32:00,67.0
2022-08-11 12:33:00,70.0
2022-08-11 12:34:00,64.0
2022-08-11 12:35:00,68.0
2022-08-11 12:36:00,64.0
2022-08-11 12:37:00,68.0
2022-08-11 12:38:00,69.0
2022-08-11 12:39:00,63.0
2022-08-11 12:40:00,64.0
2022-08-11 12:41:00,62.0
2022-08-11 12:42:00,63.0
2022-08-11 12:43:00,64.0
2022-08-11 12:44:00,63.0
2022-08-11 12:45:00,64.0
2022-08-11 12:46:00,64.0
2022-08-11 12:47:00,65.0
2022-08-11 12:48:00,63.0
2022-08-11 12:49:00,70.0
2022-08-11 12:50:00,65.0
2022-08-11 12:51:00,65.0
2022-08-11 12:52:00,72.0
2022-08-11 12:53:00,73.0
2022-08-11 12:54:00,70.0
2022-08-11 12:55:00,69.0
2022-08-11 12:56:00,64.0
2022-08-11 12:57:00,64.0
2022-08-11 12:58:00,68.0
2022-08-11 12:59:00,70.0
2022-08-11 13:00:00,65.0
2022-08-11 13:01:00,67.0
2022-08-11 13:02:00,70.0
2022-08-11 13:03:00,71.0
2022-08-11 13:04:00,65.0
2022-08-11 13:05:00,63.0
2022-08-11 13:06:00,66.0
2022-08-11 13:07:00,72.0
2022-08-11 13:08:00,67.0
2022-08-11 13:09:00,60.0
2022-08-11 13:10:00,62.0
2022-08-11 13:11:00,65.0
2022-08-11 13:12:00,67.0
2022-08-11 13:13:00,64.0
2022-08-11 13:14:00,65.0
2022-08-11 13:15:00,65.0
2022-08-11 13:16:00,62.0
2022-08-11 13:17:00,64.0
2022-08-11 13:18:00,61.0
2022-08-11 13:19:00,62.0
2022-08-11 13:20:00,62.0
2022-08-11 13:21:00,63.0
2022-08-11 13:22:00,64.0
2022-08-11 13:23:00,62.0
2022-08-11 13:24:00,63.0
2022-08-11 13:25:00,62.0
2022-08-11 13:26:00,65.0
2022-08-11 13:27:00,62.0
2022-08-11 13:28:00,64.0
2022-08-11 13:29:00,65.0
2022-08-11 13:30:00,65.0
2022-08-11 13:31:00,63.0
2022-08-11 13:32:00,64.0
2022-08-11 13:33:00,66.0
2022-08-11 13:34:00,64.0
2022-08-11 13:35:00,64.0
2022-08-11 13:36:00,65.0
2022-08-11 13:37:00,64.0
2022-08-11 13:38:00,67.0
2022-08-11 13:39:00,66.0
2022-08-11 13:40:00,66.0
2022-08-11 13:41:00,69.0
2022-08-11 13:42:00,65.0
2022-08-11 13:43:00,69.0
2022-08-11 13:44:00,67.0
2022-08-11 13:45:00,68.0
2022-08-11 13:46:00,68.0
2022-08-11 13:47:00,70.0
2022-08-11 13:48:00,70.0
2022-08-11 13:49:00,67.0
2022-08-11 13:50:00,61.0
2022-08-11 13:51:00,68.0
2022-08-11 13:52:00,70.0
2022-08-11 13:53:00,68.0
2022-08-11 13:54:00,64.0
2022-08-11 13:55:00,69.0
2022-08-11 13:56:00,65.0
2022-08-11 13:57:00,64.0
2022-08-11 13:58:00,67.0
2022-08-11 13:59:00,64.0
2022-08-11 14:00:00,66.0
2022-08-11 14:01:00,64.0
2022-08-11 14:02:00,64.0
2022-08-11 14:03:00,61.0
2022-08-11 14:04:00,60.0
2022-08-11 14:05:00,60.0
2022-08-11 14:06:00,65.0
2022-08-11 14:07:00,63.0
2022-08-11 14:08:00,62.0
2022-08-11 14:09:00,61.0
2022-08-11 14:10:00,64.0
2022-08-11 14:11:00,60.0
2022-08-11 14:12:00,64.0
2022-08-11 14:13:00,64.0
2022-08-11 14:14:00,62.0
2022-08-11 14:15:00,62.0
2022-08-11 14:16:00,61.0
2022-08-11 14:17:00,64.0
2022-08-11 14:18:00,64.0
2022-08-11 14:19:00,64.0
2022-08-11 14:20:00,64.0
2022-08-11 14:21:00,62.0
2022-08-11 14:22:00,62.0
2022-08-11 14:23:00,64.0
2022-08-11 14:24:00,64.0
2022-08-11 14:25:00,66.0
2022-08-11 14:26:00,63.0
2022-08-11 14:27:00,64.0
2022-08-11 14:28:00,62.0
2022-08-11 14:29:00,65.0
2022-08-11 14:30:00,67.0
2022-08-11 14:31:00,68.0
2022-08-11 14:32:00,68.0
2022-08-11 14:33:00,70.0
2022-08-11 14:34:00,62.0
2022-08-11 14:35:00,64.0
2022-08-11 14:36:00,67.0
2022-08-11 14:37:00,67.0
2022-08-11 14:38:00,67.0
2022-08-11 14:39:00,68.0
2022-08-11 14:40:00,71.0
2022-08-11 14:41:00,74.0
2022-08-11 14:42:00,67.0
2022-08-11 14:43:00,78.0
2022-08-11 14:44:00,68.0
2022-08-11 14:45:00,65.0
2022-08-11 14:46:00,69.0
2022-08-11 14:47:00,62.0
2022-08-11 14:48:00,65.0
2022-08-11 14:49:00,66.0
2022-08-11 14:50:00,66.0
2022-08-11 14:51:00,69.0
2022-08-11 14:52:00,68.0
2022-08-11 14:53:00,65.0
2022-08-11 14:54:00,62.0
2022-08-11 14:55:00,67.0
2022-08-11 14:56:00,59.0
2022-08-11 14:57:00,63.0
2022-08-11 14:58:00,61.0
2022-08-11 14:59:00,64.0
2022-08-11 15:00:00,61.0
2022-08-11 15:01:00,63.0
2022-08-11 15:02:00,63.0
2022-08-11 15:03:00,61.0
2022-08-11 15:04:00,68.0
2022-08-11 15:05:00,63.0
2022-08-11 15:06:00,66.0
2022-08-11 15:07:00,70.0
2022-08-11 15:08:00,68.0
2022-08-11 15:09:00,63.0
2022-08-11 15:10:00,64.0
2022-08-11 15:11:00,64.0
2022-08-11 15:12:00,64.0
2022-08-11 15:13:00,64.0
2022-08-11 15:14:00,62.0
2022-08-11 15:15:00,64.0
2022-08-11 15:16:00,63.0
2022-08-11 15:17:00,63.0
2022-08-11 15:18:00,64.0
2022-08-11 15:19:00,64.0
2022-08-11 15:20:00,64.0
2022-08-11 15:21:00,64.0
2022-08-11 15:22:00,64.0
2022-08-11 15:23:00,62.0
2022-08-11 15:24:00,68.0
2022-08-11 15:25:00,64.0
2022-08-11 15:26:00,64.0
2022-08-11 15:27:00,67.0
2022-08-11 15:28:00,63.0
2022-08-11 15:29:00,64.0
2022-08-11 15:30:00,66.0
2022-08-11 15:31:00,64.0
2022-08-11 15:32:00,64.0
2022-08-11 15:33:00,66.0
2022-08-11 15:34:00,64.0
2022-08-11 15:35:00,65.0
2022-08-11 15:36:00,64.0
2022-08-11 15:37:00,65.0
2022-08-11 15:38:00,64.0
2022-08-11 15:39:00,66.0
2022-08-11 15:40:00,68.0
2022-08-11 15:41:00,67.0
2022-08-11 15:42:00,64.0
2022-08-11 15:43:00,62.0
2022-08-11 15:44:00,62.0
2022-08-11 15:45:00,62.0
2022-08-11 15:46:00,63.0
2022-08-11 15:47:00,62.0
2022-08-11 15:48:00,64.0
2022-08-11 15:49:00,64.0
2022-08-11 15:50:00,64.0
2022-08-11 15:51:00,64.0
2022-08-11 15:52:00,64.0
2022-08-11 15:53:00,63.0
2022-08-11 15:54:00,64.0
2022-08-11 15:55:00,64.0
2022-08-11 15:56:00,64.0
2022-08-11 15:57:00,63.0
2022-08-11 15:58:00,63.0
2022-08-11 15:59:00,64.0
2022-08-11 16:00:00,63.0
2022-08-11 16:01:00,66.0
2022-08-11 16:02:00,64.0
2022-08-11 16:03:00,62.0
2022-08-11 16:04:00,62.0
2022-08-11 16:05:00,62.0
2022-08-11 16:06:00,62.0
2022-08-11 16:07:00,62.0
2022-08-11 16:08:00,62.0
2022-08-11 16:09:00,63.0
2022-08-11 16:10:00,63.0
2022-08-11 16:11:00,63.0
2022-08-11 16:12:00,62.0
2022-08-11 16:13:00,62.0
2022-08-11 16:14:00,64.0
2022-08-11 16:15:00,62.0
2022-08-11 16:16:00,66.0
2022-08-11 16:17:00,62.0
2022-08-11 16:18:00,63.0
2022-08-11 16:19:00,64.0
2022-08-11 16:20:00,68.0
2022-08-11 16:21:00,66.0
2022-08-11 16:22:00,64.0
2022-08-11 16:23:00,62.0
2022-08-11 16:24:00,63.0
2022-08-11 16:25:00,64.0
2022-08-11 16:26:00,62.0
2022-08-11 16:27:00,62.0
2022-08-11 16:28:00,64.0
2022-08-11 16:29:00,60.0
2022-08-11 16:30:00,71.0
2022-08-11 16:31:00,66.0
2022-08-11 16:32:00,60.0
2022-08-11 16:33:00,65.0
2022-08-11 16:34:00,67.0
2022-08-11 16:35:00,66.0
2022-08-11 16:36:00,68.0
2022-08-11 16:37:00,68.0
2022-08-11 16:38:00,64.0
2022-08-11 16:39:00,66.0
2022-08-11 16:40:00,64.0
2022-08-11 16:41:00,64.0
2022-08-11 16:42:00,63.0
2022-08-11 16:43:00,65.0
2022-08-11 16:44:00,66.0
2022-08-11 16:45:00,67.0
2022-08-11 16:46:00,66.0
2022-08-11 16:47:00,65.0
2022-08-11 16:48:00,66.0
2022-08-11 16:49:00,65.0
2022-08-11 16:50:00,61.0
2022-08-11 16:51:00,64.0
2022-08-11 16:52:00,62.0
2022-08-11 16:53:00,62.0
2022-08-11 16:54:00,62.0
2022-08-11 16:55:00,64.0
2022-08-11 16:56:00,64.0
2022-08-11 16:57:00,62.0
2022-08-11 16:58:00,62.0
2022-08-11 16:59:00,70.0
2022-08-11 17:00:00,71.0
2022-08-11 17:01:00,73.0
2022-08-11 17:02:00,64.0
2022-08-11 17:03:00,72.0
2022-08-11 17:04:00,71.0
2022-08-11 17:05:00,63.0
2022-08-11 17:06:00,65.0
2022-08-11 17:07:00,73.0
2022-08-11 17:08:00,68.0
2022-08-11 17:09:00,62.0
2022-08-11 17:10:00,63.0
2022-08-11 17:11:00,65.0
2022-08-11 17:12:00,64.0
2022-08-11 17:13:00,64.0
2022-08-11 17:14:00,64.0
2022-08-11 17:15:00,64.0
2022-08-11 17:16:00,64.0
2022-08-11 17:17:00,64.0
2022-08-11 17:18:00,64.0
2022-08-11 17:19:00,62.0
2022-08-11 17:20:00,64.0
2022-08-11 17:21:00,64.0
2022-08-11 17:22:00,66.0
2022-08-11 17:23:00,68.0
2022-08-11 17:24:00,64.0
2022-08-11 17:25:00,61.0
2022-08-11 17:26:00,64.0
2022-08-11 17:27:00,64.0
2022-08-11 17:28:00,62.0
2022-08-11 17:29:00,66.0
2022-08-11 17:30:00,65.0
2022-08-11 17:31:00,61.0
2022-08-11 17:32:00,65.0
2022-08-11 17:33:00,62.0
2022-08-11 17:34:00,63.0
2022-08-11 17:35:00,64.0
2022-08-11 17:36:00,66.0
2022-08-11 17:37:00,63.0
2022-08-11 17:38:00,64.0
2022-08-11 17:39:00,63.0
2022-08-11 17:40:00,62.0
2022-08-11 17:41:00,60.0
2022-08-11 17:42:00,62.0
2022-08-11 17:43:00,62.0
2022-08-11 17:44:00,63.0
2022-08-11 17:45:00,64.0
2022-08-11 17:46:00,63.0
2022-08-11 17:47:00,65.0
2022-08-11 17:48:00,63.0
2022-08-11 17:49:00,63.0
2022-08-11 17:50:00,62.0
2022-08-11 17:51:00,64.0
2022-08-11 17:52:00,63.0
2022-08-11 17:53:00,64.0
2022-08-11 17:54:00,61.0
2022-08-11 17:55:00,64.0
2022-08-11 17:56:00,62.0
2022-08-11 17:57:00,64.0
2022-08-11 17:58:00,64.0
2022-08-11 17:59:00,62.0
2022-08-11 18:00:00,66.0
2022-08-11 18:01:00,68.0
2022-08-11 18:02:00,66.0
2022-08-11 18:03:00,64.0
2022-08-11 18:04:00,63.0
2022-08-11 18:05:00,65.0
2022-08-11 18:06:00,66.0
2022-08-11 18:07:00,62.0
2022-08-11 18:08:00,62.0
2022-08-11 18:09:00,66.0
2022-08-11 18:10:00,64.0
2022-08-11 18:11:00,63.0
2022-08-11 18:12:00,63.0
2022-08-11 18:13:00,62.0
2022-08-11 18:14:00,62.0
2022-08-11 18:15:00,62.0
2022-08-11 18:16:00,62.0
2022-08-11 18:17:00,64.0
2022-08-11 18:18:00,63.0
2022-08-11 18:19:00,61.0
2022-08-11 18:20:00,64.0
2022-08-11 18:21:00,65.0
2022-08-11 18:22:00,62.0
2022-08-11 18:23:00,71.0
2022-08-11 18:24:00,64.0
2022-08-11 18:25:00,70.0
2022-08-11 18:26:00,64.0
2022-08-11 18:27:00,69.0
2022-08-11 18:28:00,65.0
2022-08-11 18:29:00,61.0
2022-08-11 18:30:00,65.0
2022-08-11 18:31:00,64.0
2022-08-11 18:32:00,69.0
2022-08-11 18:33:00,64.0
2022-08-11 18:34:00,63.0
2022-08-11 18:35:00,65.0
2022-08-11 18:36:00,67.0
2022-08-11 18:37:00,65.0
2022-08-11 18:38:00,64.0
2022-08-11 18:39:00,63.0
2022-08-11 18:40:00,64.0
2022-08-11 18:41:00,61.0
2022-08-11 18:42:00,63.0
2022-08-11 18:43:00,64.0
2022-08-11 18:44:00,61.0
2022-08-11 18:45:00,64.0
2022-08-11 18:46:00,64.0
2022-08-11 18:47:00,67.0
2022-08-11 18:48:00,66.0
2022-08-11 18:49:00,62.0
2022-08-11 18:50:00,62.0
2022-08-11 18:51:00,62.0
2022-08-11 18:52:00,60.0
2022-08-11 18:53:00,60.0
2022-08-11 18:54:00,62.0
2022-08-11 18:55:00,62.0
2022-08-11 18:56:00,60.0
2022-08-11 18:57:00,62.0
2022-08-11 18:58:00,62.0
2022-08-11 18:59:00,59.0
2022-08-11 19:00:00,59.0
2022-08-11 19:01:00,61.0
2022-08-11 19:02:00,58.0
2022-08-11 19:03:00,60.0
2022-08-11 19:04:00,66.0
2022-08-11 19:05:00,60.0
2022-08-11 19:06:00,60.0
2022-08-11 19:07:00,64.0
2022-08-11 19:08:00,61.0
2022-08-11 19:09:00,60.0
2022-08-11 19:10:00,57.0
2022-08-11 19:11:00,62.0
2022-08-11 19:12:00,61.0
2022-08-11 19:13:00,61.0
2022-08-11 19:14:00,59.0
2022-08-11 19:15:00,62.0
2022-08-11 19:16:00,59.0
2022-08-11 19:17:00,61.0
2022-08-11 19:18:00,61.0
2022-08-11 19:19:00,59.0
2022-08-11 19:20:00,60.0
2022-08-11 19:21:00,62.0
2022-08-11 19:22:00,59.0
2022-08-11 19:23:00,60.0
2022-08-11 19:24:00,61.0
2022-08-11 19:25:00,56.0
2022-08-11 19:26:00,57.0
2022-08-11 19:27:00,65.0
2022-08-11 19:28:00,58.0
2022-08-11 19:29:00,62.0
2022-08-11 19:30:00,63.0
2022-08-11 19:31:00,60.0
2022-08-11 19:32:00,61.0
2022-08-11 19:33:00,63.0
2022-08-11 19:34:00,61.0
2022-08-11 19:35:00,60.0
2022-08-11 19:36:00,61.0
2022-08-11 19:37:00,62.0
2022-08-11 19:38:00,59.0
2022-08-11 19:39:00,61.0
2022-08-11 19:40:00,60.0
2022-08-11 19:41:00,62.0
2022-08-11 19:42:00,64.0
2022-08-11 19:43:00,62.0
2022-08-11 19:44:00,62.0
2022-08-11 19:45:00,61.0
2022-08-11 19:46:00,63.0
2022-08-11 19:47:00,59.0
2022-08-11 19:48:00,58.0
2022-08-11 19:49:00,61.0
2022-08-11 19:50:00,59.0
2022-08-11 19:51:00,59.0
2022-08-11 19:52:00,63.0
2022-08-11 19:53:00,58.0
2022-08-11 19:54:00,59.0
2022-08-11 19:55:00,59.0
2022-08-11 19:56:00,55.0
2022-08-11 19:57:00,58.0
2022-08-11 19:58:00,62.0
2022-08-11 19:59:00,58.0
2022-08-11 20:00:00,60.0
2022-08-11 20:01:00,58.0
2022-08-11 20:02:00,59.0
2022-08-11 20:03:00,60.0
2022-08-11 20:04:00,59.0
2022-08-11 20:05:00,60.0
2022-08-11 20:06:00,60.0
2022-08-11 20:07:00,58.0
2022-08-11 20:08:00,60.0
2022-08-11 20:09:00,60.0
2022-08-11 20:10:00,58.0
2022-08-11 20:11:00,60.0
2022-08-11 20:12:00,60.0
2022-08-11 20:13:00,58.0
2022-08-11 20:14:00,60.0
2022-08-11 20:15:00,60.0
2022-08-11 20:16:00,58.0
2022-08-11 20:17:00,59.0
2022-08-11 20:18:00,58.0
2022-08-11 20:19:00,58.0
2022-08-11 20:20:00,64.0
2022-08-11 20:21:00,62.0
2022-08-11 20:22:00,60.0
2022-08-11 20:23:00,58.0
2022-08-11 20:24:00,58.0
2022-08-11 20:25:00,62.0
2022-08-11 20:26:00,67.0
2022-08-11 20:27:00,66.0
2022-08-11 20:28:00,66.0
2022-08-11 20:29:00,60.0
2022-08-11 20:30:00,58.0
2022-08-11 20:31:00,57.0
2022-08-11 20:32:00,58.0
2022-08-11 20:33:00,64.0
2022-08-11 20:34:00,60.0
2022-08-11 20:35:00,59.0
2022-08-11 20:36:00,60.0
2022-08-11 20:37:00,59.0
2022-08-11 20:38:00,60.0
2022-08-11 20:39:00,61.0
2022-08-11 20:40:00,56.0
2022-08-11 20:41:00,58.0
2022-08-11 20:42:00,62.0
2022-08-11 20:43:00,57.0
2022-08-11 20:44:00,57.0
2022-08-11 20:45:00,58.0
2022-08-11 20:46:00,58.0
2022-08-11 20:47:00,58.0
2022-08-11 20:48:00,60.0
2022-08-11 20:49:00,58.0
2022-08-11 20:50:00,59.0
2022-08-11 20:51:00,60.0
2022-08-11 20:52:00,64.0
2022-08-11 20:53:00,70.0
2022-08-11 20:54:00,59.0
2022-08-11 20:55:00,62.0
2022-08-11 20:56:00,58.0
2022-08-11 20:57:00,57.0
2022-08-11 20:58:00,60.0
2022-08-11 20:59:00,60.0
2022-08-11 21:00:00,58.0
2022-08-11 21:01:00,64.0
2022-08-11 21:02:00,63.0
2022-08-11 21:03:00,63.0
2022-08-11 21:04:00,60.0
2022-08-11 21:05:00,61.0
2022-08-11 21:06:00,60.0
2022-08-11 21:07:00,55.0
2022-08-11 21:08:00,57.0
2022-08-11 21:09:00,59.0
2022-08-11 21:10:00,58.0
2022-08-11 21:11:00,58.0
2022-08-11 21:12:00,58.0
2022-08-11 21:13:00,56.0
2022-08-11 21:14:00,59.0
2022-08-11 21:15:00,60.0
2022-08-11 21:16:00,61.0
2022-08-11 21:17:00,63.0
2022-08-11 21:18:00,61.0
2022-08-11 21:19:00,65.0
2022-08-11 21:20:00,60.0
2022-08-11 21:21:00,63.0
2022-08-11 21:22:00,60.0
2022-08-11 21:23:00,62.0
2022-08-11 21:24:00,59.0
2022-08-11 21:25:00,59.0
2022-08-11 21:26:00,58.0
2022-08-11 21:27:00,56.0
2022-08-11 21:28:00,58.0
2022-08-11 21:29:00,58.0
2022-08-11 21:30:00,60.0
2022-08-11 21:31:00,63.0
2022-08-11 21:32:00,59.0
2022-08-11 21:33:00,56.0
2022-08-11 21:34:00,57.0
2022-08-11 21:35:00,58.0
2022-08-11 21:36:00,62.0
2022-08-11 21:37:00,61.0
2022-08-11 21:38:00,59.0
2022-08-11 21:39:00,60.0
2022-08-11 21:40:00,58.0
2022-08-11 21:41:00,60.0
2022-08-11 21:42:00,60.0
2022-08-11 21:43:00,58.0
2022-08-11 21:44:00,67.0
2022-08-11 21:45:00,55.0
2022-08-11 21:46:00,62.0
2022-08-11 21:47:00,58.0
2022-08-11 21:48:00,61.0
2022-08-11 21:49:00,65.0
2022-08-11 21:50:00,65.0
2022-08-11 21:51:00,58.0
2022-08-11 21:52:00,56.0
2022-08-11 21:53:00,56.0
2022-08-11 21:54:00,58.0
2022-08-11 21:55:00,58.0
2022-08-11 21:56:00,60.0
2022-08-11 21:57:00,60.0
2022-08-11 21:58:00,63.0
2022-08-11 21:59:00,60.0
2022-08-11 22:00:00,58.0
2022-08-11 22:01:00,60.0
2022-08-11 22:02:00,60.0
2022-08-11 22:03:00,61.0
2022-08-11 22:04:00,61.0
2022-08-11 22:05:00,59.0
2022-08-11 22:06:00,60.0
2022-08-11 22:07:00,60.0
2022-08-11 22:08:00,60.0
2022-08-11 22:09:00,61.0
2022-08-11 22:10:00,63.0
2022-08-11 22:11:00,66.0
2022-08-11 22:12:00,60.0
2022-08-11 22:13:00,65.0
2022-08-11 22:14:00,56.0
2022-08-11 22:15:00,58.0
2022-08-11 22:16:00,61.0
2022-08-11 22:17:00,61.0
2022-08-11 22:18:00,60.0
2022-08-11 22:19:00,62.0
2022-08-11 22:20:00,59.0
2022-08-11 22:21:00,58.0
2022-08-11 22:22:00,58.0
2022-08-11 22:23:00,61.0
2022-08-11 22:24:00,62.0
2022-08-11 22:25:00,62.0
2022-08-11 22:26:00,60.0
2022-08-11 22:27:00,57.0
2022-08-11 22:28:00,60.0
2022-08-11 22:29:00,62.0
2022-08-11 22:30:00,60.0
2022-08-11 22:31:00,59.0
2022-08-11 22:32:00,58.0
2022-08-11 22:33:00,56.0
2022-08-11 22:34:00,57.0
2022-08-11 22:35:00,62.0
2022-08-11 22:36:00,61.0
2022-08-11 22:37:00,64.0
2022-08-11 22:38:00,59.0
2022-08-11 22:39:00,58.0
2022-08-11 22:40:00,61.0
2022-08-11 22:41:00,59.0
2022-08-11 22:42:00,61.0
2022-08-11 22:43:00,56.0
2022-08-11 22:44:00,55.0
2022-08-11 22:45:00,56.0
2022-08-11 22:46:00,55.0
2022-08-11 22:47:00,56.0
2022-08-11 22:48:00,58.0
2022-08-11 22:49:00,56.0
2022-08-11 22:50:00,58.0
2022-08-11 22:51:00,60.0
2022-08-11 22:52:00,58.0
2022-08-11 22:53:00,55.0
2022-08-11 22:54:00,56.0
2022-08-11 22:55:00,59.0
2022-08-11 22:56:00,64.0
2022-08-11 22:57:00,64.0
2022-08-11 22:58:00,68.0
2022-08-11 22:59:00,59.0
2022-08-11 23:00:00,57.0
2022-08-11 23:01:00,61.0
2022-08-11 23:02:00,65.0
2022-08-11 23:03:00,62.0
2022-08-11 23:04:00,60.0
2022-08-11 23:05:00,60.0
2022-08-11 23:06:00,68.0
2022-08-11 23:07:00,57.0
2022-08-11 23:08:00,59.0
2022-08-11 23:09:00,64.0
2022-08-11 23:10:00,62.0
2022-08-11 23:11:00,63.0
2022-08-11 23:12:00,60.0
2022-08-11 23:13:00,56.0
2022-08-11 23:14:00,58.0
2022-08-11 23:15:00,59.0
2022-08-11 23:16:00,58.0
2022-08-11 23:17:00,58.0
2022-08-11 23:18:00,60.0
2022-08-11 23:19:00,58.0
2022-08-11 23:20:00,60.0
2022-08-11 23:21:00,60.0
2022-08-11 23:22:00,58.0
2022-08-11 23:23:00,59.0
2022-08-11 23:24:00,58.0
2022-08-11 23:25:00,58.0
2022-08-11 23:26:00,58.0
2022-08-11 23:27:00,58.0
2022-08-11 23:28:00,59.0
2022-08-11 23:29:00,58.0
2022-08-11 23:30:00,59.0
2022-08-11 23:31:00,58.0
2022-08-11 23:32:00,58.0
2022-08-11 23:33:00,58.0
2022-08-11 23:34:00,65.0
2022-08-11 23:35:00,61.0
2022-08-11 23:36:00,64.0
2022-08-11 23:37:00,62.0
2022-08-11 23:38:00,62.0
2022-08-11 23:39:00,62.0
2022-08-11 23:40:00,62.0
2022-08-11 23:41:00,61.0
2022-08-11 23:42:00,59.0
2022-08-11 23:43:00,63.0
2022-08-11 23:44:00,58.0
2022-08-11 23:45:00,65.0
2022-08-11 23:46:00,57.0
2022-08-11 23:47:00,63.0
2022-08-11 23:48:00,59.0
2022-08-11 23:49:00,62.0
2022-08-11 23:50:00,61.0
2022-08-11 23:51:00,59.0
2022-08-11 23:52:00,61.0
2022-08-11 23:53:00,56.0
2022-08-11 23:54:00,54.0
2022-08-11 23:55:00,58.0
2022-08-11 23:56:00,62.0
2022-08-11 23:57:00,62.0
2022-08-11 23:58:00,66.0
2022-08-11 23:59:00,58.0
2022-08-12 00:00:00,57.0
2022-08-12 00:01:00,57.0
2022-08-12 00:02:00,59.0
2022-08-12 00:03:00,59.0
2022-08-12 00:04:00,57.0
2022-08-12 00:05:00,61.0
2022-08-12 00:06:00,61.0
2022-08-12 00:07:00,62.0
2022-08-12 00:08:00,58.0
2022-08-12 00:09:00,57.0
2022-08-12 00:10:00,59.0
2022-08-12 00:11:00,59.0
2022-08-12 00:12:00,60.0
2022-08-12 00:13:00,57.0
2022-08-12 00:14:00,56.0
2022-08-12 00:15:00,57.0
2022-08-12 00:16:00,57.0
2022-08-12 00:17:00,58.0
2022-08-12 00:18:00,56.0
2022-08-12 00:19:00,57.0
2022-08-12 00:20:00,54.0
2022-08-12 00:21:00,55.0
2022-08-12 00:22:00,57.0
2022-08-12 00:23:00,56.0
2022-08-12 00:24:00,56.0
2022-08-12 00:25:00,54.0
2022-08-12 00:26:00,58.0
2022-08-12 00:27:00,55.0
2022-08-12 00:28:00,56.0
2022-08-12 00:29:00,56.0
2022-08-12 00:30:00,54.0
2022-08-12 00:31:00,56.0
2022-08-12 00:32:00,56.0
2022-08-12 00:33:00,56.0
2022-08-12 00:34:00,54.0
2022-08-12 00:35:00,54.0
2022-08-12 00:36:00,53.0
2022-08-12 00:37:00,53.0
2022-08-12 00:38:00,56.0
2022-08-12 00:39:00,52.0
2022-08-12 00:40:00,55.0
2022-08-12 00:41:00,54.0
2022-08-12 00:42:00,57.0
2022-08-12 00:43:00,54.0
2022-08-12 00:44:00,58.0
2022-08-12 00:45:00,55.0
2022-08-12 00:46:00,58.0
2022-08-12 00:47:00,55.0
2022-08-12 00:48:00,59.0
2022-08-12 00:49:00,54.0
2022-08-12 00:50:00,59.0
2022-08-12 00:51:00,62.0
2022-08-12 00:52:00,55.0
2022-08-12 00:53:00,56.0
2022-08-12 00:54:00,55.0
2022-08-12 00:55:00,56.0
2022-08-12 00:56:00,56.0
2022-08-12 00:57:00,54.0
2022-08-12 00:58:00,54.0
2022-08-12 00:59:00,54.0
2022-08-12 01:00:00,54.0
2022-08-12 01:01:00,56.0
2022-08-12 01:02:00,53.0
2022-08-12 01:03:00,53.0
2022-08-12 01:04:00,56.0
2022-08-12 01:05:00,54.0
2022-08-12 01:06:00,56.0
2022-08-12 01:07:00,56.0
2022-08-12 01:08:00,53.0
2022-08-12 01:09:00,52.0
2022-08-12 01:10:00,53.0
2022-08-12 01:11:00,52.0
2022-08-12 01:12:00,56.0
2022-08-12 01:13:00,52.0
2022-08-12 01:14:00,56.0
2022-08-12 01:15:00,53.0
2022-08-12 01:16:00,56.0
2022-08-12 01:17:00,54.0
2022-08-12 01:18:00,54.0
2022-08-12 01:19:00,56.0
2022-08-12 01:20:00,54.0
2022-08-12 01:21:00,54.0
2022-08-12 01:22:00,56.0
2022-08-12 01:23:00,56.0
2022-08-12 01:24:00,56.0
2022-08-12 01:25:00,54.0
2022-08-12 01:26:00,54.0
2022-08-12 01:27:00,54.0
2022-08-12 01:28:00,58.0
2022-08-12 01:29:00,56.0
2022-08-12 01:30:00,54.0
2022-08-12 01:31:00,54.0
2022-08-12 01:32:00,56.0
2022-08-12 01:33:00,56.0
2022-08-12 01:34:00,55.0
2022-08-12 01:35:00,54.0
2022-08-12 01:36:00,52.0
2022-08-12 01:37:00,52.0
2022-08-12 01:38:00,54.0
2022-08-12 01:39:00,52.0
2022-08-12 01:40:00,52.0
2022-08-12 01:41:00,54.0
2022-08-12 01:42:00,52.0
2022-08-12 01:43:00,50.0
2022-08-12 01:44:00,50.0
2022-08-12 01:45:00,53.0
2022-08-12 01:46:00,50.0
2022-08-12 01:47:00,52.0
2022-08-12 01:48:00,52.0
2022-08-12 01:49:00,50.0
2022-08-12 01:50:00,52.0
2022-08-12 01:51:00,52.0
2022-08-12 01:52:00,52.0
2022-08-12 01:53:00,54.0
2022-08-12 01:54:00,55.0
2022-08-12 01:55:00,52.0
2022-08-12 01:56:00,54.0
2022-08-12 01:57:00,55.0
2022-08-12 01:58:00,53.0
2022-08-12 01:59:00,52.0
2022-08-12 02:00:00,54.0
2022-08-12 02:01:00,53.0
2022-08-12 02:02:00,53.0
2022-08-12 02:03:00,54.0
2022-08-12 02:04:00,54.0
2022-08-12 02:05:00,54.0
2022-08-12 02:06:00,52.0
2022-08-12 02:07:00,52.0
2022-08-12 02:08:00,52.0
2022-08-12 02:09:00,52.0
2022-08-12 02:10:00,53.0
2022-08-12 02:11:00,54.0
2022-08-12 02:12:00,53.0
2022-08-12 02:13:00,52.0
2022-08-12 02:14:00,52.0
2022-08-12 02:15:00,52.0
2022-08-12 02:16:00,52.0
2022-08-12 02:17:00,50.0
2022-08-12 02:18:00,51.0
2022-08-12 02:19:00,53.0
2022-08-12 02:20:00,52.0
2022-08-12 02:21:00,52.0
2022-08-12 02:22:00,52.0
2022-08-12 02:23:00,52.0
2022-08-12 02:24:00,60.0
2022-08-12 02:25:00,55.0
2022-08-12 02:26:00,51.0
2022-08-12 02:27:00,55.0
2022-08-12 02:28:00,53.0
2022-08-12 02:29:00,53.0
2022-08-12 02:30:00,56.0
2022-08-12 02:31:00,51.0
2022-08-12 02:32:00,52.0
2022-08-12 02:33:00,52.0
2022-08-12 02:34:00,50.0
2022-08-12 02:35:00,52.0
2022-08-12 02:36:00,52.0
2022-08-12 02:37:00,50.0
2022-08-12 02:38:00,54.0
2022-08-12 02:39:00,56.0
2022-08-12 02:40:00,55.0
2022-08-12 02:41:00,52.0
2022-08-12 02:42:00,54.0
2022-08-12 02:43:00,54.0
2022-08-12 02:44:00,53.0
2022-08-12 02:45:00,52.0
2022-08-12 02:46:00,54.0
2022-08-12 02:47:00,54.0
2022-08-12 02:48:00,52.0
2022-08-12 02:49:00,51.0
2022-08-12 02:50:00,53.0
2022-08-12 02:51:00,52.0
2022-08-12 02:52:00,52.0
2022-08-12 02:53:00,54.0
2022-08-12 02:54:00,56.0
2022-08-12 02:55:00,54.0
2022-08-12 02:56:00,52.0
2022-08-12 02:57:00,58.0
2022-08-12 02:58:00,57.0
2022-08-12 02:59:00,54.0
2022-08-12 03:00:00,55.0
2022-08-12 03:01:00,54.0
2022-08-12 03:02:00,54.0
2022-08-12 03:03:00,57.0
2022-08-12 03:04:00,51.0
2022-08-12 03:05:00,52.0
2022-08-12 03:06:00,49.0
2022-08-12 03:07:00,50.0
2022-08-12 03:08:00,50.0
2022-08-12 03:09:00,50.0
2022-08-12 03:10:00,49.0
2022-08-12 03:11:00,50.0
2022-08-12 03:12:00,50.0
2022-08-12 03:13:00,52.0
2022-08-12 03:14:00,51.0
2022-08-12 03:15:00,52.0
2022-08-12 03:16:00,51.0
2022-08-12 03:17:00,50.0
2022-08-12 03:18:00,53.0
2022-08-12 03:19:00,52.0
2022-08-12 03:20:00,51.0
2022-08-12 03:21:00,51.0
2022-08-12 03:22:00,51.0
2022-08-12 03:23:00,53.0
2022-08-12 03:24:00,56.0
2022-08-12 03:25:00,57.0
2022-08-12 03:26:00,57.0
2022-08-12 03:27:00,53.0
2022-08-12 03:28:00,55.0
2022-08-12 03:29:00,52.0
2022-08-12 03:30:00,57.0
2022-08-12 03:31:00,55.0
2022-08-12 03:32:00,56.0
2022-08-12 03:33:00,57.0
2022-08-12 03:34:00,52.0
2022-08-12 03:35:00,57.0
2022-08-12 03:36:00,56.0
2022-08-12 03:37:00,58.0
2022-08-12 03:38:00,57.0
2022-08-12 03:39:00,58.0
2022-08-12 03:40:00,56.0
2022-08-12 03:41:00,57.0
2022-08-12 03:42:00,57.0
2022-08-12 03:43:00,56.0
2022-08-12 03:44:00,56.0
2022-08-12 03:45:00,54.0
2022-08-12 03:46:00,52.0
2022-08-12 03:47:00,52.0
2022-08-12 03:48:00,55.0
2022-08-12 03:49:00,56.0
2022-08-12 03:50:00,53.0
2022-08-12 03:51:00,54.0
2022-08-12 03:52:00,54.0
2022-08-12 03:53:00,56.0
2022-08-12 03:54:00,54.0
2022-08-12 03:55:00,54.0
2022-08-12 03:56:00,55.0
2022-08-12 03:57:00,54.0
2022-08-12 03:58:00,54.0
2022-08-12 03:59:00,54.0
2022-08-12 04:00:00,56.0
2022-08-12 04:01:00,56.0
2022-08-12 04:02:00,55.0
2022-08-12 04:03:00,56.0
2022-08-12 04:04:00,54.0
2022-08-12 04:05:00,55.0
2022-08-12 04:06:00,54.0
2022-08-12 04:07:00,54.0
2022-08-12 04:08:00,54.0
2022-08-12 04:09:00,54.0
2022-08-12 04:10:00,58.0
2022-08-12 04:11:00,54.0
2022-08-12 04:12:00,54.0
2022-08-12 04:13:00,56.0
2022-08-12 04:14:00,56.0
2022-08-12 04:15:00,53.0
2022-08-12 04:16:00,55.0
2022-08-12 04:17:00,55.0
2022-08-12 04:18:00,57.0
2022-08-12 04:19:00,58.0
2022-08-12 04:20:00,57.0
2022-08-12 04:21:00,54.0
2022-08-12 04:22:00,59.0
2022-08-12 04:23:00,57.0
2022-08-12 04:24:00,57.0
2022-08-12 04:25:00,58.0
2022-08-12 04:26:00,52.0
2022-08-12 04:27:00,52.0
2022-08-12 04:28:00,54.0
2022-08-12 04:29:00,56.0
2022-08-12 04:30:00,56.0
2022-08-12 04:31:00,56.0
2022-08-12 04:32:00,58.0
2022-08-12 04:33:00,58.0
2022-08-12 04:34:00,57.0
2022-08-12 04:35:00,54.0
2022-08-12 04:36:00,56.0
2022-08-12 04:37:00,54.0
2022-08-12 04:38:00,53.0
2022-08-12 04:39:00,57.0
2022-08-12 04:40:00,54.0
2022-08-12 04:41:00,54.0
2022-08-12 04:42:00,57.0
2022-08-12 04:43:00,56.0
2022-08-12 04:44:00,54.0
2022-08-12 04:45:00,54.0
2022-08-12 04:46:00,54.0
2022-08-12 04:47:00,52.0
2022-08-12 04:48:00,52.0
2022-08-12 04:49:00,53.0
2022-08-12 04:50:00,54.0
2022-08-12 04:51:00,56.0
2022-08-12 04:52:00,57.0
2022-08-12 04:53:00,54.0
2022-08-12 04:54:00,54.0
2022-08-12 04:55:00,54.0
2022-08-12 04:56:00,58.0
2022-08-12 04:57:00,56.0
2022-08-12 04:58:00,56.0
2022-08-12 04:59:00,57.0
2022-08-12 05:00:00,56.0
2022-08-12 05:01:00,54.0
2022-08-12 05:02:00,56.0
2022-08-12 05:03:00,54.0
2022-08-12 05:04:00,57.0
2022-08-12 05:05:00,58.0
2022-08-12 05:06:00,56.0
2022-08-12 05:07:00,57.0
2022-08-12 05:08:00,56.0
2022-08-12 05:09:00,54.0
2022-08-12 05:10:00,54.0
2022-08-12 05:11:00,56.0
2022-08-12 05:12:00,56.0
2022-08-12 05:13:00,54.0
2022-08-12 05:14:00,53.0
2022-08-12 05:15:00,52.0
2022-08-12 05:16:00,53.0
2022-08-12 05:17:00,56.0
2022-08-12 05:18:00,53.0
2022-08-12 05:19:00,53.0
2022-08-12 05:20:00,53.0
2022-08-12 05:21:00,55.0
2022-08-12 05:22:00,53.0
2022-08-12 05:23:00,56.0
2022-08-12 05:24:00,54.0
2022-08-12 05:25:00,52.0
2022-08-12 05:26:00,52.0
2022-08-12 05:27:00,52.0
2022-08-12 05:28:00,53.0
2022-08-12 05:29:00,56.0
2022-08-12 05:30:00,56.0
2022-08-12 05:31:00,53.0
2022-08-12 05:32:00,54.0
2022-08-12 05:33:00,52.0
2022-08-12 05:34:00,53.0
2022-08-12 05:35:00,56.0
2022-08-12 05:36:00,52.0
2022-08-12 05:37:00,55.0
2022-08-12 05:38:00,58.0
2022-08-12 05:39:00,57.0
2022-08-12 05:40:00,54.0
2022-08-12 05:41:00,56.0
2022-08-12 05:42:00,54.0
2022-08-12 05:43:00,55.0
2022-08-12 05:44:00,53.0
2022-08-12 05:45:00,54.0
2022-08-12 05:46:00,55.0
2022-08-12 05:47:00,55.0
2022-08-12 05:48:00,55.0
2022-08-12 05:49:00,54.0
2022-08-12 05:50:00,56.0
2022-08-12 05:51:00,54.0
2022-08-12 05:52:00,56.0
2022-08-12 05:53:00,55.0
2022-08-12 05:54:00,54.0
2022-08-12 05:55:00,58.0
2022-08-12 05:56:00,56.0
2022-08-12 05:57:00,56.0
2022-08-12 05:58:00,56.0
2022-08-12 05:59:00,53.0
2022-08-12 06:00:00,56.0
2022-08-12 06:01:00,55.0
2022-08-12 06:02:00,57.0
2022-08-12 06:03:00,56.0
2022-08-12 06:04:00,55.0
2022-08-12 06:05:00,57.0
2022-08-12 06:06:00,57.0
2022-08-12 06:07:00,57.0
2022-08-12 06:08:00,55.0
2022-08-12 06:09:00,57.0
2022-08-12 06:10:00,58.0
2022-08-12 06:11:00,57.0
2022-08-12 06:12:00,54.0
2022-08-12 06:13:00,54.0
2022-08-12 06:14:00,58.0
2022-08-12 06:15:00,56.0
2022-08-12 06:16:00,58.0
2022-08-12 06:17:00,54.0
2022-08-12 06:18:00,58.0
2022-08-12 06:19:00,56.0
2022-08-12 06:20:00,55.0
2022-08-12 06:21:00,58.0
2022-08-12 06:22:00,57.0
2022-08-12 06:23:00,56.0
2022-08-12 06:24:00,54.0
2022-08-12 06:25:00,55.0
2022-08-12 06:26:00,54.0
2022-08-12 06:27:00,56.0
2022-08-12 06:28:00,54.0
2022-08-12 06:29:00,56.0
2022-08-12 06:30:00,54.0
2022-08-12 06:31:00,54.0
2022-08-12 06:32:00,54.0
2022-08-12 06:33:00,58.0
2022-08-12 06:34:00,56.0
2022-08-12 06:35:00,58.0
2022-08-12 06:36:00,56.0
2022-08-12 06:37:00,58.0
2022-08-12 06:38:00,58.0
2022-08-12 06:39:00,58.0
2022-08-12 06:40:00,58.0
2022-08-12 06:41:00,60.0
2022-08-12 06:42:00,58.0
2022-08-12 06:43:00,56.0
2022-08-12 06:44:00,58.0
2022-08-12 06:45:00,56.0
2022-08-12 06:46:00,56.0
2022-08-12 06:47:00,58.0
2022-08-12 06:48:00,56.0
2022-08-12 06:49:00,56.0
2022-08-12 06:50:00,54.0
2022-08-12 06:51:00,56.0
2022-08-12 06:52:00,58.0
2022-08-12 06:53:00,56.0
2022-08-12 06:54:00,58.0
2022-08-12 06:55:00,58.0
2022-08-12 06:56:00,58.0
2022-08-12 06:57:00,58.0
2022-08-12 06:58:00,57.0
2022-08-12 06:59:00,57.0
2022-08-12 07:00:00,58.0
2022-08-12 07:01:00,58.0
2022-08-12 07:02:00,57.0
2022-08-12 07:03:00,57.0
2022-08-12 07:04:00,57.0
2022-08-12 07:05:00,57.0
2022-08-12 07:06:00,58.0
2022-08-12 07:07:00,58.0
2022-08-12 07:08:00,58.0
2022-08-12 07:09:00,58.0
2022-08-12 07:10:00,55.0
2022-08-12 07:11:00,58.0
2022-08-12 07:12:00,58.0
2022-08-12 07:13:00,59.0
2022-08-12 07:14:00,58.0
2022-08-12 07:15:00,60.0
2022-08-12 07:16:00,57.0
2022-08-12 07:17:00,56.0
2022-08-12 07:18:00,58.0
2022-08-12 07:19:00,56.0
2022-08-12 07:20:00,56.0
2022-08-12 07:21:00,58.0
2022-08-12 07:22:00,58.0
2022-08-12 07:23:00,58.0
2022-08-12 07:24:00,60.0
2022-08-12 07:25:00,60.0
2022-08-12 07:26:00,60.0
2022-08-12 07:27:00,60.0
2022-08-12 07:28:00,59.0
2022-08-12 07:29:00,61.0
2022-08-12 07:30:00,60.0
2022-08-12 07:31:00,58.0
2022-08-12 07:32:00,60.0
2022-08-12 07:33:00,62.0
2022-08-12 07:34:00,60.0
2022-08-12 07:35:00,60.0
2022-08-12 07:36:00,61.0
2022-08-12 07:37:00,60.0
2022-08-12 07:38:00,62.0
2022-08-12 07:39:00,62.0
2022-08-12 07:40:00,60.0
2022-08-12 07:41:00,61.0
2022-08-12 07:42:00,60.0
2022-08-12 07:43:00,58.0
2022-08-12 07:44:00,62.0
2022-08-12 07:45:00,60.0
2022-08-12 07:46:00,59.0
2022-08-12 07:47:00,60.0
2022-08-12 07:48:00,60.0
2022-08-12 07:49:00,58.0
2022-08-12 07:50:00,59.0
2022-08-12 07:51:00,60.0
2022-08-12 07:52:00,60.0
2022-08-12 07:53:00,58.0
2022-08-12 07:54:00,61.0
2022-08-12 07:55:00,59.0
2022-08-12 07:56:00,59.0
2022-08-12 07:57:00,60.0
2022-08-12 07:58:00,58.0
2022-08-12 07:59:00,60.0
2022-08-12 08:00:00,58.0
2022-08-12 08:01:00,60.0
2022-08-12 08:02:00,58.0
2022-08-12 08:03:00,60.0
2022-08-12 08:04:00,62.0
2022-08-12 08:05:00,60.0
2022-08-12 08:06:00,60.0
2022-08-12 08:07:00,62.0
2022-08-12 08:08:00,62.0
2022-08-12 08:09:00,60.0
2022-08-12 08:10:00,61.0
2022-08-12 08:11:00,61.0
2022-08-12 08:12:00,61.0
2022-08-12 08:13:00,61.0
2022-08-12 08:14:00,63.0
2022-08-12 08:15:00,60.0
2022-08-12 08:16:00,61.0
2022-08-12 08:17:00,62.0
2022-08-12 08:18:00,60.0
2022-08-12 08:19:00,60.0
2022-08-12 08:20:00,63.0
2022-08-12 08:21:00,60.0
2022-08-12 08:22:00,59.0
2022-08-12 08:23:00,61.0
2022-08-12 08:24:00,59.0
2022-08-12 08:25:00,60.0
2022-08-12 08:26:00,58.0
2022-08-12 08:27:00,60.0
2022-08-12 08:28:00,61.0
2022-08-12 08:29:00,59.0
2022-08-12 08:30:00,61.0
2022-08-12 08:31:00,64.0
2022-08-12 08:32:00,60.0
2022-08-12 08:33:00,62.0
2022-08-12 08:34:00,64.0
2022-08-12 08:35:00,59.0
2022-08-12 08:36:00,58.0
2022-08-12 08:37:00,62.0
2022-08-12 08:38:00,60.0
2022-08-12 08:39:00,60.0
2022-08-12 08:40:00,62.0
2022-08-12 08:41:00,63.0
2022-08-12 08:42:00,59.0
2022-08-12 08:43:00,63.0
2022-08-12 08:44:00,62.0
2022-08-12 08:45:00,60.0
2022-08-12 08:46:00,62.0
2022-08-12 08:47:00,62.0
2022-08-12 08:48:00,62.0
2022-08-12 08:49:00,61.0
2022-08-12 08:50:00,62.0
2022-08-12 08:51:00,62.0
2022-08-12 08:52:00,60.0
2022-08-12 08:53:00,61.0
2022-08-12 08:54:00,60.0
2022-08-12 08:55:00,59.0
2022-08-12 08:56:00,61.0
2022-08-12 08:57:00,64.0
2022-08-12 08:58:00,60.0
2022-08-12 08:59:00,61.0
2022-08-12 09:00:00,63.0
2022-08-12 09:01:00,58.0
2022-08-12 09:02:00,61.0
2022-08-12 09:03:00,63.0
2022-08-12 09:04:00,59.0
2022-08-12 09:05:00,59.0
2022-08-12 09:06:00,62.0
2022-08-12 09:07:00,62.0
2022-08-12 09:08:00,64.0
2022-08-12 09:09:00,62.0
2022-08-12 09:10:00,62.0
2022-08-12 09:11:00,57.0
2022-08-12 09:12:00,63.0
2022-08-12 09:13:00,60.0
2022-08-12 09:14:00,60.0
2022-08-12 09:15:00,61.0
2022-08-12 09:16:00,60.0
2022-08-12 09:17:00,60.0
2022-08-12 09:18:00,63.0
2022-08-12 09:19:00,61.0
2022-08-12 09:20:00,62.0
2022-08-12 09:21:00,60.0
2022-08-12 09:22:00,62.0
2022-08-12 09:23:00,62.0
2022-08-12 09:24:00,62.0
2022-08-12 09:25:00,62.0
2022-08-12 09:26:00,62.0
2022-08-12 09:27:00,64.0
2022-08-12 09:28:00,64.0
2022-08-12 09:29:00,60.0
2022-08-12 09:30:00,62.0
2022-08-12 09:31:00,62.0
2022-08-12 09:32:00,60.0
2022-08-12 09:33:00,62.0
2022-08-12 09:34:00,62.0
2022-08-12 09:35:00,62.0
2022-08-12 09:36:00,60.0
2022-08-12 09:37:00,60.0
2022-08-12 09:38:00,60.0
2022-08-12 09:39:00,61.0
2022-08-12 09:40:00,62.0
2022-08-12 09:41:00,61.0
2022-08-12 09:42:00,62.0
2022-08-12 09:43:00,62.0
2022-08-12 09:44:00,61.0
2022-08-12 09:45:00,61.0
2022-08-12 09:46:00,63.0
2022-08-12 09:47:00,60.0
2022-08-12 09:48:00,62.0
2022-08-12 09:49:00,60.0
2022-08-12 09:50:00,61.0
2022-08-12 09:51:00,62.0
2022-08-12 09:52:00,62.0
2022-08-12 09:53:00,62.0
2022-08-12 09:54:00,62.0
2022-08-12 09:55:00,56.0
2022-08-12 09:56:00,60.0
2022-08-12 09:57:00,63.0
2022-08-12 09:58:00,63.0
2022-08-12 09:59:00,63.0
2022-08-12 10:00:00,63.0
2022-08-12 10:01:00,58.0
2022-08-12 10:02:00,62.0
2022-08-12 10:03:00,62.0
2022-08-12 10:04:00,60.0
2022-08-12 10:05:00,62.0
2022-08-12 10:06:00,63.0
2022-08-12 10:07:00,60.0
2022-08-12 10:08:00,59.0
2022-08-12 10:09:00,62.0
2022-08-12 10:10:00,59.0
2022-08-12 10:11:00,60.0
2022-08-12 10:12:00,62.0
2022-08-12 10:13:00,62.0
2022-08-12 10:14:00,58.0
2022-08-12 10:15:00,62.0
2022-08-12 10:16:00,59.0
2022-08-12 10:17:00,58.0
2022-08-12 10:18:00,62.0
2022-08-12 10:19:00,59.0
2022-08-12 10:20:00,58.0
2022-08-12 10:21:00,62.0
2022-08-12 10:22:00,65.0
2022-08-12 10:23:00,58.0
2022-08-12 10:24:00,62.0
2022-08-12 10:25:00,60.0
2022-08-12 10:26:00,62.0
2022-08-12 10:27:00,65.0
2022-08-12 10:28:00,63.0
2022-08-12 10:29:00,65.0
2022-08-12 10:30:00,63.0
2022-08-12 10:31:00,62.0
2022-08-12 10:32:00,63.0
2022-08-12 10:33:00,62.0
2022-08-12 10:34:00,64.0
2022-08-12 10:35:00,60.0
2022-08-12 10:36:00,61.0
2022-08-12 10:37:00,62.0
2022-08-12 10:38:00,60.0
2022-08-12 10:39:00,59.0
2022-08-12 10:40:00,62.0
2022-08-12 10:41:00,61.0
2022-08-12 10:42:00,64.0
2022-08-12 10:43:00,65.0
2022-08-12 10:44:00,62.0
2022-08-12 10:45:00,61.0
2022-08-12 10:46:00,61.0
2022-08-12 10:47:00,60.0
2022-08-12 10:48:00,60.0
2022-08-12 10:49:00,62.0
2022-08-12 10:50:00,61.0
2022-08-12 10:51:00,62.0
2022-08-12 10:52:00,62.0
2022-08-12 10:53:00,62.0
2022-08-12 10:54:00,63.0
2022-08-12 10:55:00,61.0
2022-08-12 10:56:00,61.0
2022-08-12 10:57:00,63.0
2022-08-12 10:58:00,57.0
2022-08-12 10:59:00,61.0
2022-08-12 11:00:00,60.0
2022-08-12 11:01:00,59.0
2022-08-12 11:02:00,60.0
2022-08-12 11:03:00,63.0
2022-08-12 11:04:00,62.0
2022-08-12 11:05:00,62.0
2022-08-12 11:06:00,64.0
2022-08-12 11:07:00,60.0
2022-08-12 11:08:00,63.0
2022-08-12 11:09:00,62.0
2022-08-12 11:10:00,61.0
2022-08-12 11:11:00,60.0
2022-08-12 11:12:00,64.0
2022-08-12 11:13:00,64.0
2022-08-12 11:14:00,60.0
2022-08-12 11:15:00,62.0
2022-08-12 11:16:00,61.0
2022-08-12 11:17:00,60.0
2022-08-12 11:18:00,63.0
2022-08-12 11:19:00,60.0
2022-08-12 11:20:00,62.0
2022-08-12 11:21:00,62.0
2022-08-12 11:22:00,62.0
2022-08-12 11:23:00,61.0
2022-08-12 11:24:00,62.0
2022-08-12 11:25:00,62.0
2022-08-12 11:26:00,62.0
2022-08-12 11:27:00,62.0
2022-08-12 11:28:00,62.0
2022-08-12 11:29:00,64.0
2022-08-12 11:30:00,64.0
2022-08-12 11:31:00,66.0
2022-08-12 11:32:00,64.0
2022-08-12 11:33:00,64.0
2022-08-12 11:34:00,64.0
2022-08-12 11:35:00,66.0
2022-08-12 11:36:00,68.0
2022-08-12 11:37:00,66.0
2022-08-12 11:38:00,64.0
2022-08-12 11:39:00,65.0
2022-08-12 11:40:00,64.0
2022-08-12 11:41:00,64.0
2022-08-12 11:42:00,65.0
2022-08-12 11:43:00,64.0
2022-08-12 11:44:00,66.0
2022-08-12 11:45:00,62.0
2022-08-12 11:46:00,66.0
2022-08-12 11:47:00,65.0
2022-08-12 11:48:00,64.0
2022-08-12 11:49:00,63.0
2022-08-12 11:50:00,62.0
2022-08-12 11:51:00,61.0
2022-08-12 11:52:00,60.0
2022-08-12 11:53:00,61.0
2022-08-12 11:54:00,60.0
2022-08-12 11:55:00,60.0
2022-08-12 11:56:00,62.0
2022-08-12 11:57:00,64.0
2022-08-12 11:58:00,62.0
2022-08-12 11:59:00,62.0
2022-08-12 12:00:00,64.0
2022-08-12 12:01:00,62.0
2022-08-12 12:02:00,62.0
2022-08-12 12:03:00,62.0
2022-08-12 12:04:00,63.0
2022-08-12 12:05:00,64.0
2022-08-12 12:06:00,66.0
2022-08-12 12:07:00,64.0
2022-08-12 12:08:00,64.0
2022-08-12 12:09:00,64.0
2022-08-12 12:10:00,64.0
2022-08-12 12:11:00,62.0
2022-08-12 12:12:00,66.0
2022-08-12 12:13:00,64.0
2022-08-12 12:14:00,65.0
2022-08-12 12:15:00,63.0
2022-08-12 12:16:00,62.0
2022-08-12 12:17:00,62.0
2022-08-12 12:18:00,63.0
2022-08-12 12:19:00,65.0
2022-08-12 12:20:00,62.0
2022-08-12 12:21:00,64.0
2022-08-12 12:22:00,63.0
2022-08-12 12:23:00,63.0
2022-08-12 12:24:00,60.0
2022-08-12 12:25:00,65.0
2022-08-12 12:26:00,61.0
2022-08-12 12:27:00,60.0
2022-08-12 12:28:00,63.0
2022-08-12 12:29:00,60.0
2022-08-12 12:30:00,61.0
2022-08-12 12:31:00,63.0
2022-08-12 12:32:00,59.0
2022-08-12 12:33:00,61.0
2022-08-12 12:34:00,66.0
2022-08-12 12:35:00,64.0
2022-08-12 12:36:00,60.0
2022-08-12 12:37:00,64.0
2022-08-12 12:38:00,60.0
2022-08-12 12:39:00,62.0
2022-08-12 12:40:00,64.0
2022-08-12 12:41:00,61.0
2022-08-12 12:42:00,63.0
2022-08-12 12:43:00,62.0
2022-08-12 12:44:00,61.0
2022-08-12 12:45:00,61.0
2022-08-12 12:46:00,67.0
2022-08-12 12:47:00,64.0
2022-08-12 12:48:00,61.0
2022-08-12 12:49:00,61.0
2022-08-12 12:50:00,64.0
2022-08-12 12:51:00,66.0
2022-08-12 12:52:00,65.0
2022-08-12 12:53:00,62.0
2022-08-12 12:54:00,63.0
2022-08-12 12:55:00,60.0
2022-08-12 12:56:00,62.0
2022-08-12 12:57:00,62.0
2022-08-12 12:58:00,64.0
2022-08-12 12:59:00,61.0
2022-08-12 13:00:00,63.0
2022-08-12 13:01:00,59.0
2022-08-12 13:02:00,61.0
2022-08-12 13:03:00,65.0
2022-08-12 13:04:00,64.0
2022-08-12 13:05:00,63.0
2022-08-12 13:06:00,63.0
2022-08-12 13:07:00,64.0
2022-08-12 13:08:00,64.0
2022-08-12 13:09:00,60.0
2022-08-12 13:10:00,61.0
2022-08-12 13:11:00,64.0
2022-08-12 13:12:00,64.0
2022-08-12 13:13:00,64.0
2022-08-12 13:14:00,60.0
2022-08-12 13:15:00,64.0
2022-08-12 13:16:00,63.0
2022-08-12 13:17:00,60.0
2022-08-12 13:18:00,60.0
2022-08-12 13:19:00,62.0
2022-08-12 13:20:00,58.0
2022-08-12 13:21:00,62.0
2022-08-12 13:22:00,61.0
2022-08-12 13:23:00,60.0
2022-08-12 13:24:00,63.0
2022-08-12 13:25:00,62.0
2022-08-12 13:26:00,64.0
2022-08-12 13:27:00,60.0
2022-08-12 13:28:00,64.0
2022-08-12 13:29:00,64.0
2022-08-12 13:30:00,64.0
2022-08-12 13:31:00,64.0
2022-08-12 13:32:00,63.0
2022-08-12 13:33:00,64.0
2022-08-12 13:34:00,64.0
2022-08-12 13:35:00,64.0
2022-08-12 13:36:00,65.0
2022-08-12 13:37:00,64.0
2022-08-12 13:38:00,67.0
2022-08-12 13:39:00,66.0
2022-08-12 13:40:00,66.0
2022-08-12 13:41:00,69.0
2022-08-12 13:42:00,65.0
2022-08-12 13:43:00,69.0
2022-08-12 13:44:00,67.0
2022-08-12 13:45:00,68.0
2022-08-12 13:46:00,68.0
2022-08-12 13:47:00,70.0
2022-08-12 13:48:00,70.0
2022-08-12 13:49:00,67.0
2022-08-12 13:50:00,61.0
2022-08-12 13:51:00,68.0
2022-08-12 13:52:00,70.0
2022-08-12 13:53:00,68.0
2022-08-12 13:54:00,64.0
2022-08-12 13:55:00,60.0
2022-08-12 13:56:00,61.0
2022-08-12 13:57:00,64.0
2022-08-12 13:58:00,62.0
2022-08-12 13:59:00,61.0
2022-08-12 14:00:00,62.0
2022-08-12 14:01:00,58.0
2022-08-12 14:02:00,63.0
2022-08-12 14:03:00,66.0
2022-08-12 14:04:00,60.0
2022-08-12 14:05:00,61.0
2022-08-12 14:06:00,64.0
2022-08-12 14:07:00,62.0
2022-08-12 14:08:00,60.0
2022-08-12 14:09:00,62.0
2022-08-12 14:10:00,64.0
2022-08-12 14:11:00,61.0
2022-08-12 14:12:00,65.0
2022-08-12 14:13:00,64.0
2022-08-12 14:14:00,60.0
2022-08-12 14:15:00,65.0
2022-08-12 14:16:00,62.0
2022-08-12 14:17:00,61.0
2022-08-12 14:18:00,61.0
2022-08-12 14:19:00,63.0
2022-08-12 14:20:00,61.0
2022-08-12 14:21:00,62.0
2022-08-12 14:22:00,62.0
2022-08-12 14:23:00,62.0
2022-08-12 14:24:00,60.0
2022-08-12 14:25:00,64.0
2022-08-12 14:26:00,58.0
2022-08-12 14:27:00,61.0
2022-08-12 14:28:00,63.0
2022-08-12 14:29:00,56.0
2022-08-12 14:30:00,64.0
2022-08-12 14:31:00,66.0
2022-08-12 14:32:00,63.0
2022-08-12 14:33:00,60.0
2022-08-12 14:34:00,65.0
2022-08-12 14:35:00,63.0
2022-08-12 14:36:00,63.0
2022-08-12 14:37:00,62.0
2022-08-12 14:38:00,59.0
2022-08-12 14:39:00,68.0
2022-08-12 14:40:00,62.0
2022-08-12 14:41:00,65.0
2022-08-12 14:42:00,59.0
2022-08-12 14:43:00,62.0
2022-08-12 14:44:00,63.0
2022-08-12 14:45:00,64.0
2022-08-12 14:46:00,62.0
2022-08-12 14:47:00,66.0
2022-08-12 14:48:00,68.0
2022-08-12 14:49:00,63.0
2022-08-12 14:50:00,64.0
2022-08-12 14:51:00,64.0
2022-08-12 14:52:00,63.0
2022-08-12 14:53:00,64.0
2022-08-12 14:54:00,66.0
2022-08-12 14:55:00,64.0
2022-08-12 14:56:00,64.0
2022-08-12 14:57:00,62.0
2022-08-12 14:58:00,61.0
2022-08-12 14:59:00,64.0
2022-08-12 15:00:00,64.0
2022-08-12 15:01:00,64.0
2022-08-12 15:02:00,63.0
2022-08-12 15:03:00,66.0
2022-08-12 15:04:00,64.0
2022-08-12 15:05:00,63.0
2022-08-12 15:06:00,64.0
2022-08-12 15:07:00,64.0
2022-08-12 15:08:00,64.0
2022-08-12 15:09:00,64.0
2022-08-12 15:10:00,62.0
2022-08-12 15:11:00,63.0
2022-08-12 15:12:00,62.0
2022-08-12 15:13:00,64.0
2022-08-12 15:14:00,64.0
2022-08-12 15:15:00,68.0
2022-08-12 15:16:00,68.0
2022-08-12 15:17:00,62.0
2022-08-12 15:18:00,66.0
2022-08-12 15:19:00,64.0
2022-08-12 15:20:00,64.0
2022-08-12 15:21:00,64.0
2022-08-12 15:22:00,65.0
2022-08-12 15:23:00,66.0
2022-08-12 15:24:00,67.0
2022-08-12 15:25:00,64.0
2022-08-12 15:26:00,58.0
2022-08-12 15:27:00,65.0
2022-08-12 15:28:00,65.0
2022-08-12 15:29:00,59.0
2022-08-12 15:30:00,60.0
2022-08-12 15:31:00,68.0
2022-08-12 15:32:00,61.0
2022-08-12 15:33:00,64.0
2022-08-12 15:34:00,65.0
2022-08-12 15:35:00,66.0
2022-08-12 15:36:00,68.0
2022-08-12 15:37:00,71.0
2022-08-12 15:38:00,72.0
2022-08-12 15:39:00,64.0
2022-08-12 15:40:00,68.0
2022-08-12 15:41:00,68.0
2022-08-12 15:42:00,68.0
2022-08-12 15:43:00,66.0
2022-08-12 15:44:00,66.0
2022-08-12 15:45:00,62.0
2022-08-12 15:46:00,63.0
2022-08-12 15:47:00,62.0
2022-08-12 15:48:00,64.0
2022-08-12 15:49:00,64.0
2022-08-12 15:50:00,64.0
2022-08-12 15:51:00,64.0
2022-08-12 15:52:00,64.0
2022-08-12 15:53:00,63.0
2022-08-12 15:54:00,64.0
2022-08-12 15:55:00,64.0
2022-08-12 15:56:00,64.0
2022-08-12 15:57:00,63.0
2022-08-12 15:58:00,63.0
2022-08-12 15:59:00,64.0
2022-08-12 16:00:00,63.0
2022-08-12 16:01:00,66.0
2022-08-12 16:02:00,64.0
2022-08-12 16:03:00,62.0
2022-08-12 16:04:00,62.0
2022-08-12 16:05:00,62.0
2022-08-12 16:06:00,62.0
2022-08-12 16:07:00,62.0
2022-08-12 16:08:00,62.0
2022-08-12 16:09:00,63.0
2022-08-12 16:10:00,63.0
2022-08-12 16:11:00,63.0
2022-08-12 16:12:00,62.0
2022-08-12 16:13:00,62.0
2022-08-12 16:14:00,66.0
2022-08-12 16:15:00,66.0
2022-08-12 16:16:00,66.0
2022-08-12 16:17:00,67.0
2022-08-12 16:18:00,67.0
2022-08-12 16:19:00,64.0
2022-08-12 16:20:00,68.0
2022-08-12 16:21:00,66.0
2022-08-12 16:22:00,67.0
2022-08-12 16:23:00,62.0
2022-08-12 16:24:00,74.0
2022-08-12 16:25:00,62.0
2022-08-12 16:26:00,61.0
2022-08-12 16:27:00,60.0
2022-08-12 16:28:00,62.0
2022-08-12 16:29:00,58.0
2022-08-12 16:30:00,60.0
2022-08-12 16:31:00,60.0
2022-08-12 16:32:00,60.0
2022-08-12 16:33:00,61.0
2022-08-12 16:34:00,62.0
2022-08-12 16:35:00,65.0
2022-08-12 16:36:00,64.0
2022-08-12 16:37:00,66.0
2022-08-12 16:38:00,66.0
2022-08-12 16:39:00,67.0
2022-08-12 16:40:00,64.0
2022-08-12 16:41:00,66.0
2022-08-12 16:42:00,66.0
2022-08-12 16:43:00,65.0
2022-08-12 16:44:00,67.0
2022-08-12 16:45:00,70.0
2022-08-12 16:46:00,66.0
2022-08-12 16:47:00,67.0
2022-08-12 16:48:00,66.0
2022-08-12 16:49:00,70.0
2022-08-12 16:50:00,69.0
2022-08-12 16:51:00,65.0
2022-08-12 16:52:00,64.0
2022-08-12 16:53:00,72.0
2022-08-12 16:54:00,62.0
2022-08-12 16:55:00,66.0
2022-08-12 16:56:00,64.0
2022-08-12 16:57:00,66.0
2022-08-12 16:58:00,64.0
2022-08-12 16:59:00,69.0
2022-08-12 17:00:00,73.0
2022-08-12 17:01:00,67.0
2022-08-12 17:02:00,74.0
2022-08-12 17:03:00,63.0
2022-08-12 17:04:00,67.0
2022-08-12 17:05:00,66.0
2022-08-12 17:06:00,62.0
2022-08-12 17:07:00,65.0
2022-08-12 17:08:00,64.0
2022-08-12 17:09:00,62.0
2022-08-12 17:10:00,63.0
2022-08-12 17:11:00,65.0
2022-08-12 17:12:00,64.0
2022-08-12 17:13:00,64.0
2022-08-12 17:14:00,66.0
2022-08-12 17:15:00,65.0
2022-08-12 17:16:00,64.0
2022-08-12 17:17:00,64.0
2022-08-12 17:18:00,66.0
2022-08-12 17:19:00,66.0
2022-08-12 17:20:00,68.0
2022-08-12 17:21:00,67.0
2022-08-12 17:22:00,66.0
2022-08-12 17:23:00,68.0
2022-08-12 17:24:00,61.0
2022-08-12 17:25:00,64.0
2022-08-12 17:26:00,60.0
2022-08-12 17:27:00,62.0
2022-08-12 17:28:00,62.0
2022-08-12 17:29:00,61.0
2022-08-12 17:30:00,60.0
2022-08-12 17:31:00,60.0
2022-08-12 17:32:00,58.0
2022-08-12 17:33:00,60.0
2022-08-12 17:34:00,68.0
2022-08-12 17:35:00,64.0
2022-08-12 17:36:00,62.0
2022-08-12 17:37:00,64.0
2022-08-12 17:38:00,67.0
2022-08-12 17:39:00,64.0
2022-08-12 17:40:00,63.0
2022-08-12 17:41:00,68.0
2022-08-12 17:42:00,62.0
2022-08-12 17:43:00,60.0
2022-08-12 17:44:00,60.0
2022-08-12 17:45:00,68.0
2022-08-12 17:46:00,64.0
2022-08-12 17:47:00,64.0
2022-08-12 17:48:00,63.0
2022-08-12 17:49:00,66.0
2022-08-12 17:50:00,65.0
2022-08-12 17:51:00,60.0
2022-08-12 17:52:00,62.0
2022-08-12 17:53:00,65.0
2022-08-12 17:54:00,65.0
2022-08-12 17:55:00,64.0
2022-08-12 17:56:00,63.0
2022-08-12 17:57:00,64.0
2022-08-12 17:58:00,64.0
2022-08-12 17:59:00,64.0
2022-08-12 18:00:00,66.0
2022-08-12 18:01:00,68.0
2022-08-12 18:02:00,66.0
2022-08-12 18:03:00,64.0
2022-08-12 18:04:00,63.0
2022-08-12 18:05:00,64.0
2022-08-12 18:06:00,66.0
2022-08-12 18:07:00,62.0
2022-08-12 18:08:00,62.0
2022-08-12 18:09:00,67.0
2022-08-12 18:10:00,64.0
2022-08-12 18:11:00,62.0
2022-08-12 18:12:00,64.0
2022-08-12 18:13:00,64.0
2022-08-12 18:14:00,60.0
2022-08-12 18:15:00,59.0
2022-08-12 18:16:00,60.0
2022-08-12 18:17:00,60.0
2022-08-12 18:18:00,59.0
2022-08-12 18:19:00,61.0
2022-08-12 18:20:00,60.0
2022-08-12 18:21:00,62.0
2022-08-12 18:22:00,62.0
2022-08-12 18:23:00,63.0
2022-08-12 18:24:00,62.0
2022-08-12 18:25:00,68.0
2022-08-12 18:26:00,62.0
2022-08-12 18:27:00,64.0
2022-08-12 18:28:00,64.0
2022-08-12 18:29:00,67.0
2022-08-12 18:30:00,66.0
2022-08-12 18:31:00,63.0
2022-08-12 18:32:00,67.0
2022-08-12 18:33:00,64.0
2022-08-12 18:34:00,64.0
2022-08-12 18:35:00,63.0
2022-08-12 18:36:00,62.0
2022-08-12 18:37:00,60.0
2022-08-12 18:38:00,61.0
2022-08-12 18:39:00,63.0
2022-08-12 18:40:00,62.0
2022-08-12 18:41:00,62.0
2022-08-12 18:42:00,62.0
2022-08-12 18:43:00,63.0
2022-08-12 18:44:00,61.0
2022-08-12 18:45:00,64.0
2022-08-12 18:46:00,64.0
2022-08-12 18:47:00,66.0
2022-08-12 18:48:00,65.0
2022-08-12 18:49:00,62.0
2022-08-12 18:50:00,64.0
2022-08-12 18:51:00,65.0
2022-08-12 18:52:00,61.0
2022-08-12 18:53:00,66.0
2022-08-12 18:54:00,62.0
2022-08-12 18:55:00,62.0
2022-08-12 18:56:00,62.0
2022-08-12 18:57:00,66.0
2022-08-12 18:58:00,62.0
2022-08-12 18:59:00,60.0
2022-08-12 19:00:00,62.0
2022-08-12 19:01:00,63.0
2022-08-12 19:02:00,66.0
2022-08-12 19:03:00,64.0
2022-08-12 19:04:00,64.0
2022-08-12 19:05:00,64.0
2022-08-12 19:06:00,63.0
2022-08-12 19:07:00,68.0
2022-08-12 19:08:00,66.0
2022-08-12 19:09:00,64.0
2022-08-12 19:10:00,62.0
2022-08-12 19:11:00,66.0
2022-08-12 19:12:00,66.0
2022-08-12 19:13:00,64.0
2022-08-12 19:14:00,60.0
2022-08-12 19:15:00,61.0
2022-08-12 19:16:00,59.0
2022-08-12 19:17:00,59.0
2022-08-12 19:18:00,59.0
2022-08-12 19:19:00,58.0
2022-08-12 19:20:00,57.0
2022-08-12 19:21:00,59.0
2022-08-12 19:22:00,61.0
2022-08-12 19:23:00,62.0
2022-08-12 19:24:00,61.0
2022-08-12 19:25:00,60.0
2022-08-12 19:26:00,62.0
2022-08-12 19:27:00,58.0
2022-08-12 19:28:00,62.0
2022-08-12 19:29:00,60.0
2022-08-12 19:30:00,62.0
2022-08-12 19:31:00,63.0
2022-08-12 19:32:00,58.0
2022-08-12 19:33:00,60.0
2022-08-12 19:34:00,62.0
2022-08-12 19:35:00,58.0
2022-08-12 19:36:00,58.0
2022-08-12 19:37:00,58.0
2022-08-12 19:38:00,57.0
2022-08-12 19:39:00,58.0
2022-08-12 19:40:00,58.0
2022-08-12 19:41:00,60.0
2022-08-12 19:42:00,57.0
2022-08-12 19:43:00,60.0
2022-08-12 19:44:00,58.0
2022-08-12 19:45:00,58.0
2022-08-12 19:46:00,66.0
2022-08-12 19:47:00,60.0
2022-08-12 19:48:00,58.0
2022-08-12 19:49:00,57.0
2022-08-12 19:50:00,55.0
2022-08-12 19:51:00,59.0
2022-08-12 19:52:00,55.0
2022-08-12 19:53:00,57.0
2022-08-12 19:54:00,61.0
2022-08-12 19:55:00,58.0
2022-08-12 19:56:00,58.0
2022-08-12 19:57:00,62.0
2022-08-12 19:58:00,62.0
2022-08-12 19:59:00,59.0
2022-08-12 20:00:00,62.0
2022-08-12 20:01:00,60.0
2022-08-12 20:02:00,58.0
2022-08-12 20:03:00,62.0
2022-08-12 20:04:00,57.0
2022-08-12 20:05:00,57.0
2022-08-12 20:06:00,59.0
2022-08-12 20:07:00,58.0
2022-08-12 20:08:00,56.0
2022-08-12 20:09:00,60.0
2022-08-12 20:10:00,56.0
2022-08-12 20:11:00,59.0
2022-08-12 20:12:00,56.0
2022-08-12 20:13:00,64.0
2022-08-12 20:14:00,59.0
2022-08-12 20:15:00,59.0
2022-08-12 20:16:00,60.0
2022-08-12 20:17:00,55.0
2022-08-12 20:18:00,57.0
2022-08-12 20:19:00,62.0
2022-08-12 20:20:00,58.0
2022-08-12 20:21:00,58.0
2022-08-12 20:22:00,59.0
2022-08-12 20:23:00,57.0
2022-08-12 20:24:00,60.0
2022-08-12 20:25:00,62.0
2022-08-12 20:26:00,63.0
2022-08-12 20:27:00,62.0
2022-08-12 20:28:00,62.0
2022-08-12 20:29:00,62.0
2022-08-12 20:30:00,58.0
2022-08-12 20:31:00,56.0
2022-08-12 20:32:00,60.0
2022-08-12 20:33:00,59.0
2022-08-12 20:34:00,60.0
2022-08-12 20:35:00,59.0
2022-08-12 20:36:00,60.0
2022-08-12 20:37:00,58.0
2022-08-12 20:38:00,60.0
2022-08-12 20:39:00,59.0
2022-08-12 20:40:00,56.0
2022-08-12 20:41:00,59.0
2022-08-12 20:42:00,62.0
2022-08-12 20:43:00,56.0
2022-08-12 20:44:00,58.0
2022-08-12 20:45:00,59.0
2022-08-12 20:46:00,58.0
2022-08-12 20:47:00,58.0
2022-08-12 20:48:00,60.0
2022-08-12 20:49:00,58.0
2022-08-12 20:50:00,58.0
2022-08-12 20:51:00,62.0
2022-08-12 20:52:00,62.0
2022-08-12 20:53:00,59.0
2022-08-12 20:54:00,61.0
2022-08-12 20:55:00,60.0
2022-08-12 20:56:00,56.0
2022-08-12 20:57:00,60.0
2022-08-12 20:58:00,57.0
2022-08-12 20:59:00,61.0
2022-08-12 21:00:00,60.0
2022-08-12 21:01:00,60.0
2022-08-12 21:02:00,60.0
2022-08-12 21:03:00,58.0
2022-08-12 21:04:00,57.0
2022-08-12 21:05:00,59.0
2022-08-12 21:06:00,58.0
2022-08-12 21:07:00,57.0
2022-08-12 21:08:00,59.0
2022-08-12 21:09:00,56.0
2022-08-12 21:10:00,57.0
2022-08-12 21:11:00,58.0
2022-08-12 21:12:00,58.0
2022-08-12 21:13:00,54.0
2022-08-12 21:14:00,54.0
2022-08-12 21:15:00,56.0
2022-08-12 21:16:00,57.0
2022-08-12 21:17:00,57.0
2022-08-12 21:18:00,58.0
2022-08-12 21:19:00,58.0
2022-08-12 21:20:00,60.0
2022-08-12 21:21:00,53.0
2022-08-12 21:22:00,54.0
2022-08-12 21:23:00,57.0
2022-08-12 21:24:00,58.0
2022-08-12 21:25:00,57.0
2022-08-12 21:26:00,52.0
2022-08-12 21:27:00,57.0
2022-08-12 21:28:00,54.0
2022-08-12 21:29:00,53.0
2022-08-12 21:30:00,57.0
2022-08-12 21:31:00,59.0
2022-08-12 21:32:00,56.0
2022-08-12 21:33:00,55.0
2022-08-12 21:34:00,59.0
2022-08-12 21:35:00,59.0
2022-08-12 21:36:00,60.0
2022-08-12 21:37:00,58.0
2022-08-12 21:38:00,57.0
2022-08-12 21:39:00,60.0
2022-08-12 21:40:00,58.0
2022-08-12 21:41:00,60.0
2022-08-12 21:42:00,60.0
2022-08-12 21:43:00,60.0
2022-08-12 21:44:00,58.0
2022-08-12 21:45:00,58.0
2022-08-12 21:46:00,58.0
2022-08-12 21:47:00,58.0
2022-08-12 21:48:00,59.0
2022-08-12 21:49:00,58.0
2022-08-12 21:50:00,57.0
2022-08-12 21:51:00,58.0
2022-08-12 21:52:00,58.0
2022-08-12 21:53:00,58.0
2022-08-12 21:54:00,58.0
2022-08-12 21:55:00,56.0
2022-08-12 21:56:00,55.0
2022-08-12 21:57:00,56.0
2022-08-12 21:58:00,58.0
2022-08-12 21:59:00,55.0
2022-08-12 22:00:00,57.0
2022-08-12 22:01:00,59.0
2022-08-12 22:02:00,64.0
2022-08-12 22:03:00,63.0
2022-08-12 22:04:00,60.0
2022-08-12 22:05:00,57.0
2022-08-12 22:06:00,56.0
2022-08-12 22:07:00,58.0
2022-08-12 22:08:00,60.0
2022-08-12 22:09:00,54.0
2022-08-12 22:10:00,58.0
2022-08-12 22:11:00,57.0
2022-08-12 22:12:00,56.0
2022-08-12 22:13:00,56.0
2022-08-12 22:14:00,57.0
2022-08-12 22:15:00,57.0
2022-08-12 22:16:00,59.0
2022-08-12 22:17:00,60.0
2022-08-12 22:18:00,60.0
2022-08-12 22:19:00,59.0
2022-08-12 22:20:00,57.0
2022-08-12 22:21:00,58.0
2022-08-12 22:22:00,58.0
2022-08-12 22:23:00,61.0
2022-08-12 22:24:00,59.0
2022-08-12 22:25:00,61.0
2022-08-12 22:26:00,58.0
2022-08-12 22:27:00,56.0
2022-08-12 22:28:00,56.0
2022-08-12 22:29:00,59.0
2022-08-12 22:30:00,59.0
2022-08-12 22:31:00,59.0
2022-08-12 22:32:00,58.0
2022-08-12 22:33:00,56.0
2022-08-12 22:34:00,58.0
2022-08-12 22:35:00,60.0
2022-08-12 22:36:00,60.0
2022-08-12 22:37:00,55.0
2022-08-12 22:38:00,55.0
2022-08-12 22:39:00,56.0
2022-08-12 22:40:00,58.0
2022-08-12 22:41:00,58.0
2022-08-12 22:42:00,60.0
2022-08-12 22:43:00,56.0
2022-08-12 22:44:00,54.0
2022-08-12 22:45:00,55.0
2022-08-12 22:46:00,54.0
2022-08-12 22:47:00,58.0
2022-08-12 22:48:00,58.0
2022-08-12 22:49:00,56.0
2022-08-12 22:50:00,56.0
2022-08-12 22:51:00,54.0
2022-08-12 22:52:00,54.0
2022-08-12 22:53:00,54.0
2022-08-12 22:54:00,56.0
2022-08-12 22:55:00,54.0
2022-08-12 22:56:00,55.0
2022-08-12 22:57:00,57.0
2022-08-12 22:58:00,57.0
2022-08-12 22:59:00,57.0
2022-08-12 23:00:00,56.0
2022-08-12 23:01:00,51.0
2022-08-12 23:02:00,56.0
2022-08-12 23:03:00,56.0
2022-08-12 23:04:00,58.0
2022-08-12 23:05:00,57.0
2022-08-12 23:06:00,54.0
2022-08-12 23:07:00,54.0
2022-08-12 23:08:00,55.0
2022-08-12 23:09:00,57.0
2022-08-12 23:10:00,55.0
2022-08-12 23:11:00,58.0
2022-08-12 23:12:00,56.0
2022-08-12 23:13:00,55.0
2022-08-12 23:14:00,58.0
2022-08-12 23:15:00,59.0
2022-08-12 23:16:00,58.0
2022-08-12 23:17:00,58.0
2022-08-12 23:18:00,60.0
2022-08-12 23:19:00,58.0
2022-08-12 23:20:00,60.0
2022-08-12 23:21:00,60.0
2022-08-12 23:22:00,58.0
2022-08-12 23:23:00,59.0
2022-08-12 23:24:00,58.0
2022-08-12 23:25:00,58.0
2022-08-12 23:26:00,58.0
2022-08-12 23:27:00,58.0
2022-08-12 23:28:00,59.0
2022-08-12 23:29:00,58.0
2022-08-12 23:30:00,58.0
2022-08-12 23:31:00,58.0
2022-08-12 23:32:00,58.0
2022-08-12 23:33:00,57.0
2022-08-12 23:34:00,57.0
2022-08-12 23:35:00,59.0
2022-08-12 23:36:00,59.0
2022-08-12 23:37:00,58.0
2022-08-12 23:38:00,58.0
2022-08-12 23:39:00,59.0
2022-08-12 23:40:00,56.0
2022-08-12 23:41:00,58.0
2022-08-12 23:42:00,57.0
2022-08-12 23:43:00,58.0
2022-08-12 23:44:00,56.0
2022-08-12 23:45:00,57.0
2022-08-12 23:46:00,55.0
2022-08-12 23:47:00,51.0
2022-08-12 23:48:00,56.0
2022-08-12 23:49:00,54.0
2022-08-12 23:50:00,56.0
2022-08-12 23:51:00,55.0
2022-08-12 23:52:00,57.0
2022-08-12 23:53:00,61.0
2022-08-12 23:54:00,55.0
2022-08-12 23:55:00,57.0
2022-08-12 23:56:00,56.0
2022-08-12 23:57:00,56.0
2022-08-12 23:58:00,57.0
2022-08-12 23:59:00,58.0
2022-08-13 00:00:00,56.0
2022-08-13 00:01:00,58.0
2022-08-13 00:02:00,57.0
2022-08-13 00:03:00,56.0
2022-08-13 00:04:00,56.0
2022-08-13 00:05:00,58.0
2022-08-13 00:06:00,56.0
2022-08-13 00:07:00,57.0
2022-08-13 00:08:00,56.0
2022-08-13 00:09:00,56.0
2022-08-13 00:10:00,55.0
2022-08-13 00:11:00,57.0
2022-08-13 00:12:00,56.0
2022-08-13 00:13:00,56.0
2022-08-13 00:14:00,56.0
2022-08-13 00:15:00,55.0
2022-08-13 00:16:00,57.0
2022-08-13 00:17:00,56.0
2022-08-13 00:18:00,56.0
2022-08-13 00:19:00,56.0
2022-08-13 00:20:00,56.0
2022-08-13 00:21:00,55.0
2022-08-13 00:22:00,58.0
2022-08-13 00:23:00,56.0
2022-08-13 00:24:00,56.0
2022-08-13 00:25:00,54.0
2022-08-13 00:26:00,58.0
2022-08-13 00:27:00,55.0
2022-08-13 00:28:00,56.0
2022-08-13 00:29:00,56.0
2022-08-13 00:30:00,52.0
2022-08-13 00:31:00,54.0
2022-08-13 00:32:00,53.0
2022-08-13 00:33:00,52.0
2022-08-13 00:34:00,50.0
2022-08-13 00:35:00,54.0
2022-08-13 00:36:00,55.0
2022-08-13 00:37:00,54.0
2022-08-13 00:38:00,55.0
2022-08-13 00:39:00,52.0
2022-08-13 00:40:00,54.0
2022-08-13 00:41:00,58.0
2022-08-13 00:42:00,58.0
2022-08-13 00:43:00,54.0
2022-08-13 00:44:00,56.0
2022-08-13 00:45:00,53.0
2022-08-13 00:46:00,54.0
2022-08-13 00:47:00,56.0
2022-08-13 00:48:00,58.0
2022-08-13 00:49:00,56.0
2022-08-13 00:50:00,58.0
2022-08-13 00:51:00,58.0
2022-08-13 00:52:00,58.0
2022-08-13 00:53:00,56.0
2022-08-13 00:54:00,54.0
2022-08-13 00:55:00,56.0
2022-08-13 00:56:00,56.0
2022-08-13 00:57:00,54.0
2022-08-13 00:58:00,53.0
2022-08-13 00:59:00,56.0
2022-08-13 01:00:00,57.0
2022-08-13 01:01:00,57.0
2022-08-13 01:02:00,58.0
2022-08-13 01:03:00,53.0
2022-08-13 01:04:00,58.0
2022-08-13 01:05:00,54.0
2022-08-13 01:06:00,56.0
2022-08-13 01:07:00,56.0
2022-08-13 01:08:00,53.0
2022-08-13 01:09:00,52.0
2022-08-13 01:10:00,53.0
2022-08-13 01:11:00,52.0
2022-08-13 01:12:00,56.0
2022-08-13 01:13:00,52.0
2022-08-13 01:14:00,56.0
2022-08-13 01:15:00,55.0
2022-08-13 01:16:00,56.0
2022-08-13 01:17:00,55.0
2022-08-13 01:18:00,58.0
2022-08-13 01:19:00,54.0
2022-08-13 01:20:00,55.0
2022-08-13 01:21:00,55.0
2022-08-13 01:22:00,55.0
2022-08-13 01:23:00,55.0
2022-08-13 01:24:00,56.0
2022-08-13 01:25:00,54.0
2022-08-13 01:26:00,54.0
2022-08-13 01:27:00,54.0
2022-08-13 01:28:00,58.0
2022-08-13 01:29:00,56.0
2022-08-13 01:30:00,54.0
2022-08-13 01:31:00,54.0
2022-08-13 01:32:00,56.0
2022-08-13 01:33:00,56.0
2022-08-13 01:34:00,55.0
2022-08-13 01:35:00,54.0
2022-08-13 01:36:00,52.0
2022-08-13 01:37:00,52.0
2022-08-13 01:38:00,54.0
2022-08-13 01:39:00,52.0
2022-08-13 01:40:00,52.0
2022-08-13 01:41:00,54.0
2022-08-13 01:42:00,52.0
2022-08-13 01:43:00,50.0
2022-08-13 01:44:00,50.0
2022-08-13 01:45:00,53.0
2022-08-13 01:46:00,50.0
2022-08-13 01:47:00,52.0
2022-08-13 01:48:00,52.0
2022-08-13 01:49:00,50.0
2022-08-13 01:50:00,52.0
2022-08-13 01:51:00,52.0
2022-08-13 01:52:00,52.0
2022-08-13 01:53:00,54.0
2022-08-13 01:54:00,55.0
2022-08-13 01:55:00,52.0
2022-08-13 01:56:00,54.0
2022-08-13 01:57:00,55.0
2022-08-13 01:58:00,53.0
2022-08-13 01:59:00,52.0
2022-08-13 02:00:00,54.0
2022-08-13 02:01:00,53.0
2022-08-13 02:02:00,53.0
2022-08-13 02:03:00,54.0
2022-08-13 02:04:00,54.0
2022-08-13 02:05:00,54.0
2022-08-13 02:06:00,52.0
2022-08-13 02:07:00,52.0
2022-08-13 02:08:00,52.0
2022-08-13 02:09:00,52.0
2022-08-13 02:10:00,53.0
2022-08-13 02:11:00,54.0
2022-08-13 02:12:00,53.0
2022-08-13 02:13:00,52.0
2022-08-13 02:14:00,53.0
2022-08-13 02:15:00,50.0
2022-08-13 02:16:00,51.0
2022-08-13 02:17:00,53.0
2022-08-13 02:18:00,57.0
2022-08-13 02:19:00,53.0
2022-08-13 02:20:00,53.0
2022-08-13 02:21:00,54.0
2022-08-13 02:22:00,56.0
2022-08-13 02:23:00,50.0
2022-08-13 02:24:00,53.0
2022-08-13 02:25:00,52.0
2022-08-13 02:26:00,49.0
2022-08-13 02:27:00,53.0
2022-08-13 02:28:00,51.0
2022-08-13 02:29:00,52.0
2022-08-13 02:30:00,51.0
2022-08-13 02:31:00,51.0
2022-08-13 02:32:00,54.0
2022-08-13 02:33:00,54.0
2022-08-13 02:34:00,50.0
2022-08-13 02:35:00,52.0
2022-08-13 02:36:00,48.0
2022-08-13 02:37:00,51.0
2022-08-13 02:38:00,50.0
2022-08-13 02:39:00,50.0
2022-08-13 02:40:00,52.0
2022-08-13 02:41:00,54.0
2022-08-13 02:42:00,56.0
2022-08-13 02:43:00,54.0
2022-08-13 02:44:00,54.0
2022-08-13 02:45:00,52.0
2022-08-13 02:46:00,54.0
2022-08-13 02:47:00,54.0
2022-08-13 02:48:00,52.0
2022-08-13 02:49:00,54.0
2022-08-13 02:50:00,53.0
2022-08-13 02:51:00,52.0
2022-08-13 02:52:00,51.0
2022-08-13 02:53:00,51.0
2022-08-13 02:54:00,54.0
2022-08-13 02:55:00,52.0
2022-08-13 02:56:00,52.0
2022-08-13 02:57:00,52.0
2022-08-13 02:58:00,55.0
2022-08-13 02:59:00,50.0
2022-08-13 03:00:00,52.0
2022-08-13 03:01:00,54.0
2022-08-13 03:02:00,54.0
2022-08-13 03:03:00,50.0
2022-08-13 03:04:00,50.0
2022-08-13 03:05:00,52.0
2022-08-13 03:06:00,49.0
2022-08-13 03:07:00,50.0
2022-08-13 03:08:00,50.0
2022-08-13 03:09:00,50.0
2022-08-13 03:10:00,49.0
2022-08-13 03:11:00,50.0
2022-08-13 03:12:00,50.0
2022-08-13 03:13:00,52.0
2022-08-13 03:14:00,52.0
2022-08-13 03:15:00,52.0
2022-08-13 03:16:00,51.0
2022-08-13 03:17:00,50.0
2022-08-13 03:18:00,54.0
2022-08-13 03:19:00,55.0
2022-08-13 03:20:00,55.0
2022-08-13 03:21:00,51.0
2022-08-13 03:22:00,53.0
2022-08-13 03:23:00,56.0
2022-08-13 03:24:00,55.0
2022-08-13 03:25:00,54.0
2022-08-13 03:26:00,56.0
2022-08-13 03:27:00,52.0
2022-08-13 03:28:00,52.0
2022-08-13 03:29:00,55.0
2022-08-13 03:30:00,54.0
2022-08-13 03:31:00,57.0
2022-08-13 03:32:00,54.0
2022-08-13 03:33:00,54.0
2022-08-13 03:34:00,52.0
2022-08-13 03:35:00,52.0
2022-08-13 03:36:00,54.0
2022-08-13 03:37:00,52.0
2022-08-13 03:38:00,53.0
2022-08-13 03:39:00,53.0
2022-08-13 03:40:00,53.0
2022-08-13 03:41:00,53.0
2022-08-13 03:42:00,54.0
2022-08-13 03:43:00,54.0
2022-08-13 03:44:00,55.0
2022-08-13 03:45:00,54.0
2022-08-13 03:46:00,53.0
2022-08-13 03:47:00,53.0
2022-08-13 03:48:00,55.0
2022-08-13 03:49:00,53.0
2022-08-13 03:50:00,51.0
2022-08-13 03:51:00,53.0
2022-08-13 03:52:00,56.0
2022-08-13 03:53:00,54.0
2022-08-13 03:54:00,55.0
2022-08-13 03:55:00,53.0
2022-08-13 03:56:00,55.0
2022-08-13 03:57:00,54.0
2022-08-13 03:58:00,54.0
2022-08-13 03:59:00,55.0
2022-08-13 04:00:00,54.0
2022-08-13 04:01:00,55.0
2022-08-13 04:02:00,55.0
2022-08-13 04:03:00,54.0
2022-08-13 04:04:00,54.0
2022-08-13 04:05:00,54.0
2022-08-13 04:06:00,54.0
2022-08-13 04:07:00,54.0
2022-08-13 04:08:00,54.0
2022-08-13 04:09:00,54.0
2022-08-13 04:10:00,57.0
2022-08-13 04:11:00,54.0
2022-08-13 04:12:00,54.0
2022-08-13 04:13:00,54.0
2022-08-13 04:14:00,50.0
2022-08-13 04:15:00,53.0
2022-08-13 04:16:00,51.0
2022-08-13 04:17:00,54.0
2022-08-13 04:18:00,53.0
2022-08-13 04:19:00,54.0
2022-08-13 04:20:00,55.0
2022-08-13 04:21:00,52.0
2022-08-13 04:22:00,55.0
2022-08-13 04:23:00,51.0
2022-08-13 04:24:00,54.0
2022-08-13 04:25:00,53.0
2022-08-13 04:26:00,54.0
2022-08-13 04:27:00,54.0
2022-08-13 04:28:00,52.0
2022-08-13 04:29:00,53.0
2022-08-13 04:30:00,52.0
2022-08-13 04:31:00,52.0
2022-08-13 04:32:00,55.0
2022-08-13 04:33:00,57.0
2022-08-13 04:34:00,53.0
2022-08-13 04:35:00,49.0
2022-08-13 04:36:00,51.0
2022-08-13 04:37:00,51.0
2022-08-13 04:38:00,54.0
2022-08-13 04:39:00,56.0
2022-08-13 04:40:00,51.0
2022-08-13 04:41:00,50.0
2022-08-13 04:42:00,53.0
2022-08-13 04:43:00,55.0
2022-08-13 04:44:00,52.0
2022-08-13 04:45:00,54.0
2022-08-13 04:46:00,53.0
2022-08-13 04:47:00,56.0
2022-08-13 04:48:00,49.0
2022-08-13 04:49:00,51.0
2022-08-13 04:50:00,52.0
2022-08-13 04:51:00,53.0
2022-08-13 04:52:00,49.0
2022-08-13 04:53:00,51.0
2022-08-13 04:54:00,52.0
2022-08-13 04:55:00,51.0
2022-08-13 04:56:00,50.0
2022-08-13 04:57:00,50.0
2022-08-13 04:58:00,54.0
2022-08-13 04:59:00,56.0
2022-08-13 05:00:00,51.0
2022-08-13 05:01:00,51.0
2022-08-13 05:02:00,55.0
2022-08-13 05:03:00,52.0
2022-08-13 05:04:00,54.0
2022-08-13 05:05:00,58.0
2022-08-13 05:06:00,56.0
2022-08-13 05:07:00,57.0
2022-08-13 05:08:00,56.0
2022-08-13 05:09:00,54.0
2022-08-13 05:10:00,54.0
2022-08-13 05:11:00,56.0
2022-08-13 05:12:00,56.0
2022-08-13 05:13:00,54.0
2022-08-13 05:14:00,55.0
2022-08-13 05:15:00,54.0
2022-08-13 05:16:00,53.0
2022-08-13 05:17:00,55.0
2022-08-13 05:18:00,52.0
2022-08-13 05:19:00,54.0
2022-08-13 05:20:00,53.0
2022-08-13 05:21:00,53.0
2022-08-13 05:22:00,57.0
2022-08-13 05:23:00,53.0
2022-08-13 05:24:00,54.0
2022-08-13 05:25:00,56.0
2022-08-13 05:26:00,54.0
2022-08-13 05:27:00,52.0
2022-08-13 05:28:00,54.0
2022-08-13 05:29:00,55.0
2022-08-13 05:30:00,55.0
2022-08-13 05:31:00,53.0
2022-08-13 05:32:00,53.0
2022-08-13 05:33:00,53.0
2022-08-13 05:34:00,54.0
2022-08-13 05:35:00,56.0
2022-08-13 05:36:00,54.0
2022-08-13 05:37:00,55.0
2022-08-13 05:38:00,58.0
2022-08-13 05:39:00,54.0
2022-08-13 05:40:00,56.0
2022-08-13 05:41:00,56.0
2022-08-13 05:42:00,54.0
2022-08-13 05:43:00,53.0
2022-08-13 05:44:00,53.0
2022-08-13 05:45:00,54.0
2022-08-13 05:46:00,55.0
2022-08-13 05:47:00,55.0
2022-08-13 05:48:00,55.0
2022-08-13 05:49:00,54.0
2022-08-13 05:50:00,56.0
2022-08-13 05:51:00,54.0
2022-08-13 05:52:00,56.0
2022-08-13 05:53:00,55.0
2022-08-13 05:54:00,54.0
2022-08-13 05:55:00,56.0
2022-08-13 05:56:00,56.0
2022-08-13 05:57:00,56.0
2022-08-13 05:58:00,56.0
2022-08-13 05:59:00,54.0
2022-08-13 06:00:00,55.0
2022-08-13 06:01:00,55.0
2022-08-13 06:02:00,57.0
2022-08-13 06:03:00,55.0
2022-08-13 06:04:00,54.0
2022-08-13 06:05:00,56.0
2022-08-13 06:06:00,54.0
2022-08-13 06:07:00,55.0
2022-08-13 06:08:00,54.0
2022-08-13 06:09:00,56.0
2022-08-13 06:10:00,56.0
2022-08-13 06:11:00,58.0
2022-08-13 06:12:00,56.0
2022-08-13 06:13:00,56.0
2022-08-13 06:14:00,58.0
2022-08-13 06:15:00,55.0
2022-08-13 06:16:00,56.0
2022-08-13 06:17:00,54.0
2022-08-13 06:18:00,56.0
2022-08-13 06:19:00,58.0
2022-08-13 06:20:00,54.0
2022-08-13 06:21:00,56.0
2022-08-13 06:22:00,52.0
2022-08-13 06:23:00,56.0
2022-08-13 06:24:00,53.0
2022-08-13 06:25:00,59.0
2022-08-13 06:26:00,54.0
2022-08-13 06:27:00,53.0
2022-08-13 06:28:00,55.0
2022-08-13 06:29:00,52.0
2022-08-13 06:30:00,56.0
2022-08-13 06:31:00,54.0
2022-08-13 06:32:00,53.0
2022-08-13 06:33:00,51.0
2022-08-13 06:34:00,56.0
2022-08-13 06:35:00,56.0
2022-08-13 06:36:00,54.0
2022-08-13 06:37:00,56.0
2022-08-13 06:38:00,54.0
2022-08-13 06:39:00,58.0
2022-08-13 06:40:00,58.0
2022-08-13 06:41:00,54.0
2022-08-13 06:42:00,57.0
2022-08-13 06:43:00,52.0
2022-08-13 06:44:00,56.0
2022-08-13 06:45:00,54.0
2022-08-13 06:46:00,54.0
2022-08-13 06:47:00,54.0
2022-08-13 06:48:00,56.0
2022-08-13 06:49:00,57.0
2022-08-13 06:50:00,52.0
2022-08-13 06:51:00,56.0
2022-08-13 06:52:00,54.0
2022-08-13 06:53:00,58.0
2022-08-13 06:54:00,56.0
2022-08-13 06:55:00,58.0
2022-08-13 06:56:00,54.0
2022-08-13 06:57:00,53.0
2022-08-13 06:58:00,55.0
2022-08-13 06:59:00,52.0
2022-08-13 07:00:00,55.0
2022-08-13 07:01:00,54.0
2022-08-13 07:02:00,54.0
2022-08-13 07:03:00,56.0
2022-08-13 07:04:00,57.0
2022-08-13 07:05:00,56.0
2022-08-13 07:06:00,50.0
2022-08-13 07:07:00,52.0
2022-08-13 07:08:00,50.0
2022-08-13 07:09:00,55.0
2022-08-13 07:10:00,53.0
2022-08-13 07:11:00,57.0
2022-08-13 07:12:00,51.0
2022-08-13 07:13:00,54.0
2022-08-13 07:14:00,52.0
2022-08-13 07:15:00,60.0
2022-08-13 07:16:00,55.0
2022-08-13 07:17:00,54.0
2022-08-13 07:18:00,58.0
2022-08-13 07:19:00,56.0
2022-08-13 07:20:00,56.0
2022-08-13 07:21:00,57.0
2022-08-13 07:22:00,58.0
2022-08-13 07:23:00,58.0
2022-08-13 07:24:00,56.0
2022-08-13 07:25:00,58.0
2022-08-13 07:26:00,56.0
2022-08-13 07:27:00,57.0
2022-08-13 07:28:00,57.0
2022-08-13 07:29:00,57.0
2022-08-13 07:30:00,54.0
2022-08-13 07:31:00,54.0
2022-08-13 07:32:00,57.0
2022-08-13 07:33:00,58.0
2022-08-13 07:34:00,53.0
2022-08-13 07:35:00,54.0
2022-08-13 07:36:00,55.0
2022-08-13 07:37:00,57.0
2022-08-13 07:38:00,64.0
2022-08-13 07:39:00,55.0
2022-08-13 07:40:00,53.0
2022-08-13 07:41:00,54.0
2022-08-13 07:42:00,57.0
2022-08-13 07:43:00,56.0
2022-08-13 07:44:00,62.0
2022-08-13 07:45:00,56.0
2022-08-13 07:46:00,58.0
2022-08-13 07:47:00,58.0
2022-08-13 07:48:00,58.0
2022-08-13 07:49:00,58.0
2022-08-13 07:50:00,57.0
2022-08-13 07:51:00,56.0
2022-08-13 07:52:00,57.0
2022-08-13 07:53:00,58.0
2022-08-13 07:54:00,58.0
2022-08-13 07:55:00,54.0
2022-08-13 07:56:00,56.0
2022-08-13 07:57:00,56.0
2022-08-13 07:58:00,56.0
2022-08-13 07:59:00,53.0
2022-08-13 08:00:00,53.0
2022-08-13 08:01:00,57.0
2022-08-13 08:02:00,55.0
2022-08-13 08:03:00,60.0
2022-08-13 08:04:00,62.0
2022-08-13 08:05:00,58.0
2022-08-13 08:06:00,58.0
2022-08-13 08:07:00,62.0
2022-08-13 08:08:00,61.0
2022-08-13 08:09:00,60.0
2022-08-13 08:10:00,61.0
2022-08-13 08:11:00,58.0
2022-08-13 08:12:00,61.0
2022-08-13 08:13:00,58.0
2022-08-13 08:14:00,61.0
2022-08-13 08:15:00,55.0
2022-08-13 08:16:00,56.0
2022-08-13 08:17:00,61.0
2022-08-13 08:18:00,58.0
2022-08-13 08:19:00,55.0
2022-08-13 08:20:00,57.0
2022-08-13 08:21:00,59.0
2022-08-13 08:22:00,57.0
2022-08-13 08:23:00,58.0
2022-08-13 08:24:00,57.0
2022-08-13 08:25:00,60.0
2022-08-13 08:26:00,62.0
2022-08-13 08:27:00,60.0
2022-08-13 08:28:00,60.0
2022-08-13 08:29:00,62.0
2022-08-13 08:30:00,60.0
2022-08-13 08:31:00,61.0
2022-08-13 08:32:00,62.0
2022-08-13 08:33:00,63.0
2022-08-13 08:34:00,60.0
2022-08-13 08:35:00,60.0
2022-08-13 08:36:00,60.0
2022-08-13 08:37:00,60.0
2022-08-13 08:38:00,56.0
2022-08-13 08:39:00,62.0
2022-08-13 08:40:00,58.0
2022-08-13 08:41:00,60.0
2022-08-13 08:42:00,60.0
2022-08-13 08:43:00,60.0
2022-08-13 08:44:00,56.0
2022-08-13 08:45:00,58.0
2022-08-13 08:46:00,61.0
2022-08-13 08:47:00,60.0
2022-08-13 08:48:00,60.0
2022-08-13 08:49:00,58.0
2022-08-13 08:50:00,58.0
2022-08-13 08:51:00,57.0
2022-08-13 08:52:00,58.0
2022-08-13 08:53:00,61.0
2022-08-13 08:54:00,62.0
2022-08-13 08:55:00,60.0
2022-08-13 08:56:00,60.0
2022-08-13 08:57:00,60.0
2022-08-13 08:58:00,62.0
2022-08-13 08:59:00,62.0
2022-08-13 09:00:00,62.0
2022-08-13 09:01:00,62.0
2022-08-13 09:02:00,61.0
2022-08-13 09:03:00,62.0
2022-08-13 09:04:00,60.0
2022-08-13 09:05:00,59.0
2022-08-13 09:06:00,58.0
2022-08-13 09:07:00,64.0
2022-08-13 09:08:00,61.0
2022-08-13 09:09:00,60.0
2022-08-13 09:10:00,60.0
2022-08-13 09:11:00,57.0
2022-08-13 09:12:00,63.0
2022-08-13 09:13:00,56.0
2022-08-13 09:14:00,58.0
2022-08-13 09:15:00,62.0
2022-08-13 09:16:00,59.0
2022-08-13 09:17:00,60.0
2022-08-13 09:18:00,58.0
2022-08-13 09:19:00,56.0
2022-08-13 09:20:00,60.0
2022-08-13 09:21:00,60.0
2022-08-13 09:22:00,60.0
2022-08-13 09:23:00,62.0
2022-08-13 09:24:00,60.0
2022-08-13 09:25:00,58.0
2022-08-13 09:26:00,59.0
2022-08-13 09:27:00,60.0
2022-08-13 09:28:00,60.0
2022-08-13 09:29:00,59.0
2022-08-13 09:30:00,59.0
2022-08-13 09:31:00,58.0
2022-08-13 09:32:00,58.0
2022-08-13 09:33:00,61.0
2022-08-13 09:34:00,60.0
2022-08-13 09:35:00,61.0
2022-08-13 09:36:00,62.0
2022-08-13 09:37:00,59.0
2022-08-13 09:38:00,60.0
2022-08-13 09:39:00,62.0
2022-08-13 09:40:00,62.0
2022-08-13 09:41:00,61.0
2022-08-13 09:42:00,62.0
2022-08-13 09:43:00,62.0
2022-08-13 09:44:00,60.0
2022-08-13 09:45:00,57.0
2022-08-13 09:46:00,62.0
2022-08-13 09:47:00,60.0
2022-08-13 09:48:00,62.0
2022-08-13 09:49:00,60.0
2022-08-13 09:50:00,60.0
2022-08-13 09:51:00,58.0
2022-08-13 09:52:00,60.0
2022-08-13 09:53:00,60.0
2022-08-13 09:54:00,61.0
2022-08-13 09:55:00,56.0
2022-08-13 09:56:00,63.0
2022-08-13 09:57:00,63.0
2022-08-13 09:58:00,62.0
2022-08-13 09:59:00,63.0
2022-08-13 10:00:00,67.0
2022-08-13 10:01:00,59.0
2022-08-13 10:02:00,57.0
2022-08-13 10:03:00,63.0
2022-08-13 10:04:00,57.0
2022-08-13 10:05:00,59.0
2022-08-13 10:06:00,58.0
2022-08-13 10:07:00,61.0
2022-08-13 10:08:00,58.0
2022-08-13 10:09:00,58.0
2022-08-13 10:10:00,65.0
2022-08-13 10:11:00,66.0
2022-08-13 10:12:00,58.0
2022-08-13 10:13:00,59.0
2022-08-13 10:14:00,57.0
2022-08-13 10:15:00,57.0
2022-08-13 10:16:00,59.0
2022-08-13 10:17:00,57.0
2022-08-13 10:18:00,56.0
2022-08-13 10:19:00,60.0
2022-08-13 10:20:00,55.0
2022-08-13 10:21:00,58.0
2022-08-13 10:22:00,59.0
2022-08-13 10:23:00,55.0
2022-08-13 10:24:00,62.0
2022-08-13 10:25:00,60.0
2022-08-13 10:26:00,62.0
2022-08-13 10:27:00,65.0
2022-08-13 10:28:00,63.0
2022-08-13 10:29:00,65.0
2022-08-13 10:30:00,63.0
2022-08-13 10:31:00,62.0
2022-08-13 10:32:00,63.0
2022-08-13 10:33:00,62.0
2022-08-13 10:34:00,63.0
2022-08-13 10:35:00,58.0
2022-08-13 10:36:00,61.0
2022-08-13 10:37:00,58.0
2022-08-13 10:38:00,59.0
2022-08-13 10:39:00,56.0
2022-08-13 10:40:00,58.0
2022-08-13 10:41:00,59.0
2022-08-13 10:42:00,65.0
2022-08-13 10:43:00,57.0
2022-08-13 10:44:00,62.0
2022-08-13 10:45:00,58.0
2022-08-13 10:46:00,60.0
2022-08-13 10:47:00,59.0
2022-08-13 10:48:00,59.0
2022-08-13 10:49:00,58.0
2022-08-13 10:50:00,61.0
2022-08-13 10:51:00,61.0
2022-08-13 10:52:00,58.0
2022-08-13 10:53:00,60.0
2022-08-13 10:54:00,60.0
2022-08-13 10:55:00,61.0
2022-08-13 10:56:00,62.0
2022-08-13 10:57:00,63.0
2022-08-13 10:58:00,62.0
2022-08-13 10:59:00,63.0
2022-08-13 11:00:00,63.0
2022-08-13 11:01:00,62.0
2022-08-13 11:02:00,62.0
2022-08-13 11:03:00,64.0
2022-08-13 11:04:00,62.0
2022-08-13 11:05:00,64.0
2022-08-13 11:06:00,65.0
2022-08-13 11:07:00,62.0
2022-08-13 11:08:00,64.0
2022-08-13 11:09:00,62.0
2022-08-13 11:10:00,61.0
2022-08-13 11:11:00,61.0
2022-08-13 11:12:00,64.0
2022-08-13 11:13:00,63.0
2022-08-13 11:14:00,60.0
2022-08-13 11:15:00,62.0
2022-08-13 11:16:00,61.0
2022-08-13 11:17:00,61.0
2022-08-13 11:18:00,62.0
2022-08-13 11:19:00,60.0
2022-08-13 11:20:00,62.0
2022-08-13 11:21:00,62.0
2022-08-13 11:22:00,61.0
2022-08-13 11:23:00,63.0
2022-08-13 11:24:00,61.0
2022-08-13 11:25:00,59.0
2022-08-13 11:26:00,62.0
2022-08-13 11:27:00,61.0
2022-08-13 11:28:00,62.0
2022-08-13 11:29:00,68.0
2022-08-13 11:30:00,64.0
2022-08-13 11:31:00,64.0
2022-08-13 11:32:00,66.0
2022-08-13 11:33:00,69.0
2022-08-13 11:34:00,64.0
2022-08-13 11:35:00,66.0
2022-08-13 11:36:00,68.0
2022-08-13 11:37:00,64.0
2022-08-13 11:38:00,64.0
2022-08-13 11:39:00,65.0
2022-08-13 11:40:00,66.0
2022-08-13 11:41:00,64.0
2022-08-13 11:42:00,65.0
2022-08-13 11:43:00,64.0
2022-08-13 11:44:00,64.0
2022-08-13 11:45:00,63.0
2022-08-13 11:46:00,62.0
2022-08-13 11:47:00,62.0
2022-08-13 11:48:00,64.0
2022-08-13 11:49:00,60.0
2022-08-13 11:50:00,61.0
2022-08-13 11:51:00,62.0
2022-08-13 11:52:00,65.0
2022-08-13 11:53:00,60.0
2022-08-13 11:54:00,60.0
2022-08-13 11:55:00,56.0
2022-08-13 11:56:00,63.0
2022-08-13 11:57:00,61.0
2022-08-13 11:58:00,64.0
2022-08-13 11:59:00,55.0
2022-08-13 12:00:00,65.0
2022-08-13 12:01:00,59.0
2022-08-13 12:02:00,63.0
2022-08-13 12:03:00,61.0
2022-08-13 12:04:00,56.0
2022-08-13 12:05:00,64.0
2022-08-13 12:06:00,66.0
2022-08-13 12:07:00,64.0
2022-08-13 12:08:00,64.0
2022-08-13 12:09:00,64.0
2022-08-13 12:10:00,64.0
2022-08-13 12:11:00,62.0
2022-08-13 12:12:00,66.0
2022-08-13 12:13:00,64.0
2022-08-13 12:14:00,65.0
2022-08-13 12:15:00,63.0
2022-08-13 12:16:00,64.0
2022-08-13 12:17:00,64.0
2022-08-13 12:18:00,64.0
2022-08-13 12:19:00,65.0
2022-08-13 12:20:00,62.0
2022-08-13 12:21:00,64.0
2022-08-13 12:22:00,63.0
2022-08-13 12:23:00,64.0
2022-08-13 12:24:00,64.0
2022-08-13 12:25:00,63.0
2022-08-13 12:26:00,62.0
2022-08-13 12:27:00,60.0
2022-08-13 12:28:00,64.0
2022-08-13 12:29:00,62.0
2022-08-13 12:30:00,64.0
2022-08-13 12:31:00,62.0
2022-08-13 12:32:00,65.0
2022-08-13 12:33:00,62.0
2022-08-13 12:34:00,60.0
2022-08-13 12:35:00,64.0
2022-08-13 12:36:00,61.0
2022-08-13 12:37:00,62.0
2022-08-13 12:38:00,63.0
2022-08-13 12:39:00,63.0
2022-08-13 12:40:00,64.0
2022-08-13 12:41:00,62.0
2022-08-13 12:42:00,62.0
2022-08-13 12:43:00,62.0
2022-08-13 12:44:00,63.0
2022-08-13 12:45:00,64.0
2022-08-13 12:46:00,64.0
2022-08-13 12:47:00,65.0
2022-08-13 12:48:00,63.0
2022-08-13 12:49:00,64.0
2022-08-13 12:50:00,64.0
2022-08-13 12:51:00,64.0
2022-08-13 12:52:00,65.0
2022-08-13 12:53:00,62.0
2022-08-13 12:54:00,62.0
2022-08-13 12:55:00,62.0
2022-08-13 12:56:00,62.0
2022-08-13 12:57:00,64.0
2022-08-13 12:58:00,64.0
2022-08-13 12:59:00,62.0
2022-08-13 13:00:00,64.0
2022-08-13 13:01:00,64.0
2022-08-13 13:02:00,62.0
2022-08-13 13:03:00,63.0
2022-08-13 13:04:00,64.0
2022-08-13 13:05:00,63.0
2022-08-13 13:06:00,63.0
2022-08-13 13:07:00,64.0
2022-08-13 13:08:00,64.0
2022-08-13 13:09:00,60.0
2022-08-13 13:10:00,61.0
2022-08-13 13:11:00,64.0
2022-08-13 13:12:00,64.0
2022-08-13 13:13:00,64.0
2022-08-13 13:14:00,64.0
2022-08-13 13:15:00,64.0
2022-08-13 13:16:00,65.0
2022-08-13 13:17:00,62.0
2022-08-13 13:18:00,61.0
2022-08-13 13:19:00,62.0
2022-08-13 13:20:00,62.0
2022-08-13 13:21:00,63.0
2022-08-13 13:22:00,64.0
2022-08-13 13:23:00,62.0
2022-08-13 13:24:00,63.0
2022-08-13 13:25:00,62.0
2022-08-13 13:26:00,65.0
2022-08-13 13:27:00,62.0
2022-08-13 13:28:00,64.0
2022-08-13 13:29:00,65.0
2022-08-13 13:30:00,65.0
2022-08-13 13:31:00,63.0
2022-08-13 13:32:00,64.0
2022-08-13 13:33:00,66.0
2022-08-13 13:34:00,64.0
2022-08-13 13:35:00,64.0
2022-08-13 13:36:00,65.0
2022-08-13 13:37:00,64.0
2022-08-13 13:38:00,67.0
2022-08-13 13:39:00,66.0
2022-08-13 13:40:00,66.0
2022-08-13 13:41:00,69.0
2022-08-13 13:42:00,65.0
2022-08-13 13:43:00,69.0
2022-08-13 13:44:00,67.0
2022-08-13 13:45:00,68.0
2022-08-13 13:46:00,68.0
2022-08-13 13:47:00,70.0
2022-08-13 13:48:00,70.0
2022-08-13 13:49:00,67.0
2022-08-13 13:50:00,61.0
2022-08-13 13:51:00,68.0
2022-08-13 13:52:00,70.0
2022-08-13 13:53:00,68.0
2022-08-13 13:54:00,64.0
2022-08-13 13:55:00,69.0
2022-08-13 13:56:00,65.0
2022-08-13 13:57:00,64.0
2022-08-13 13:58:00,67.0
2022-08-13 13:59:00,64.0
2022-08-13 14:00:00,66.0
2022-08-13 14:01:00,64.0
2022-08-13 14:02:00,64.0
2022-08-13 14:03:00,61.0
2022-08-13 14:04:00,60.0
2022-08-13 14:05:00,60.0
2022-08-13 14:06:00,65.0
2022-08-13 14:07:00,63.0
2022-08-13 14:08:00,62.0
2022-08-13 14:09:00,61.0
2022-08-13 14:10:00,64.0
2022-08-13 14:11:00,61.0
2022-08-13 14:12:00,65.0
2022-08-13 14:13:00,64.0
2022-08-13 14:14:00,62.0
2022-08-13 14:15:00,60.0
2022-08-13 14:16:00,61.0
2022-08-13 14:17:00,58.0
2022-08-13 14:18:00,59.0
2022-08-13 14:19:00,63.0
2022-08-13 14:20:00,58.0
2022-08-13 14:21:00,62.0
2022-08-13 14:22:00,65.0
2022-08-13 14:23:00,62.0
2022-08-13 14:24:00,62.0
2022-08-13 14:25:00,66.0
2022-08-13 14:26:00,62.0
2022-08-13 14:27:00,64.0
2022-08-13 14:28:00,65.0
2022-08-13 14:29:00,62.0
2022-08-13 14:30:00,65.0
2022-08-13 14:31:00,64.0
2022-08-13 14:32:00,64.0
2022-08-13 14:33:00,65.0
2022-08-13 14:34:00,64.0
2022-08-13 14:35:00,65.0
2022-08-13 14:36:00,65.0
2022-08-13 14:37:00,64.0
2022-08-13 14:38:00,63.0
2022-08-13 14:39:00,66.0
2022-08-13 14:40:00,63.0
2022-08-13 14:41:00,63.0
2022-08-13 14:42:00,62.0
2022-08-13 14:43:00,62.0
2022-08-13 14:44:00,62.0
2022-08-13 14:45:00,60.0
2022-08-13 14:46:00,59.0
2022-08-13 14:47:00,68.0
2022-08-13 14:48:00,62.0
2022-08-13 14:49:00,57.0
2022-08-13 14:50:00,66.0
2022-08-13 14:51:00,60.0
2022-08-13 14:52:00,55.0
2022-08-13 14:53:00,58.0
2022-08-13 14:54:00,64.0
2022-08-13 14:55:00,61.0
2022-08-13 14:56:00,58.0
2022-08-13 14:57:00,61.0
2022-08-13 14:58:00,58.0
2022-08-13 14:59:00,58.0
2022-08-13 15:00:00,60.0
2022-08-13 15:01:00,59.0
2022-08-13 15:02:00,58.0
2022-08-13 15:03:00,61.0
2022-08-13 15:04:00,58.0
2022-08-13 15:05:00,58.0
2022-08-13 15:06:00,59.0
2022-08-13 15:07:00,57.0
2022-08-13 15:08:00,57.0
2022-08-13 15:09:00,58.0
2022-08-13 15:10:00,61.0
2022-08-13 15:11:00,60.0
2022-08-13 15:12:00,60.0
2022-08-13 15:13:00,58.0
2022-08-13 15:14:00,57.0
2022-08-13 15:15:00,57.0
2022-08-13 15:16:00,58.0
2022-08-13 15:17:00,56.0
2022-08-13 15:18:00,58.0
2022-08-13 15:19:00,59.0
2022-08-13 15:20:00,58.0
2022-08-13 15:21:00,57.0
2022-08-13 15:22:00,60.0
2022-08-13 15:23:00,57.0
2022-08-13 15:24:00,59.0
2022-08-13 15:25:00,59.0
2022-08-13 15:26:00,61.0
2022-08-13 15:27:00,66.0
2022-08-13 15:28:00,60.0
2022-08-13 15:29:00,57.0
2022-08-13 15:30:00,70.0
2022-08-13 15:31:00,61.0
2022-08-13 15:32:00,57.0
2022-08-13 15:33:00,57.0
2022-08-13 15:34:00,61.0
2022-08-13 15:35:00,62.0
2022-08-13 15:36:00,59.0
2022-08-13 15:37:00,61.0
2022-08-13 15:38:00,61.0
2022-08-13 15:39:00,58.0
2022-08-13 15:40:00,68.0
2022-08-13 15:41:00,61.0
2022-08-13 15:42:00,63.0
2022-08-13 15:43:00,58.0
2022-08-13 15:44:00,60.0
2022-08-13 15:45:00,62.0
2022-08-13 15:46:00,66.0
2022-08-13 15:47:00,61.0
2022-08-13 15:48:00,68.0
2022-08-13 15:49:00,63.0
2022-08-13 15:50:00,63.0
2022-08-13 15:51:00,66.0
2022-08-13 15:52:00,60.0
2022-08-13 15:53:00,61.0
2022-08-13 15:54:00,63.0
2022-08-13 15:55:00,64.0
2022-08-13 15:56:00,64.0
2022-08-13 15:57:00,63.0
2022-08-13 15:58:00,63.0
2022-08-13 15:59:00,64.0
2022-08-13 16:00:00,63.0
2022-08-13 16:01:00,66.0
2022-08-13 16:02:00,64.0
2022-08-13 16:03:00,62.0
2022-08-13 16:04:00,62.0
2022-08-13 16:05:00,61.0
2022-08-13 16:06:00,59.0
2022-08-13 16:07:00,63.0
2022-08-13 16:08:00,61.0
2022-08-13 16:09:00,67.0
2022-08-13 16:10:00,60.0
2022-08-13 16:11:00,57.0
2022-08-13 16:12:00,57.0
2022-08-13 16:13:00,57.0
2022-08-13 16:14:00,59.0
2022-08-13 16:15:00,62.0
2022-08-13 16:16:00,66.0
2022-08-13 16:17:00,62.0
2022-08-13 16:18:00,63.0
2022-08-13 16:19:00,64.0
2022-08-13 16:20:00,68.0
2022-08-13 16:21:00,66.0
2022-08-13 16:22:00,64.0
2022-08-13 16:23:00,62.0
2022-08-13 16:24:00,63.0
2022-08-13 16:25:00,64.0
2022-08-13 16:26:00,62.0
2022-08-13 16:27:00,62.0
2022-08-13 16:28:00,65.0
2022-08-13 16:29:00,64.0
2022-08-13 16:30:00,66.0
2022-08-13 16:31:00,62.0
2022-08-13 16:32:00,64.0
2022-08-13 16:33:00,63.0
2022-08-13 16:34:00,60.0
2022-08-13 16:35:00,64.0
2022-08-13 16:36:00,64.0
2022-08-13 16:37:00,66.0
2022-08-13 16:38:00,63.0
2022-08-13 16:39:00,66.0
2022-08-13 16:40:00,64.0
2022-08-13 16:41:00,64.0
2022-08-13 16:42:00,63.0
2022-08-13 16:43:00,65.0
2022-08-13 16:44:00,66.0
2022-08-13 16:45:00,67.0
2022-08-13 16:46:00,66.0
2022-08-13 16:47:00,65.0
2022-08-13 16:48:00,66.0
2022-08-13 16:49:00,65.0
2022-08-13 16:50:00,64.0
2022-08-13 16:51:00,64.0
2022-08-13 16:52:00,62.0
2022-08-13 16:53:00,64.0
2022-08-13 16:54:00,62.0
2022-08-13 16:55:00,64.0
2022-08-13 16:56:00,63.0
2022-08-13 16:57:00,64.0
2022-08-13 16:58:00,62.0
2022-08-13 16:59:00,63.0
2022-08-13 17:00:00,64.0
2022-08-13 17:01:00,67.0
2022-08-13 17:02:00,63.0
2022-08-13 17:03:00,65.0
2022-08-13 17:04:00,65.0
2022-08-13 17:05:00,66.0
2022-08-13 17:06:00,62.0
2022-08-13 17:07:00,65.0
2022-08-13 17:08:00,64.0
2022-08-13 17:09:00,62.0
2022-08-13 17:10:00,63.0
2022-08-13 17:11:00,65.0
2022-08-13 17:12:00,64.0
2022-08-13 17:13:00,64.0
2022-08-13 17:14:00,64.0
2022-08-13 17:15:00,64.0
2022-08-13 17:16:00,61.0
2022-08-13 17:17:00,62.0
2022-08-13 17:18:00,63.0
2022-08-13 17:19:00,62.0
2022-08-13 17:20:00,64.0
2022-08-13 17:21:00,61.0
2022-08-13 17:22:00,62.0
2022-08-13 17:23:00,64.0
2022-08-13 17:24:00,58.0
2022-08-13 17:25:00,59.0
2022-08-13 17:26:00,57.0
2022-08-13 17:27:00,57.0
2022-08-13 17:28:00,60.0
2022-08-13 17:29:00,63.0
2022-08-13 17:30:00,57.0
2022-08-13 17:31:00,57.0
2022-08-13 17:32:00,58.0
2022-08-13 17:33:00,59.0
2022-08-13 17:34:00,63.0
2022-08-13 17:35:00,59.0
2022-08-13 17:36:00,57.0
2022-08-13 17:37:00,59.0
2022-08-13 17:38:00,59.0
2022-08-13 17:39:00,59.0
2022-08-13 17:40:00,62.0
2022-08-13 17:41:00,57.0
2022-08-13 17:42:00,60.0
2022-08-13 17:43:00,56.0
2022-08-13 17:44:00,60.0
2022-08-13 17:45:00,63.0
2022-08-13 17:46:00,62.0
2022-08-13 17:47:00,63.0
2022-08-13 17:48:00,63.0
2022-08-13 17:49:00,60.0
2022-08-13 17:50:00,63.0
2022-08-13 17:51:00,63.0
2022-08-13 17:52:00,62.0
2022-08-13 17:53:00,62.0
2022-08-13 17:54:00,63.0
2022-08-13 17:55:00,64.0
2022-08-13 17:56:00,63.0
2022-08-13 17:57:00,64.0
2022-08-13 17:58:00,64.0
2022-08-13 17:59:00,64.0
2022-08-13 18:00:00,66.0
2022-08-13 18:01:00,68.0
2022-08-13 18:02:00,66.0
2022-08-13 18:03:00,64.0
2022-08-13 18:04:00,63.0
2022-08-13 18:05:00,57.0
2022-08-13 18:06:00,58.0
2022-08-13 18:07:00,56.0
2022-08-13 18:08:00,57.0
2022-08-13 18:09:00,58.0
2022-08-13 18:10:00,56.0
2022-08-13 18:11:00,56.0
2022-08-13 18:12:00,59.0
2022-08-13 18:13:00,59.0
2022-08-13 18:14:00,57.0
2022-08-13 18:15:00,62.0
2022-08-13 18:16:00,61.0
2022-08-13 18:17:00,63.0
2022-08-13 18:18:00,60.0
2022-08-13 18:19:00,60.0
2022-08-13 18:20:00,63.0
2022-08-13 18:21:00,62.0
2022-08-13 18:22:00,62.0
2022-08-13 18:23:00,61.0
2022-08-13 18:24:00,60.0
2022-08-13 18:25:00,60.0
2022-08-13 18:26:00,62.0
2022-08-13 18:27:00,63.0
2022-08-13 18:28:00,63.0
2022-08-13 18:29:00,67.0
2022-08-13 18:30:00,66.0
2022-08-13 18:31:00,63.0
2022-08-13 18:32:00,66.0
2022-08-13 18:33:00,64.0
2022-08-13 18:34:00,64.0
2022-08-13 18:35:00,63.0
2022-08-13 18:36:00,61.0
2022-08-13 18:37:00,60.0
2022-08-13 18:38:00,61.0
2022-08-13 18:39:00,61.0
2022-08-13 18:40:00,60.0
2022-08-13 18:41:00,62.0
2022-08-13 18:42:00,61.0
2022-08-13 18:43:00,63.0
2022-08-13 18:44:00,60.0
2022-08-13 18:45:00,62.0
2022-08-13 18:46:00,62.0
2022-08-13 18:47:00,62.0
2022-08-13 18:48:00,63.0
2022-08-13 18:49:00,62.0
2022-08-13 18:50:00,60.0
2022-08-13 18:51:00,62.0
2022-08-13 18:52:00,58.0
2022-08-13 18:53:00,58.0
2022-08-13 18:54:00,62.0
2022-08-13 18:55:00,60.0
2022-08-13 18:56:00,59.0
2022-08-13 18:57:00,62.0
2022-08-13 18:58:00,56.0
2022-08-13 18:59:00,56.0
2022-08-13 19:00:00,59.0
2022-08-13 19:01:00,64.0
2022-08-13 19:02:00,61.0
2022-08-13 19:03:00,61.0
2022-08-13 19:04:00,60.0
2022-08-13 19:05:00,58.0
2022-08-13 19:06:00,60.0
2022-08-13 19:07:00,62.0
2022-08-13 19:08:00,66.0
2022-08-13 19:09:00,60.0
2022-08-13 19:10:00,61.0
2022-08-13 19:11:00,64.0
2022-08-13 19:12:00,58.0
2022-08-13 19:13:00,60.0
2022-08-13 19:14:00,60.0
2022-08-13 19:15:00,53.0
2022-08-13 19:16:00,57.0
2022-08-13 19:17:00,61.0
2022-08-13 19:18:00,60.0
2022-08-13 19:19:00,57.0
2022-08-13 19:20:00,59.0
2022-08-13 19:21:00,56.0
2022-08-13 19:22:00,54.0
2022-08-13 19:23:00,60.0
2022-08-13 19:24:00,59.0
2022-08-13 19:25:00,61.0
2022-08-13 19:26:00,55.0
2022-08-13 19:27:00,54.0
2022-08-13 19:28:00,54.0
2022-08-13 19:29:00,57.0
2022-08-13 19:30:00,60.0
2022-08-13 19:31:00,63.0
2022-08-13 19:32:00,59.0
2022-08-13 19:33:00,55.0
2022-08-13 19:34:00,58.0
2022-08-13 19:35:00,56.0
2022-08-13 19:36:00,63.0
2022-08-13 19:37:00,57.0
2022-08-13 19:38:00,59.0
2022-08-13 19:39:00,56.0
2022-08-13 19:40:00,58.0
2022-08-13 19:41:00,55.0
2022-08-13 19:42:00,56.0
2022-08-13 19:43:00,55.0
2022-08-13 19:44:00,59.0
2022-08-13 19:45:00,58.0
2022-08-13 19:46:00,58.0
2022-08-13 19:47:00,58.0
2022-08-13 19:48:00,60.0
2022-08-13 19:49:00,60.0
2022-08-13 19:50:00,59.0
2022-08-13 19:51:00,56.0
2022-08-13 19:52:00,58.0
2022-08-13 19:53:00,58.0
2022-08-13 19:54:00,59.0
2022-08-13 19:55:00,59.0
2022-08-13 19:56:00,59.0
2022-08-13 19:57:00,59.0
2022-08-13 19:58:00,56.0
2022-08-13 19:59:00,57.0
2022-08-13 20:00:00,58.0
2022-08-13 20:01:00,58.0
2022-08-13 20:02:00,60.0
2022-08-13 20:03:00,59.0
2022-08-13 20:04:00,61.0
2022-08-13 20:05:00,59.0
2022-08-13 20:06:00,58.0
2022-08-13 20:07:00,55.0
2022-08-13 20:08:00,53.0
2022-08-13 20:09:00,56.0
2022-08-13 20:10:00,55.0
2022-08-13 20:11:00,58.0
2022-08-13 20:12:00,58.0
2022-08-13 20:13:00,56.0
2022-08-13 20:14:00,55.0
2022-08-13 20:15:00,55.0
2022-08-13 20:16:00,56.0
2022-08-13 20:17:00,57.0
2022-08-13 20:18:00,60.0
2022-08-13 20:19:00,60.0
2022-08-13 20:20:00,56.0
2022-08-13 20:21:00,56.0
2022-08-13 20:22:00,54.0
2022-08-13 20:23:00,58.0
2022-08-13 20:24:00,57.0
2022-08-13 20:25:00,62.0
2022-08-13 20:26:00,58.0
2022-08-13 20:27:00,61.0
2022-08-13 20:28:00,60.0
2022-08-13 20:29:00,60.0
2022-08-13 20:30:00,60.0
2022-08-13 20:31:00,57.0
2022-08-13 20:32:00,56.0
2022-08-13 20:33:00,55.0
2022-08-13 20:34:00,60.0
2022-08-13 20:35:00,59.0
2022-08-13 20:36:00,60.0
2022-08-13 20:37:00,58.0
2022-08-13 20:38:00,60.0
2022-08-13 20:39:00,59.0
2022-08-13 20:40:00,56.0
2022-08-13 20:41:00,59.0
2022-08-13 20:42:00,62.0
2022-08-13 20:43:00,56.0
2022-08-13 20:44:00,58.0
2022-08-13 20:45:00,59.0
2022-08-13 20:46:00,58.0
2022-08-13 20:47:00,58.0
2022-08-13 20:48:00,60.0
2022-08-13 20:49:00,58.0
2022-08-13 20:50:00,58.0
2022-08-13 20:51:00,62.0
2022-08-13 20:52:00,62.0
2022-08-13 20:53:00,59.0
2022-08-13 20:54:00,61.0
2022-08-13 20:55:00,62.0
2022-08-13 20:56:00,60.0
2022-08-13 20:57:00,60.0
2022-08-13 20:58:00,58.0
2022-08-13 20:59:00,61.0
2022-08-13 21:00:00,59.0
2022-08-13 21:01:00,60.0
2022-08-13 21:02:00,60.0
2022-08-13 21:03:00,61.0
2022-08-13 21:04:00,58.0
2022-08-13 21:05:00,56.0
2022-08-13 21:06:00,61.0
2022-08-13 21:07:00,58.0
2022-08-13 21:08:00,58.0
2022-08-13 21:09:00,57.0
2022-08-13 21:10:00,59.0
2022-08-13 21:11:00,58.0
2022-08-13 21:12:00,57.0
2022-08-13 21:13:00,55.0
2022-08-13 21:14:00,58.0
2022-08-13 21:15:00,59.0
2022-08-13 21:16:00,61.0
2022-08-13 21:17:00,60.0
2022-08-13 21:18:00,56.0
2022-08-13 21:19:00,58.0
2022-08-13 21:20:00,56.0
2022-08-13 21:21:00,57.0
2022-08-13 21:22:00,57.0
2022-08-13 21:23:00,55.0
2022-08-13 21:24:00,56.0
2022-08-13 21:25:00,57.0
2022-08-13 21:26:00,55.0
2022-08-13 21:27:00,57.0
2022-08-13 21:28:00,58.0
2022-08-13 21:29:00,55.0
2022-08-13 21:30:00,60.0
2022-08-13 21:31:00,56.0
2022-08-13 21:32:00,54.0
2022-08-13 21:33:00,55.0
2022-08-13 21:34:00,58.0
2022-08-13 21:35:00,59.0
2022-08-13 21:36:00,60.0
2022-08-13 21:37:00,56.0
2022-08-13 21:38:00,57.0
2022-08-13 21:39:00,56.0
2022-08-13 21:40:00,58.0
2022-08-13 21:41:00,60.0
2022-08-13 21:42:00,60.0
2022-08-13 21:43:00,58.0
2022-08-13 21:44:00,57.0
2022-08-13 21:45:00,58.0
2022-08-13 21:46:00,58.0
2022-08-13 21:47:00,58.0
2022-08-13 21:48:00,59.0
2022-08-13 21:49:00,55.0
2022-08-13 21:50:00,55.0
2022-08-13 21:51:00,55.0
2022-08-13 21:52:00,56.0
2022-08-13 21:53:00,59.0
2022-08-13 21:54:00,57.0
2022-08-13 21:55:00,56.0
2022-08-13 21:56:00,56.0
2022-08-13 21:57:00,55.0
2022-08-13 21:58:00,60.0
2022-08-13 21:59:00,58.0
2022-08-13 22:00:00,58.0
2022-08-13 22:01:00,58.0
2022-08-13 22:02:00,58.0
2022-08-13 22:03:00,59.0
2022-08-13 22:04:00,59.0
2022-08-13 22:05:00,60.0
2022-08-13 22:06:00,60.0
2022-08-13 22:07:00,60.0
2022-08-13 22:08:00,58.0
2022-08-13 22:09:00,54.0
2022-08-13 22:10:00,51.0
2022-08-13 22:11:00,54.0
2022-08-13 22:12:00,56.0
2022-08-13 22:13:00,56.0
2022-08-13 22:14:00,58.0
2022-08-13 22:15:00,56.0
2022-08-13 22:16:00,53.0
2022-08-13 22:17:00,58.0
2022-08-13 22:18:00,54.0
2022-08-13 22:19:00,59.0
2022-08-13 22:20:00,57.0
2022-08-13 22:21:00,58.0
2022-08-13 22:22:00,58.0
2022-08-13 22:23:00,61.0
2022-08-13 22:24:00,59.0
2022-08-13 22:25:00,62.0
2022-08-13 22:26:00,59.0
2022-08-13 22:27:00,57.0
2022-08-13 22:28:00,60.0
2022-08-13 22:29:00,62.0
2022-08-13 22:30:00,60.0
2022-08-13 22:31:00,59.0
2022-08-13 22:32:00,58.0
2022-08-13 22:33:00,56.0
2022-08-13 22:34:00,58.0
2022-08-13 22:35:00,60.0
2022-08-13 22:36:00,60.0
2022-08-13 22:37:00,58.0
2022-08-13 22:38:00,56.0
2022-08-13 22:39:00,58.0
2022-08-13 22:40:00,57.0
2022-08-13 22:41:00,58.0
2022-08-13 22:42:00,58.0
2022-08-13 22:43:00,56.0
2022-08-13 22:44:00,55.0
2022-08-13 22:45:00,56.0
2022-08-13 22:46:00,55.0
2022-08-13 22:47:00,56.0
2022-08-13 22:48:00,58.0
2022-08-13 22:49:00,56.0
2022-08-13 22:50:00,56.0
2022-08-13 22:51:00,56.0
2022-08-13 22:52:00,56.0
2022-08-13 22:53:00,56.0
2022-08-13 22:54:00,56.0
2022-08-13 22:55:00,58.0
2022-08-13 22:56:00,60.0
2022-08-13 22:57:00,60.0
2022-08-13 22:58:00,60.0
2022-08-13 22:59:00,60.0
2022-08-13 23:00:00,58.0
2022-08-13 23:01:00,58.0
2022-08-13 23:02:00,58.0
2022-08-13 23:03:00,58.0
2022-08-13 23:04:00,60.0
2022-08-13 23:05:00,60.0
2022-08-13 23:06:00,57.0
2022-08-13 23:07:00,58.0
2022-08-13 23:08:00,58.0
2022-08-13 23:09:00,58.0
2022-08-13 23:10:00,57.0
2022-08-13 23:11:00,59.0
2022-08-13 23:12:00,58.0
2022-08-13 23:13:00,58.0
2022-08-13 23:14:00,58.0
2022-08-13 23:15:00,59.0
2022-08-13 23:16:00,58.0
2022-08-13 23:17:00,58.0
2022-08-13 23:18:00,60.0
2022-08-13 23:19:00,58.0
2022-08-13 23:20:00,60.0
2022-08-13 23:21:00,60.0
2022-08-13 23:22:00,58.0
2022-08-13 23:23:00,59.0
2022-08-13 23:24:00,58.0
2022-08-13 23:25:00,58.0
2022-08-13 23:26:00,58.0
2022-08-13 23:27:00,58.0
2022-08-13 23:28:00,59.0
2022-08-13 23:29:00,58.0
2022-08-13 23:30:00,58.0
2022-08-13 23:31:00,58.0
2022-08-13 23:32:00,58.0
2022-08-13 23:33:00,57.0
2022-08-13 23:34:00,57.0
2022-08-13 23:35:00,59.0
2022-08-13 23:36:00,59.0
2022-08-13 23:37:00,58.0
2022-08-13 23:38:00,58.0
2022-08-13 23:39:00,59.0
2022-08-13 23:40:00,56.0
2022-08-13 23:41:00,58.0
2022-08-13 23:42:00,57.0
2022-08-13 23:43:00,58.0
2022-08-13 23:44:00,56.0
2022-08-13 23:45:00,57.0
2022-08-13 23:46:00,58.0
2022-08-13 23:47:00,57.0
2022-08-13 23:48:00,56.0
2022-08-13 23:49:00,56.0
2022-08-13 23:50:00,56.0
2022-08-13 23:51:00,57.0
2022-08-13 23:52:00,58.0
2022-08-13 23:53:00,56.0
2022-08-13 23:54:00,56.0
2022-08-13 23:55:00,57.0
2022-08-13 23:56:00,56.0
2022-08-13 23:57:00,56.0
2022-08-13 23:58:00,57.0
2022-08-13 23:59:00,58.0
2022-08-14 00:00:00,56.0
2022-08-14 00:01:00,58.0
2022-08-14 00:02:00,57.0
2022-08-14 00:03:00,56.0
2022-08-14 00:04:00,56.0
2022-08-14 00:05:00,58.0
2022-08-14 00:06:00,56.0
2022-08-14 00:07:00,57.0
2022-08-14 00:08:00,56.0
2022-08-14 00:09:00,56.0
2022-08-14 00:10:00,55.0
2022-08-14 00:11:00,57.0
2022-08-14 00:12:00,56.0
2022-08-14 00:13:00,56.0
2022-08-14 00:14:00,54.0
2022-08-14 00:15:00,56.0
2022-08-14 00:16:00,57.0
2022-08-14 00:17:00,54.0
2022-08-14 00:18:00,56.0
2022-08-14 00:19:00,56.0
2022-08-14 00:20:00,54.0
2022-08-14 00:21:00,55.0
2022-08-14 00:22:00,57.0
2022-08-14 00:23:00,56.0
2022-08-14 00:24:00,56.0
2022-08-14 00:25:00,54.0
2022-08-14 00:26:00,58.0
2022-08-14 00:27:00,55.0
2022-08-14 00:28:00,56.0
2022-08-14 00:29:00,56.0
2022-08-14 00:30:00,52.0
2022-08-14 00:31:00,54.0
2022-08-14 00:32:00,53.0
2022-08-14 00:33:00,52.0
2022-08-14 00:34:00,50.0
2022-08-14 00:35:00,53.0
2022-08-14 00:36:00,52.0
2022-08-14 00:37:00,53.0
2022-08-14 00:38:00,55.0
2022-08-14 00:39:00,52.0
2022-08-14 00:40:00,54.0
2022-08-14 00:41:00,54.0
2022-08-14 00:42:00,54.0
2022-08-14 00:43:00,52.0
2022-08-14 00:44:00,56.0
2022-08-14 00:45:00,54.0
2022-08-14 00:46:00,54.0
2022-08-14 00:47:00,56.0
2022-08-14 00:48:00,56.0
2022-08-14 00:49:00,56.0
2022-08-14 00:50:00,58.0
2022-08-14 00:51:00,58.0
2022-08-14 00:52:00,58.0
2022-08-14 00:53:00,56.0
2022-08-14 00:54:00,55.0
2022-08-14 00:55:00,56.0
2022-08-14 00:56:00,56.0
2022-08-14 00:57:00,54.0
2022-08-14 00:58:00,54.0
2022-08-14 00:59:00,54.0
2022-08-14 01:00:00,54.0
2022-08-14 01:01:00,56.0
2022-08-14 01:02:00,53.0
2022-08-14 01:03:00,53.0
2022-08-14 01:04:00,56.0
2022-08-14 01:05:00,54.0
2022-08-14 01:06:00,56.0
2022-08-14 01:07:00,56.0
2022-08-14 01:08:00,53.0
2022-08-14 01:09:00,52.0
2022-08-14 01:10:00,53.0
2022-08-14 01:11:00,52.0
2022-08-14 01:12:00,56.0
2022-08-14 01:13:00,52.0
2022-08-14 01:14:00,54.0
2022-08-14 01:15:00,54.0
2022-08-14 01:16:00,54.0
2022-08-14 01:17:00,54.0
2022-08-14 01:18:00,54.0
2022-08-14 01:19:00,56.0
2022-08-14 01:20:00,53.0
2022-08-14 01:21:00,54.0
2022-08-14 01:22:00,54.0
2022-08-14 01:23:00,56.0
2022-08-14 01:24:00,56.0
2022-08-14 01:25:00,54.0
2022-08-14 01:26:00,54.0
2022-08-14 01:27:00,54.0
2022-08-14 01:28:00,58.0
2022-08-14 01:29:00,56.0
2022-08-14 01:30:00,54.0
2022-08-14 01:31:00,54.0
2022-08-14 01:32:00,56.0
2022-08-14 01:33:00,56.0
2022-08-14 01:34:00,55.0
2022-08-14 01:35:00,54.0
2022-08-14 01:36:00,52.0
2022-08-14 01:37:00,52.0
2022-08-14 01:38:00,54.0
2022-08-14 01:39:00,52.0
2022-08-14 01:40:00,52.0
2022-08-14 01:41:00,54.0
2022-08-14 01:42:00,52.0
2022-08-14 01:43:00,50.0
2022-08-14 01:44:00,50.0
2022-08-14 01:45:00,53.0
2022-08-14 01:46:00,50.0
2022-08-14 01:47:00,52.0
2022-08-14 01:48:00,52.0
2022-08-14 01:49:00,50.0
2022-08-14 01:50:00,52.0
2022-08-14 01:51:00,52.0
2022-08-14 01:52:00,52.0
2022-08-14 01:53:00,54.0
2022-08-14 01:54:00,55.0
2022-08-14 01:55:00,52.0
2022-08-14 01:56:00,54.0
2022-08-14 01:57:00,55.0
2022-08-14 01:58:00,53.0
2022-08-14 01:59:00,52.0
2022-08-14 02:00:00,54.0
2022-08-14 02:01:00,53.0
2022-08-14 02:02:00,53.0
2022-08-14 02:03:00,54.0
2022-08-14 02:04:00,54.0
2022-08-14 02:05:00,54.0
2022-08-14 02:06:00,52.0
2022-08-14 02:07:00,52.0
2022-08-14 02:08:00,52.0
2022-08-14 02:09:00,52.0
2022-08-14 02:10:00,53.0
2022-08-14 02:11:00,54.0
2022-08-14 02:12:00,53.0
2022-08-14 02:13:00,52.0
2022-08-14 02:14:00,52.0
2022-08-14 02:15:00,52.0
2022-08-14 02:16:00,52.0
2022-08-14 02:17:00,50.0
2022-08-14 02:18:00,51.0
2022-08-14 02:19:00,53.0
2022-08-14 02:20:00,52.0
2022-08-14 02:21:00,52.0
2022-08-14 02:22:00,52.0
2022-08-14 02:23:00,52.0
2022-08-14 02:24:00,51.0
2022-08-14 02:25:00,54.0
2022-08-14 02:26:00,54.0
2022-08-14 02:27:00,52.0
2022-08-14 02:28:00,52.0
2022-08-14 02:29:00,52.0
2022-08-14 02:30:00,52.0
2022-08-14 02:31:00,52.0
2022-08-14 02:32:00,52.0
2022-08-14 02:33:00,52.0
2022-08-14 02:34:00,50.0
2022-08-14 02:35:00,52.0
2022-08-14 02:36:00,50.0
2022-08-14 02:37:00,50.0
2022-08-14 02:38:00,51.0
2022-08-14 02:39:00,54.0
2022-08-14 02:40:00,54.0
2022-08-14 02:41:00,54.0
2022-08-14 02:42:00,54.0
2022-08-14 02:43:00,54.0
2022-08-14 02:44:00,54.0
2022-08-14 02:45:00,52.0
2022-08-14 02:46:00,52.0
2022-08-14 02:47:00,53.0
2022-08-14 02:48:00,52.0
2022-08-14 02:49:00,52.0
2022-08-14 02:50:00,53.0
2022-08-14 02:51:00,52.0
2022-08-14 02:52:00,52.0
2022-08-14 02:53:00,52.0
2022-08-14 02:54:00,56.0
2022-08-14 02:55:00,52.0
2022-08-14 02:56:00,52.0
2022-08-14 02:57:00,51.0
2022-08-14 02:58:00,55.0
2022-08-14 02:59:00,50.0
2022-08-14 03:00:00,52.0
2022-08-14 03:01:00,54.0
2022-08-14 03:02:00,52.0
2022-08-14 03:03:00,51.0
2022-08-14 03:04:00,51.0
2022-08-14 03:05:00,52.0
2022-08-14 03:06:00,49.0
2022-08-14 03:07:00,50.0
2022-08-14 03:08:00,50.0
2022-08-14 03:09:00,50.0
2022-08-14 03:10:00,49.0
2022-08-14 03:11:00,50.0
2022-08-14 03:12:00,50.0
2022-08-14 03:13:00,52.0
2022-08-14 03:14:00,51.0
2022-08-14 03:15:00,52.0
2022-08-14 03:16:00,51.0
2022-08-14 03:17:00,50.0
2022-08-14 03:18:00,53.0
2022-08-14 03:19:00,52.0
2022-08-14 03:20:00,52.0
2022-08-14 03:21:00,52.0
2022-08-14 03:22:00,54.0
2022-08-14 03:23:00,54.0
2022-08-14 03:24:00,54.0
2022-08-14 03:25:00,52.0
2022-08-14 03:26:00,55.0
2022-08-14 03:27:00,54.0
2022-08-14 03:28:00,54.0
2022-08-14 03:29:00,55.0
2022-08-14 03:30:00,50.0
2022-08-14 03:31:00,48.0
2022-08-14 03:32:00,50.0
2022-08-14 03:33:00,52.0
2022-08-14 03:34:00,54.0
2022-08-14 03:35:00,54.0
2022-08-14 03:36:00,52.0
2022-08-14 03:37:00,57.0
2022-08-14 03:38:00,52.0
2022-08-14 03:39:00,53.0
2022-08-14 03:40:00,51.0
2022-08-14 03:41:00,52.0
2022-08-14 03:42:00,52.0
2022-08-14 03:43:00,54.0
2022-08-14 03:44:00,55.0
2022-08-14 03:45:00,55.0
2022-08-14 03:46:00,53.0
2022-08-14 03:47:00,51.0
2022-08-14 03:48:00,54.0
2022-08-14 03:49:00,54.0
2022-08-14 03:50:00,54.0
2022-08-14 03:51:00,56.0
2022-08-14 03:52:00,55.0
2022-08-14 03:53:00,58.0
2022-08-14 03:54:00,56.0
2022-08-14 03:55:00,54.0
2022-08-14 03:56:00,56.0
2022-08-14 03:57:00,55.0
2022-08-14 03:58:00,54.0
2022-08-14 03:59:00,54.0
2022-08-14 04:00:00,54.0
2022-08-14 04:01:00,54.0
2022-08-14 04:02:00,55.0
2022-08-14 04:03:00,54.0
2022-08-14 04:04:00,56.0
2022-08-14 04:05:00,56.0
2022-08-14 04:06:00,54.0
2022-08-14 04:07:00,54.0
2022-08-14 04:08:00,54.0
2022-08-14 04:09:00,55.0
2022-08-14 04:10:00,55.0
2022-08-14 04:11:00,51.0
2022-08-14 04:12:00,56.0
2022-08-14 04:13:00,55.0
2022-08-14 04:14:00,59.0
2022-08-14 04:15:00,61.0
2022-08-14 04:16:00,55.0
2022-08-14 04:17:00,55.0
2022-08-14 04:18:00,59.0
2022-08-14 04:19:00,53.0
2022-08-14 04:20:00,52.0
2022-08-14 04:21:00,55.0
2022-08-14 04:22:00,54.0
2022-08-14 04:23:00,54.0
2022-08-14 04:24:00,57.0
2022-08-14 04:25:00,54.0
2022-08-14 04:26:00,51.0
2022-08-14 04:27:00,53.0
2022-08-14 04:28:00,55.0
2022-08-14 04:29:00,49.0
2022-08-14 04:30:00,56.0
2022-08-14 04:31:00,56.0
2022-08-14 04:32:00,58.0
2022-08-14 04:33:00,58.0
2022-08-14 04:34:00,57.0
2022-08-14 04:35:00,56.0
2022-08-14 04:36:00,57.0
2022-08-14 04:37:00,56.0
2022-08-14 04:38:00,53.0
2022-08-14 04:39:00,57.0
2022-08-14 04:40:00,55.0
2022-08-14 04:41:00,56.0
2022-08-14 04:42:00,57.0
2022-08-14 04:43:00,56.0
2022-08-14 04:44:00,53.0
2022-08-14 04:45:00,54.0
2022-08-14 04:46:00,54.0
2022-08-14 04:47:00,52.0
2022-08-14 04:48:00,52.0
2022-08-14 04:49:00,53.0
2022-08-14 04:50:00,54.0
2022-08-14 04:51:00,56.0
2022-08-14 04:52:00,57.0
2022-08-14 04:53:00,54.0
2022-08-14 04:54:00,54.0
2022-08-14 04:55:00,54.0
2022-08-14 04:56:00,58.0
2022-08-14 04:57:00,56.0
2022-08-14 04:58:00,56.0
2022-08-14 04:59:00,57.0
2022-08-14 05:00:00,56.0
2022-08-14 05:01:00,54.0
2022-08-14 05:02:00,56.0
2022-08-14 05:03:00,54.0
2022-08-14 05:04:00,57.0
2022-08-14 05:05:00,58.0
2022-08-14 05:06:00,56.0
2022-08-14 05:07:00,57.0
2022-08-14 05:08:00,56.0
2022-08-14 05:09:00,50.0
2022-08-14 05:10:00,53.0
2022-08-14 05:11:00,52.0
2022-08-14 05:12:00,48.0
2022-08-14 05:13:00,51.0
2022-08-14 05:14:00,51.0
2022-08-14 05:15:00,54.0
2022-08-14 05:16:00,59.0
2022-08-14 05:17:00,54.0
2022-08-14 05:18:00,52.0
2022-08-14 05:19:00,54.0
2022-08-14 05:20:00,56.0
2022-08-14 05:21:00,54.0
2022-08-14 05:22:00,57.0
2022-08-14 05:23:00,54.0
2022-08-14 05:24:00,56.0
2022-08-14 05:25:00,56.0
2022-08-14 05:26:00,54.0
2022-08-14 05:27:00,52.0
2022-08-14 05:28:00,55.0
2022-08-14 05:29:00,54.0
2022-08-14 05:30:00,52.0
2022-08-14 05:31:00,52.0
2022-08-14 05:32:00,51.0
2022-08-14 05:33:00,54.0
2022-08-14 05:34:00,53.0
2022-08-14 05:35:00,54.0
2022-08-14 05:36:00,54.0
2022-08-14 05:37:00,52.0
2022-08-14 05:38:00,58.0
2022-08-14 05:39:00,54.0
2022-08-14 05:40:00,51.0
2022-08-14 05:41:00,53.0
2022-08-14 05:42:00,57.0
2022-08-14 05:43:00,52.0
2022-08-14 05:44:00,54.0
2022-08-14 05:45:00,54.0
2022-08-14 05:46:00,55.0
2022-08-14 05:47:00,56.0
2022-08-14 05:48:00,53.0
2022-08-14 05:49:00,50.0
2022-08-14 05:50:00,53.0
2022-08-14 05:51:00,56.0
2022-08-14 05:52:00,52.0
2022-08-14 05:53:00,52.0
2022-08-14 05:54:00,53.0
2022-08-14 05:55:00,54.0
2022-08-14 05:56:00,53.0
2022-08-14 05:57:00,52.0
2022-08-14 05:58:00,50.0
2022-08-14 05:59:00,54.0
2022-08-14 06:00:00,56.0
2022-08-14 06:01:00,55.0
2022-08-14 06:02:00,57.0
2022-08-14 06:03:00,55.0
2022-08-14 06:04:00,54.0
2022-08-14 06:05:00,56.0
2022-08-14 06:06:00,54.0
2022-08-14 06:07:00,55.0
2022-08-14 06:08:00,54.0
2022-08-14 06:09:00,50.0
2022-08-14 06:10:00,51.0
2022-08-14 06:11:00,54.0
2022-08-14 06:12:00,52.0
2022-08-14 06:13:00,51.0
2022-08-14 06:14:00,51.0
2022-08-14 06:15:00,51.0
2022-08-14 06:16:00,56.0
2022-08-14 06:17:00,53.0
2022-08-14 06:18:00,56.0
2022-08-14 06:19:00,48.0
2022-08-14 06:20:00,49.0
2022-08-14 06:21:00,52.0
2022-08-14 06:22:00,50.0
2022-08-14 06:23:00,53.0
2022-08-14 06:24:00,54.0
2022-08-14 06:25:00,52.0
2022-08-14 06:26:00,50.0
2022-08-14 06:27:00,54.0
2022-08-14 06:28:00,49.0
2022-08-14 06:29:00,52.0
2022-08-14 06:30:00,54.0
2022-08-14 06:31:00,54.0
2022-08-14 06:32:00,54.0
2022-08-14 06:33:00,58.0
2022-08-14 06:34:00,56.0
2022-08-14 06:35:00,58.0
2022-08-14 06:36:00,56.0
2022-08-14 06:37:00,58.0
2022-08-14 06:38:00,58.0
2022-08-14 06:39:00,58.0
2022-08-14 06:40:00,58.0
2022-08-14 06:41:00,60.0
2022-08-14 06:42:00,58.0
2022-08-14 06:43:00,56.0
2022-08-14 06:44:00,58.0
2022-08-14 06:45:00,56.0
2022-08-14 06:46:00,56.0
2022-08-14 06:47:00,58.0
2022-08-14 06:48:00,56.0
2022-08-14 06:49:00,56.0
2022-08-14 06:50:00,54.0
2022-08-14 06:51:00,52.0
2022-08-14 06:52:00,52.0
2022-08-14 06:53:00,56.0
2022-08-14 06:54:00,57.0
2022-08-14 06:55:00,56.0
2022-08-14 06:56:00,50.0
2022-08-14 06:57:00,53.0
2022-08-14 06:58:00,50.0
2022-08-14 06:59:00,57.0
2022-08-14 07:00:00,58.0
2022-08-14 07:01:00,58.0
2022-08-14 07:02:00,57.0
2022-08-14 07:03:00,57.0
2022-08-14 07:04:00,57.0
2022-08-14 07:05:00,57.0
2022-08-14 07:06:00,58.0
2022-08-14 07:07:00,58.0
2022-08-14 07:08:00,58.0
2022-08-14 07:09:00,58.0
2022-08-14 07:10:00,55.0
2022-08-14 07:11:00,58.0
2022-08-14 07:12:00,58.0
2022-08-14 07:13:00,59.0
2022-08-14 07:14:00,58.0
2022-08-14 07:15:00,60.0
2022-08-14 07:16:00,57.0
2022-08-14 07:17:00,56.0
2022-08-14 07:18:00,58.0
2022-08-14 07:19:00,56.0
2022-08-14 07:20:00,54.0
2022-08-14 07:21:00,58.0
2022-08-14 07:22:00,56.0
2022-08-14 07:23:00,58.0
2022-08-14 07:24:00,60.0
2022-08-14 07:25:00,60.0
2022-08-14 07:26:00,62.0
2022-08-14 07:27:00,58.0
2022-08-14 07:28:00,60.0
2022-08-14 07:29:00,61.0
2022-08-14 07:30:00,60.0
2022-08-14 07:31:00,58.0
2022-08-14 07:32:00,60.0
2022-08-14 07:33:00,62.0
2022-08-14 07:34:00,60.0
2022-08-14 07:35:00,60.0
2022-08-14 07:36:00,61.0
2022-08-14 07:37:00,60.0
2022-08-14 07:38:00,62.0
2022-08-14 07:39:00,62.0
2022-08-14 07:40:00,52.0
2022-08-14 07:41:00,57.0
2022-08-14 07:42:00,54.0
2022-08-14 07:43:00,57.0
2022-08-14 07:44:00,50.0
2022-08-14 07:45:00,55.0
2022-08-14 07:46:00,59.0
2022-08-14 07:47:00,55.0
2022-08-14 07:48:00,58.0
2022-08-14 07:49:00,53.0
2022-08-14 07:50:00,56.0
2022-08-14 07:51:00,53.0
2022-08-14 07:52:00,55.0
2022-08-14 07:53:00,55.0
2022-08-14 07:54:00,56.0
2022-08-14 07:55:00,55.0
2022-08-14 07:56:00,58.0
2022-08-14 07:57:00,54.0
2022-08-14 07:58:00,53.0
2022-08-14 07:59:00,60.0
2022-08-14 08:00:00,58.0
2022-08-14 08:01:00,60.0
2022-08-14 08:02:00,60.0
2022-08-14 08:03:00,62.0
2022-08-14 08:04:00,64.0
2022-08-14 08:05:00,60.0
2022-08-14 08:06:00,61.0
2022-08-14 08:07:00,62.0
2022-08-14 08:08:00,62.0
2022-08-14 08:09:00,52.0
2022-08-14 08:10:00,54.0
2022-08-14 08:11:00,49.0
2022-08-14 08:12:00,51.0
2022-08-14 08:13:00,55.0
2022-08-14 08:14:00,54.0
2022-08-14 08:15:00,55.0
2022-08-14 08:16:00,61.0
2022-08-14 08:17:00,54.0
2022-08-14 08:18:00,56.0
2022-08-14 08:19:00,58.0
2022-08-14 08:20:00,62.0
2022-08-14 08:21:00,62.0
2022-08-14 08:22:00,58.0
2022-08-14 08:23:00,60.0
2022-08-14 08:24:00,59.0
2022-08-14 08:25:00,60.0
2022-08-14 08:26:00,56.0
2022-08-14 08:27:00,60.0
2022-08-14 08:28:00,58.0
2022-08-14 08:29:00,59.0
2022-08-14 08:30:00,60.0
2022-08-14 08:31:00,58.0
2022-08-14 08:32:00,58.0
2022-08-14 08:33:00,62.0
2022-08-14 08:34:00,61.0
2022-08-14 08:35:00,57.0
2022-08-14 08:36:00,61.0
2022-08-14 08:37:00,60.0
2022-08-14 08:38:00,60.0
2022-08-14 08:39:00,62.0
2022-08-14 08:40:00,60.0
2022-08-14 08:41:00,61.0
2022-08-14 08:42:00,62.0
2022-08-14 08:43:00,60.0
2022-08-14 08:44:00,62.0
2022-08-14 08:45:00,60.0
2022-08-14 08:46:00,62.0
2022-08-14 08:47:00,62.0
2022-08-14 08:48:00,62.0
2022-08-14 08:49:00,61.0
2022-08-14 08:50:00,62.0
2022-08-14 08:51:00,58.0
2022-08-14 08:52:00,59.0
2022-08-14 08:53:00,58.0
2022-08-14 08:54:00,58.0
2022-08-14 08:55:00,58.0
2022-08-14 08:56:00,60.0
2022-08-14 08:57:00,59.0
2022-08-14 08:58:00,60.0
2022-08-14 08:59:00,60.0
2022-08-14 09:00:00,59.0
2022-08-14 09:01:00,62.0
2022-08-14 09:02:00,61.0
2022-08-14 09:03:00,62.0
2022-08-14 09:04:00,60.0
2022-08-14 09:05:00,62.0
2022-08-14 09:06:00,62.0
2022-08-14 09:07:00,63.0
2022-08-14 09:08:00,62.0
2022-08-14 09:09:00,62.0
2022-08-14 09:10:00,62.0
2022-08-14 09:11:00,60.0
2022-08-14 09:12:00,63.0
2022-08-14 09:13:00,62.0
2022-08-14 09:14:00,61.0
2022-08-14 09:15:00,61.0
2022-08-14 09:16:00,59.0
2022-08-14 09:17:00,62.0
2022-08-14 09:18:00,62.0
2022-08-14 09:19:00,61.0
2022-08-14 09:20:00,58.0
2022-08-14 09:21:00,59.0
2022-08-14 09:22:00,57.0
2022-08-14 09:23:00,56.0
2022-08-14 09:24:00,56.0
2022-08-14 09:25:00,57.0
2022-08-14 09:26:00,59.0
2022-08-14 09:27:00,58.0
2022-08-14 09:28:00,56.0
2022-08-14 09:29:00,57.0
2022-08-14 09:30:00,62.0
2022-08-14 09:31:00,60.0
2022-08-14 09:32:00,61.0
2022-08-14 09:33:00,61.0
2022-08-14 09:34:00,56.0
2022-08-14 09:35:00,59.0
2022-08-14 09:36:00,60.0
2022-08-14 09:37:00,59.0
2022-08-14 09:38:00,62.0
2022-08-14 09:39:00,62.0
2022-08-14 09:40:00,60.0
2022-08-14 09:41:00,59.0
2022-08-14 09:42:00,60.0
2022-08-14 09:43:00,62.0
2022-08-14 09:44:00,60.0
2022-08-14 09:45:00,60.0
2022-08-14 09:46:00,63.0
2022-08-14 09:47:00,60.0
2022-08-14 09:48:00,60.0
2022-08-14 09:49:00,60.0
2022-08-14 09:50:00,61.0
2022-08-14 09:51:00,60.0
2022-08-14 09:52:00,62.0
2022-08-14 09:53:00,62.0
2022-08-14 09:54:00,59.0
2022-08-14 09:55:00,58.0
2022-08-14 09:56:00,60.0
2022-08-14 09:57:00,64.0
2022-08-14 09:58:00,64.0
2022-08-14 09:59:00,61.0
2022-08-14 10:00:00,61.0
2022-08-14 10:01:00,58.0
2022-08-14 10:02:00,62.0
2022-08-14 10:03:00,62.0
2022-08-14 10:04:00,60.0
2022-08-14 10:05:00,60.0
2022-08-14 10:06:00,62.0
2022-08-14 10:07:00,62.0
2022-08-14 10:08:00,60.0
2022-08-14 10:09:00,62.0
2022-08-14 10:10:00,61.0
2022-08-14 10:11:00,62.0
2022-08-14 10:12:00,60.0
2022-08-14 10:13:00,60.0
2022-08-14 10:14:00,61.0
2022-08-14 10:15:00,60.0
2022-08-14 10:16:00,58.0
2022-08-14 10:17:00,58.0
2022-08-14 10:18:00,62.0
2022-08-14 10:19:00,63.0
2022-08-14 10:20:00,61.0
2022-08-14 10:21:00,62.0
2022-08-14 10:22:00,60.0
2022-08-14 10:23:00,62.0
2022-08-14 10:24:00,62.0
2022-08-14 10:25:00,60.0
2022-08-14 10:26:00,62.0
2022-08-14 10:27:00,65.0
2022-08-14 10:28:00,63.0
2022-08-14 10:29:00,65.0
2022-08-14 10:30:00,63.0
2022-08-14 10:31:00,62.0
2022-08-14 10:32:00,63.0
2022-08-14 10:33:00,62.0
2022-08-14 10:34:00,61.0
2022-08-14 10:35:00,62.0
2022-08-14 10:36:00,62.0
2022-08-14 10:37:00,61.0
2022-08-14 10:38:00,63.0
2022-08-14 10:39:00,62.0
2022-08-14 10:40:00,60.0
2022-08-14 10:41:00,62.0
2022-08-14 10:42:00,65.0
2022-08-14 10:43:00,62.0
2022-08-14 10:44:00,62.0
2022-08-14 10:45:00,62.0
2022-08-14 10:46:00,62.0
2022-08-14 10:47:00,60.0
2022-08-14 10:48:00,61.0
2022-08-14 10:49:00,62.0
2022-08-14 10:50:00,60.0
2022-08-14 10:51:00,62.0
2022-08-14 10:52:00,61.0
2022-08-14 10:53:00,62.0
2022-08-14 10:54:00,62.0
2022-08-14 10:55:00,61.0
2022-08-14 10:56:00,62.0
2022-08-14 10:57:00,63.0
2022-08-14 10:58:00,62.0
2022-08-14 10:59:00,63.0
2022-08-14 11:00:00,63.0
2022-08-14 11:01:00,62.0
2022-08-14 11:02:00,62.0
2022-08-14 11:03:00,64.0
2022-08-14 11:04:00,62.0
2022-08-14 11:05:00,64.0
2022-08-14 11:06:00,65.0
2022-08-14 11:07:00,62.0
2022-08-14 11:08:00,64.0
2022-08-14 11:09:00,62.0
2022-08-14 11:10:00,61.0
2022-08-14 11:11:00,61.0
2022-08-14 11:12:00,64.0
2022-08-14 11:13:00,63.0
2022-08-14 11:14:00,60.0
2022-08-14 11:15:00,62.0
2022-08-14 11:16:00,61.0
2022-08-14 11:17:00,61.0
2022-08-14 11:18:00,62.0
2022-08-14 11:19:00,60.0
2022-08-14 11:20:00,62.0
2022-08-14 11:21:00,62.0
2022-08-14 11:22:00,61.0
2022-08-14 11:23:00,63.0
2022-08-14 11:24:00,61.0
2022-08-14 11:25:00,61.0
2022-08-14 11:26:00,63.0
2022-08-14 11:27:00,62.0
2022-08-14 11:28:00,62.0
2022-08-14 11:29:00,64.0
2022-08-14 11:30:00,64.0
2022-08-14 11:31:00,66.0
2022-08-14 11:32:00,64.0
2022-08-14 11:33:00,66.0
2022-08-14 11:34:00,64.0
2022-08-14 11:35:00,66.0
2022-08-14 11:36:00,68.0
2022-08-14 11:37:00,64.0
2022-08-14 11:38:00,64.0
2022-08-14 11:39:00,65.0
2022-08-14 11:40:00,66.0
2022-08-14 11:41:00,64.0
2022-08-14 11:42:00,65.0
2022-08-14 11:43:00,64.0
2022-08-14 11:44:00,64.0
2022-08-14 11:45:00,64.0
2022-08-14 11:46:00,64.0
2022-08-14 11:47:00,64.0
2022-08-14 11:48:00,64.0
2022-08-14 11:49:00,62.0
2022-08-14 11:50:00,62.0
2022-08-14 11:51:00,62.0
2022-08-14 11:52:00,62.0
2022-08-14 11:53:00,60.0
2022-08-14 11:54:00,60.0
2022-08-14 11:55:00,60.0
2022-08-14 11:56:00,62.0
2022-08-14 11:57:00,64.0
2022-08-14 11:58:00,62.0
2022-08-14 11:59:00,62.0
2022-08-14 12:00:00,64.0
2022-08-14 12:01:00,62.0
2022-08-14 12:02:00,62.0
2022-08-14 12:03:00,62.0
2022-08-14 12:04:00,63.0
2022-08-14 12:05:00,64.0
2022-08-14 12:06:00,66.0
2022-08-14 12:07:00,64.0
2022-08-14 12:08:00,64.0
2022-08-14 12:09:00,64.0
2022-08-14 12:10:00,64.0
2022-08-14 12:11:00,62.0
2022-08-14 12:12:00,66.0
2022-08-14 12:13:00,64.0
2022-08-14 12:14:00,65.0
2022-08-14 12:15:00,63.0
2022-08-14 12:16:00,64.0
2022-08-14 12:17:00,64.0
2022-08-14 12:18:00,64.0
2022-08-14 12:19:00,65.0
2022-08-14 12:20:00,60.0
2022-08-14 12:21:00,60.0
2022-08-14 12:22:00,60.0
2022-08-14 12:23:00,57.0
2022-08-14 12:24:00,57.0
2022-08-14 12:25:00,58.0
2022-08-14 12:26:00,60.0
2022-08-14 12:27:00,62.0
2022-08-14 12:28:00,61.0
2022-08-14 12:29:00,58.0
2022-08-14 12:30:00,64.0
2022-08-14 12:31:00,62.0
2022-08-14 12:32:00,64.0
2022-08-14 12:33:00,62.0
2022-08-14 12:34:00,62.0
2022-08-14 12:35:00,64.0
2022-08-14 12:36:00,62.0
2022-08-14 12:37:00,63.0
2022-08-14 12:38:00,64.0
2022-08-14 12:39:00,63.0
2022-08-14 12:40:00,64.0
2022-08-14 12:41:00,62.0
2022-08-14 12:42:00,63.0
2022-08-14 12:43:00,64.0
2022-08-14 12:44:00,63.0
2022-08-14 12:45:00,64.0
2022-08-14 12:46:00,64.0
2022-08-14 12:47:00,65.0
2022-08-14 12:48:00,63.0
2022-08-14 12:49:00,64.0
2022-08-14 12:50:00,56.0
2022-08-14 12:51:00,57.0
2022-08-14 12:52:00,55.0
2022-08-14 12:53:00,59.0
2022-08-14 12:54:00,62.0
2022-08-14 12:55:00,59.0
2022-08-14 12:56:00,57.0
2022-08-14 12:57:00,58.0
2022-08-14 12:58:00,58.0
2022-08-14 12:59:00,69.0
2022-08-14 13:00:00,64.0
2022-08-14 13:01:00,65.0
2022-08-14 13:02:00,60.0
2022-08-14 13:03:00,63.0
2022-08-14 13:04:00,64.0
2022-08-14 13:05:00,64.0
2022-08-14 13:06:00,65.0
2022-08-14 13:07:00,66.0
2022-08-14 13:08:00,63.0
2022-08-14 13:09:00,59.0
2022-08-14 13:10:00,59.0
2022-08-14 13:11:00,55.0
2022-08-14 13:12:00,64.0
2022-08-14 13:13:00,62.0
2022-08-14 13:14:00,61.0
2022-08-14 13:15:00,64.0
2022-08-14 13:16:00,57.0
2022-08-14 13:17:00,55.0
2022-08-14 13:18:00,56.0
2022-08-14 13:19:00,58.0
2022-08-14 13:20:00,60.0
2022-08-14 13:21:00,64.0
2022-08-14 13:22:00,60.0
2022-08-14 13:23:00,58.0
2022-08-14 13:24:00,62.0
2022-08-14 13:25:00,62.0
2022-08-14 13:26:00,66.0
2022-08-14 13:27:00,62.0
2022-08-14 13:28:00,62.0
2022-08-14 13:29:00,62.0
2022-08-14 13:30:00,64.0
2022-08-14 13:31:00,62.0
2022-08-14 13:32:00,66.0
2022-08-14 13:33:00,65.0
2022-08-14 13:34:00,64.0
2022-08-14 13:35:00,64.0
2022-08-14 13:36:00,63.0
2022-08-14 13:37:00,64.0
2022-08-14 13:38:00,64.0
2022-08-14 13:39:00,66.0
2022-08-14 13:40:00,64.0
2022-08-14 13:41:00,69.0
2022-08-14 13:42:00,65.0
2022-08-14 13:43:00,69.0
2022-08-14 13:44:00,67.0
2022-08-14 13:45:00,68.0
2022-08-14 13:46:00,68.0
2022-08-14 13:47:00,70.0
2022-08-14 13:48:00,70.0
2022-08-14 13:49:00,67.0
2022-08-14 13:50:00,61.0
2022-08-14 13:51:00,66.0
2022-08-14 13:52:00,70.0
2022-08-14 13:53:00,68.0
2022-08-14 13:54:00,68.0
2022-08-14 13:55:00,70.0
2022-08-14 13:56:00,66.0
2022-08-14 13:57:00,64.0
2022-08-14 13:58:00,67.0
2022-08-14 13:59:00,62.0
2022-08-14 14:00:00,64.0
2022-08-14 14:01:00,64.0
2022-08-14 14:02:00,64.0
2022-08-14 14:03:00,61.0
2022-08-14 14:04:00,60.0
2022-08-14 14:05:00,60.0
2022-08-14 14:06:00,65.0
2022-08-14 14:07:00,63.0
2022-08-14 14:08:00,62.0
2022-08-14 14:09:00,61.0
2022-08-14 14:10:00,62.0
2022-08-14 14:11:00,60.0
2022-08-14 14:12:00,66.0
2022-08-14 14:13:00,64.0
2022-08-14 14:14:00,60.0
2022-08-14 14:15:00,60.0
2022-08-14 14:16:00,62.0
2022-08-14 14:17:00,60.0
2022-08-14 14:18:00,64.0
2022-08-14 14:19:00,64.0
2022-08-14 14:20:00,60.0
2022-08-14 14:21:00,59.0
2022-08-14 14:22:00,61.0
2022-08-14 14:23:00,62.0
2022-08-14 14:24:00,57.0
2022-08-14 14:25:00,61.0
2022-08-14 14:26:00,58.0
2022-08-14 14:27:00,62.0
2022-08-14 14:28:00,61.0
2022-08-14 14:29:00,61.0
2022-08-14 14:30:00,65.0
2022-08-14 14:31:00,66.0
2022-08-14 14:32:00,66.0
2022-08-14 14:33:00,64.0
2022-08-14 14:34:00,62.0
2022-08-14 14:35:00,60.0
2022-08-14 14:36:00,65.0
2022-08-14 14:37:00,64.0
2022-08-14 14:38:00,63.0
2022-08-14 14:39:00,66.0
2022-08-14 14:40:00,60.0
2022-08-14 14:41:00,59.0
2022-08-14 14:42:00,59.0
2022-08-14 14:43:00,55.0
2022-08-14 14:44:00,54.0
2022-08-14 14:45:00,55.0
2022-08-14 14:46:00,60.0
2022-08-14 14:47:00,62.0
2022-08-14 14:48:00,59.0
2022-08-14 14:49:00,59.0
2022-08-14 14:50:00,56.0
2022-08-14 14:51:00,57.0
2022-08-14 14:52:00,57.0
2022-08-14 14:53:00,60.0
2022-08-14 14:54:00,61.0
2022-08-14 14:55:00,61.0
2022-08-14 14:56:00,55.0
2022-08-14 14:57:00,56.0
2022-08-14 14:58:00,56.0
2022-08-14 14:59:00,56.0
2022-08-14 15:00:00,62.0
2022-08-14 15:01:00,64.0
2022-08-14 15:02:00,62.0
2022-08-14 15:03:00,64.0
2022-08-14 15:04:00,64.0
2022-08-14 15:05:00,62.0
2022-08-14 15:06:00,64.0
2022-08-14 15:07:00,63.0
2022-08-14 15:08:00,63.0
2022-08-14 15:09:00,63.0
2022-08-14 15:10:00,64.0
2022-08-14 15:11:00,61.0
2022-08-14 15:12:00,64.0
2022-08-14 15:13:00,62.0
2022-08-14 15:14:00,62.0
2022-08-14 15:15:00,62.0
2022-08-14 15:16:00,60.0
2022-08-14 15:17:00,62.0
2022-08-14 15:18:00,64.0
2022-08-14 15:19:00,64.0
2022-08-14 15:20:00,64.0
2022-08-14 15:21:00,64.0
2022-08-14 15:22:00,64.0
2022-08-14 15:23:00,62.0
2022-08-14 15:24:00,68.0
2022-08-14 15:25:00,64.0
2022-08-14 15:26:00,64.0
2022-08-14 15:27:00,67.0
2022-08-14 15:28:00,63.0
2022-08-14 15:29:00,64.0
2022-08-14 15:30:00,56.0
2022-08-14 15:31:00,57.0
2022-08-14 15:32:00,56.0
2022-08-14 15:33:00,61.0
2022-08-14 15:34:00,61.0
2022-08-14 15:35:00,59.0
2022-08-14 15:36:00,57.0
2022-08-14 15:37:00,57.0
2022-08-14 15:38:00,57.0
2022-08-14 15:39:00,57.0
2022-08-14 15:40:00,59.0
2022-08-14 15:41:00,59.0
2022-08-14 15:42:00,61.0
2022-08-14 15:43:00,61.0
2022-08-14 15:44:00,56.0
2022-08-14 15:45:00,57.0
2022-08-14 15:46:00,58.0
2022-08-14 15:47:00,60.0
2022-08-14 15:48:00,59.0
2022-08-14 15:49:00,59.0
2022-08-14 15:50:00,58.0
2022-08-14 15:51:00,53.0
2022-08-14 15:52:00,55.0
2022-08-14 15:53:00,60.0
2022-08-14 15:54:00,61.0
2022-08-14 15:55:00,61.0
2022-08-14 15:56:00,57.0
2022-08-14 15:57:00,56.0
2022-08-14 15:58:00,56.0
2022-08-14 15:59:00,59.0
2022-08-14 16:00:00,63.0
2022-08-14 16:01:00,66.0
2022-08-14 16:02:00,64.0
2022-08-14 16:03:00,62.0
2022-08-14 16:04:00,62.0
2022-08-14 16:05:00,62.0
2022-08-14 16:06:00,62.0
2022-08-14 16:07:00,62.0
2022-08-14 16:08:00,62.0
2022-08-14 16:09:00,57.0
2022-08-14 16:10:00,58.0
2022-08-14 16:11:00,59.0
2022-08-14 16:12:00,57.0
2022-08-14 16:13:00,61.0
2022-08-14 16:14:00,64.0
2022-08-14 16:15:00,59.0
2022-08-14 16:16:00,58.0
2022-08-14 16:17:00,58.0
2022-08-14 16:18:00,57.0
2022-08-14 16:19:00,55.0
2022-08-14 16:20:00,68.0
2022-08-14 16:21:00,66.0
2022-08-14 16:22:00,64.0
2022-08-14 16:23:00,62.0
2022-08-14 16:24:00,63.0
2022-08-14 16:25:00,64.0
2022-08-14 16:26:00,62.0
2022-08-14 16:27:00,62.0
2022-08-14 16:28:00,64.0
2022-08-14 16:29:00,64.0
2022-08-14 16:30:00,66.0
2022-08-14 16:31:00,63.0
2022-08-14 16:32:00,64.0
2022-08-14 16:33:00,64.0
2022-08-14 16:34:00,62.0
2022-08-14 16:35:00,64.0
2022-08-14 16:36:00,64.0
2022-08-14 16:37:00,66.0
2022-08-14 16:38:00,63.0
2022-08-14 16:39:00,66.0
2022-08-14 16:40:00,64.0
2022-08-14 16:41:00,64.0
2022-08-14 16:42:00,63.0
2022-08-14 16:43:00,65.0
2022-08-14 16:44:00,66.0
2022-08-14 16:45:00,67.0
2022-08-14 16:46:00,66.0
2022-08-14 16:47:00,65.0
2022-08-14 16:48:00,66.0
2022-08-14 16:49:00,65.0
2022-08-14 16:50:00,64.0
2022-08-14 16:51:00,64.0
2022-08-14 16:52:00,62.0
2022-08-14 16:53:00,64.0
2022-08-14 16:54:00,62.0
2022-08-14 16:55:00,64.0
2022-08-14 16:56:00,64.0
2022-08-14 16:57:00,64.0
2022-08-14 16:58:00,63.0
2022-08-14 16:59:00,66.0
2022-08-14 17:00:00,66.0
2022-08-14 17:01:00,67.0
2022-08-14 17:02:00,66.0
2022-08-14 17:03:00,66.0
2022-08-14 17:04:00,66.0
2022-08-14 17:05:00,66.0
2022-08-14 17:06:00,62.0
2022-08-14 17:07:00,65.0
2022-08-14 17:08:00,64.0
2022-08-14 17:09:00,62.0
2022-08-14 17:10:00,63.0
2022-08-14 17:11:00,65.0
2022-08-14 17:12:00,64.0
2022-08-14 17:13:00,64.0
2022-08-14 17:14:00,64.0
2022-08-14 17:15:00,64.0
2022-08-14 17:16:00,64.0
2022-08-14 17:17:00,64.0
2022-08-14 17:18:00,64.0
2022-08-14 17:19:00,62.0
2022-08-14 17:20:00,56.0
2022-08-14 17:21:00,60.0
2022-08-14 17:22:00,58.0
2022-08-14 17:23:00,60.0
2022-08-14 17:24:00,60.0
2022-08-14 17:25:00,56.0
2022-08-14 17:26:00,58.0
2022-08-14 17:27:00,61.0
2022-08-14 17:28:00,65.0
2022-08-14 17:29:00,58.0
2022-08-14 17:30:00,60.0
2022-08-14 17:31:00,60.0
2022-08-14 17:32:00,60.0
2022-08-14 17:33:00,62.0
2022-08-14 17:34:00,58.0
2022-08-14 17:35:00,58.0
2022-08-14 17:36:00,61.0
2022-08-14 17:37:00,59.0
2022-08-14 17:38:00,60.0
2022-08-14 17:39:00,59.0
2022-08-14 17:40:00,58.0
2022-08-14 17:41:00,57.0
2022-08-14 17:42:00,59.0
2022-08-14 17:43:00,59.0
2022-08-14 17:44:00,58.0
2022-08-14 17:45:00,58.0
2022-08-14 17:46:00,60.0
2022-08-14 17:47:00,59.0
2022-08-14 17:48:00,61.0
2022-08-14 17:49:00,61.0
2022-08-14 17:50:00,66.0
2022-08-14 17:51:00,64.0
2022-08-14 17:52:00,63.0
2022-08-14 17:53:00,62.0
2022-08-14 17:54:00,63.0
2022-08-14 17:55:00,64.0
2022-08-14 17:56:00,63.0
2022-08-14 17:57:00,64.0
2022-08-14 17:58:00,64.0
2022-08-14 17:59:00,64.0
2022-08-14 18:00:00,58.0
2022-08-14 18:01:00,64.0
2022-08-14 18:02:00,58.0
2022-08-14 18:03:00,59.0
2022-08-14 18:04:00,57.0
2022-08-14 18:05:00,59.0
2022-08-14 18:06:00,58.0
2022-08-14 18:07:00,58.0
2022-08-14 18:08:00,59.0
2022-08-14 18:09:00,66.0
2022-08-14 18:10:00,64.0
2022-08-14 18:11:00,63.0
2022-08-14 18:12:00,64.0
2022-08-14 18:13:00,63.0
2022-08-14 18:14:00,62.0
2022-08-14 18:15:00,62.0
2022-08-14 18:16:00,63.0
2022-08-14 18:17:00,64.0
2022-08-14 18:18:00,64.0
2022-08-14 18:19:00,61.0
2022-08-14 18:20:00,58.0
2022-08-14 18:21:00,60.0
2022-08-14 18:22:00,56.0
2022-08-14 18:23:00,57.0
2022-08-14 18:24:00,60.0
2022-08-14 18:25:00,55.0
2022-08-14 18:26:00,59.0
2022-08-14 18:27:00,60.0
2022-08-14 18:28:00,60.0
2022-08-14 18:29:00,58.0
2022-08-14 18:30:00,61.0
2022-08-14 18:31:00,57.0
2022-08-14 18:32:00,58.0
2022-08-14 18:33:00,61.0
2022-08-14 18:34:00,57.0
2022-08-14 18:35:00,59.0
2022-08-14 18:36:00,60.0
2022-08-14 18:37:00,57.0
2022-08-14 18:38:00,57.0
2022-08-14 18:39:00,61.0
2022-08-14 18:40:00,65.0
2022-08-14 18:41:00,61.0
2022-08-14 18:42:00,57.0
2022-08-14 18:43:00,58.0
2022-08-14 18:44:00,57.0
2022-08-14 18:45:00,57.0
2022-08-14 18:46:00,63.0
2022-08-14 18:47:00,57.0
2022-08-14 18:48:00,59.0
2022-08-14 18:49:00,60.0
2022-08-14 18:50:00,62.0
2022-08-14 18:51:00,62.0
2022-08-14 18:52:00,60.0
2022-08-14 18:53:00,60.0
2022-08-14 18:54:00,62.0
2022-08-14 18:55:00,62.0
2022-08-14 18:56:00,60.0
2022-08-14 18:57:00,62.0
2022-08-14 18:58:00,62.0
2022-08-14 18:59:00,60.0
2022-08-14 19:00:00,60.0
2022-08-14 19:01:00,59.0
2022-08-14 19:02:00,58.0
2022-08-14 19:03:00,56.0
2022-08-14 19:04:00,58.0
2022-08-14 19:05:00,63.0
2022-08-14 19:06:00,58.0
2022-08-14 19:07:00,58.0
2022-08-14 19:08:00,61.0
2022-08-14 19:09:00,60.0
2022-08-14 19:10:00,60.0
2022-08-14 19:11:00,65.0
2022-08-14 19:12:00,62.0
2022-08-14 19:13:00,62.0
2022-08-14 19:14:00,62.0
2022-08-14 19:15:00,62.0
2022-08-14 19:16:00,62.0
2022-08-14 19:17:00,62.0
2022-08-14 19:18:00,62.0
2022-08-14 19:19:00,60.0
2022-08-14 19:20:00,60.0
2022-08-14 19:21:00,62.0
2022-08-14 19:22:00,62.0
2022-08-14 19:23:00,60.0
2022-08-14 19:24:00,62.0
2022-08-14 19:25:00,61.0
2022-08-14 19:26:00,59.0
2022-08-14 19:27:00,63.0
2022-08-14 19:28:00,62.0
2022-08-14 19:29:00,60.0
2022-08-14 19:30:00,61.0
2022-08-14 19:31:00,58.0
2022-08-14 19:32:00,55.0
2022-08-14 19:33:00,57.0
2022-08-14 19:34:00,58.0
2022-08-14 19:35:00,58.0
2022-08-14 19:36:00,62.0
2022-08-14 19:37:00,59.0
2022-08-14 19:38:00,54.0
2022-08-14 19:39:00,59.0
2022-08-14 19:40:00,60.0
2022-08-14 19:41:00,61.0
2022-08-14 19:42:00,60.0
2022-08-14 19:43:00,60.0
2022-08-14 19:44:00,62.0
2022-08-14 19:45:00,62.0
2022-08-14 19:46:00,62.0
2022-08-14 19:47:00,60.0
2022-08-14 19:48:00,62.0
2022-08-14 19:49:00,62.0
2022-08-14 19:50:00,55.0
2022-08-14 19:51:00,58.0
2022-08-14 19:52:00,61.0
2022-08-14 19:53:00,58.0
2022-08-14 19:54:00,59.0
2022-08-14 19:55:00,60.0
2022-08-14 19:56:00,56.0
2022-08-14 19:57:00,57.0
2022-08-14 19:58:00,59.0
2022-08-14 19:59:00,56.0
2022-08-14 20:00:00,60.0
2022-08-14 20:01:00,57.0
2022-08-14 20:02:00,59.0
2022-08-14 20:03:00,62.0
2022-08-14 20:04:00,58.0
2022-08-14 20:05:00,60.0
2022-08-14 20:06:00,62.0
2022-08-14 20:07:00,58.0
2022-08-14 20:08:00,58.0
2022-08-14 20:09:00,58.0
2022-08-14 20:10:00,56.0
2022-08-14 20:11:00,59.0
2022-08-14 20:12:00,60.0
2022-08-14 20:13:00,56.0
2022-08-14 20:14:00,56.0
2022-08-14 20:15:00,59.0
2022-08-14 20:16:00,57.0
2022-08-14 20:17:00,58.0
2022-08-14 20:18:00,60.0
2022-08-14 20:19:00,58.0
2022-08-14 20:20:00,60.0
2022-08-14 20:21:00,58.0
2022-08-14 20:22:00,60.0
2022-08-14 20:23:00,60.0
2022-08-14 20:24:00,58.0
2022-08-14 20:25:00,61.0
2022-08-14 20:26:00,61.0
2022-08-14 20:27:00,62.0
2022-08-14 20:28:00,60.0
2022-08-14 20:29:00,60.0
2022-08-14 20:30:00,57.0
2022-08-14 20:31:00,55.0
2022-08-14 20:32:00,57.0
2022-08-14 20:33:00,58.0
2022-08-14 20:34:00,59.0
2022-08-14 20:35:00,57.0
2022-08-14 20:36:00,59.0
2022-08-14 20:37:00,59.0
2022-08-14 20:38:00,59.0
2022-08-14 20:39:00,59.0
2022-08-14 20:40:00,56.0
2022-08-14 20:41:00,59.0
2022-08-14 20:42:00,62.0
2022-08-14 20:43:00,56.0
2022-08-14 20:44:00,58.0
2022-08-14 20:45:00,59.0
2022-08-14 20:46:00,58.0
2022-08-14 20:47:00,58.0
2022-08-14 20:48:00,60.0
2022-08-14 20:49:00,58.0
2022-08-14 20:50:00,56.0
2022-08-14 20:51:00,59.0
2022-08-14 20:52:00,62.0
2022-08-14 20:53:00,58.0
2022-08-14 20:54:00,59.0
2022-08-14 20:55:00,62.0
2022-08-14 20:56:00,56.0
2022-08-14 20:57:00,62.0
2022-08-14 20:58:00,60.0
2022-08-14 20:59:00,57.0
2022-08-14 21:00:00,59.0
2022-08-14 21:01:00,60.0
2022-08-14 21:02:00,60.0
2022-08-14 21:03:00,61.0
2022-08-14 21:04:00,58.0
2022-08-14 21:05:00,60.0
2022-08-14 21:06:00,60.0
2022-08-14 21:07:00,58.0
2022-08-14 21:08:00,58.0
2022-08-14 21:09:00,57.0
2022-08-14 21:10:00,58.0
2022-08-14 21:11:00,58.0
2022-08-14 21:12:00,58.0
2022-08-14 21:13:00,56.0
2022-08-14 21:14:00,58.0
2022-08-14 21:15:00,58.0
2022-08-14 21:16:00,58.0
2022-08-14 21:17:00,60.0
2022-08-14 21:18:00,58.0
2022-08-14 21:19:00,57.0
2022-08-14 21:20:00,60.0
2022-08-14 21:21:00,56.0
2022-08-14 21:22:00,56.0
2022-08-14 21:23:00,58.0
2022-08-14 21:24:00,58.0
2022-08-14 21:25:00,58.0
2022-08-14 21:26:00,60.0
2022-08-14 21:27:00,58.0
2022-08-14 21:28:00,60.0
2022-08-14 21:29:00,61.0
2022-08-14 21:30:00,58.0
2022-08-14 21:31:00,59.0
2022-08-14 21:32:00,58.0
2022-08-14 21:33:00,56.0
2022-08-14 21:34:00,60.0
2022-08-14 21:35:00,58.0
2022-08-14 21:36:00,57.0
2022-08-14 21:37:00,56.0
2022-08-14 21:38:00,58.0
2022-08-14 21:39:00,62.0
2022-08-14 21:40:00,58.0
2022-08-14 21:41:00,59.0
2022-08-14 21:42:00,58.0
2022-08-14 21:43:00,58.0
2022-08-14 21:44:00,57.0
2022-08-14 21:45:00,60.0
2022-08-14 21:46:00,61.0
2022-08-14 21:47:00,59.0
2022-08-14 21:48:00,62.0
2022-08-14 21:49:00,57.0
2022-08-14 21:50:00,58.0
2022-08-14 21:51:00,61.0
2022-08-14 21:52:00,59.0
2022-08-14 21:53:00,60.0
2022-08-14 21:54:00,58.0
2022-08-14 21:55:00,60.0
2022-08-14 21:56:00,61.0
2022-08-14 21:57:00,58.0
2022-08-14 21:58:00,62.0
2022-08-14 21:59:00,56.0
2022-08-14 22:00:00,63.0
2022-08-14 22:01:00,60.0
2022-08-14 22:02:00,62.0
2022-08-14 22:03:00,60.0
2022-08-14 22:04:00,55.0
2022-08-14 22:05:00,56.0
2022-08-14 22:06:00,60.0
2022-08-14 22:07:00,59.0
2022-08-14 22:08:00,59.0
2022-08-14 22:09:00,63.0
2022-08-14 22:10:00,60.0
2022-08-14 22:11:00,57.0
2022-08-14 22:12:00,58.0
2022-08-14 22:13:00,61.0
2022-08-14 22:14:00,60.0
2022-08-14 22:15:00,59.0
2022-08-14 22:16:00,61.0
2022-08-14 22:17:00,58.0
2022-08-14 22:18:00,62.0
2022-08-14 22:19:00,59.0
2022-08-14 22:20:00,57.0
2022-08-14 22:21:00,58.0
2022-08-14 22:22:00,58.0
2022-08-14 22:23:00,61.0
2022-08-14 22:24:00,59.0
2022-08-14 22:25:00,62.0
2022-08-14 22:26:00,59.0
2022-08-14 22:27:00,57.0
2022-08-14 22:28:00,60.0
2022-08-14 22:29:00,62.0
2022-08-14 22:30:00,58.0
2022-08-14 22:31:00,55.0
2022-08-14 22:32:00,56.0
2022-08-14 22:33:00,55.0
2022-08-14 22:34:00,57.0
2022-08-14 22:35:00,63.0
2022-08-14 22:36:00,60.0
2022-08-14 22:37:00,56.0
2022-08-14 22:38:00,55.0
2022-08-14 22:39:00,58.0
2022-08-14 22:40:00,57.0
2022-08-14 22:41:00,58.0
2022-08-14 22:42:00,58.0
2022-08-14 22:43:00,56.0
2022-08-14 22:44:00,55.0
2022-08-14 22:45:00,56.0
2022-08-14 22:46:00,55.0
2022-08-14 22:47:00,56.0
2022-08-14 22:48:00,58.0
2022-08-14 22:49:00,56.0
2022-08-14 22:50:00,56.0
2022-08-14 22:51:00,56.0
2022-08-14 22:52:00,56.0
2022-08-14 22:53:00,56.0
2022-08-14 22:54:00,56.0
2022-08-14 22:55:00,58.0
2022-08-14 22:56:00,60.0
2022-08-14 22:57:00,60.0
2022-08-14 22:58:00,60.0
2022-08-14 22:59:00,60.0
2022-08-14 23:00:00,58.0
2022-08-14 23:01:00,58.0
2022-08-14 23:02:00,59.0
2022-08-14 23:03:00,58.0
2022-08-14 23:04:00,60.0
2022-08-14 23:05:00,59.0
2022-08-14 23:06:00,56.0
2022-08-14 23:07:00,56.0
2022-08-14 23:08:00,56.0
2022-08-14 23:09:00,58.0
2022-08-14 23:10:00,54.0
2022-08-14 23:11:00,55.0
2022-08-14 23:12:00,58.0
2022-08-14 23:13:00,59.0
2022-08-14 23:14:00,60.0
2022-08-14 23:15:00,60.0
2022-08-14 23:16:00,58.0
2022-08-14 23:17:00,56.0
2022-08-14 23:18:00,60.0
2022-08-14 23:19:00,55.0
2022-08-14 23:20:00,65.0
2022-08-14 23:21:00,56.0
2022-08-14 23:22:00,55.0
2022-08-14 23:23:00,56.0
2022-08-14 23:24:00,57.0
2022-08-14 23:25:00,58.0
2022-08-14 23:26:00,56.0
2022-08-14 23:27:00,56.0
2022-08-14 23:28:00,63.0
2022-08-14 23:29:00,62.0
2022-08-14 23:30:00,57.0
2022-08-14 23:31:00,55.0
2022-08-14 23:32:00,55.0
2022-08-14 23:33:00,66.0
2022-08-14 23:34:00,57.0
2022-08-14 23:35:00,61.0
2022-08-14 23:36:00,61.0
2022-08-14 23:37:00,55.0
2022-08-14 23:38:00,58.0
2022-08-14 23:39:00,61.0
2022-08-14 23:40:00,59.0
2022-08-14 23:41:00,59.0
2022-08-14 23:42:00,56.0
2022-08-14 23:43:00,62.0
2022-08-14 23:44:00,57.0
2022-08-14 23:45:00,58.0
2022-08-14 23:46:00,59.0
2022-08-14 23:47:00,60.0
2022-08-14 23:48:00,57.0
2022-08-14 23:49:00,53.0
2022-08-14 23:50:00,56.0
2022-08-14 23:51:00,62.0
2022-08-14 23:52:00,60.0
2022-08-14 23:53:00,60.0
2022-08-14 23:54:00,59.0
2022-08-14 23:55:00,60.0
2022-08-14 23:56:00,60.0
2022-08-14 23:57:00,58.0
2022-08-14 23:58:00,59.0
2022-08-14 23:59:00,62.0
